file_a,file_b,id_a,id_b,split_a,split_b,group_a,group_b,phash_distance,dhash_distance,thumbnail_MSE,cross_split,decision,reviewer,evidence
vlcsnap-00011.jpg,vlcsnap-2025-02-19-13h53m22s735.jpg,113,913,val,train,unknown_session,filename_date:2025-02-19,8,8,0.018531441688537598,True,different_scene,Codex visual review of contact_sheet_000.jpg,Different visible road/building/traffic layouts; no near-identical frame confirmed. Capture session and route identity remain unverified.
vlcsnap-2025-02-18-17h02m17s009.jpg,vlcsnap-2025-02-26-20h32m26s663.jpg,331,1668,train,test,filename_date:2025-02-18,filename_date:2025-02-26,8,20,0.02463868074119091,True,different_scene,Codex visual review of contact_sheet_000.jpg,Different visible road/building/traffic layouts; no near-identical frame confirmed. Capture session and route identity remain unverified.
vlcsnap-2025-02-18-17h06m30s085.jpg,vlcsnap-2025-02-18-17h10m25s907.jpg,407,408,train,train,filename_date:2025-02-18,filename_date:2025-02-18,0,0,1.3503087757271715e-05,False,,,
vlcsnap-2025-02-26-20h42m12s695.jpg,vlcsnap-2025-02-26-20h42m24s605.jpg,1859,1861,test,test,filename_date:2025-02-26,filename_date:2025-02-26,0,3,5.385215627029538e-05,False,,,
vlcsnap-2025-02-19-14h07m10s853.jpg,vlcsnap-2025-02-19-14h07m11s728.jpg,987,988,train,train,filename_date:2025-02-19,filename_date:2025-02-19,0,2,0.00023519268142990768,False,,,
vlcsnap-00014.jpg,vlcsnap-00016.jpg,116,118,val,val,unknown_session,unknown_session,0,0,0.00028028085944242775,False,,,
vlcsnap-00009.jpg,vlcsnap-00011.jpg,111,113,val,val,unknown_session,unknown_session,2,0,0.0003940191527362913,False,,,
vlcsnap-2025-02-19-14h05m09s849.jpg,vlcsnap-2025-02-19-14h05m11s136.jpg,977,978,train,train,filename_date:2025-02-19,filename_date:2025-02-19,2,0,0.000949427776504308,False,,,
vlcsnap-2025-02-18-23h15m48s025.jpg,vlcsnap-2025-02-18-23h15m51s021.jpg,762,764,train,train,filename_date:2025-02-18,filename_date:2025-02-18,0,5,0.0012568951351568103,False,,,
vlcsnap-2025-02-19-14h57m40s129.jpg,vlcsnap-2025-02-19-15h06m03s837.jpg,1411,1449,train,train,filename_date:2025-02-19,filename_date:2025-02-19,0,5,0.001961098052561283,False,,,
vlcsnap-2025-02-19-13h55m07s152.jpg,vlcsnap-2025-02-19-13h55m08s634.jpg,924,925,train,train,filename_date:2025-02-19,filename_date:2025-02-19,0,7,0.0029205316677689552,False,,,
vlcsnap-2025-02-19-15h03m09s050.jpg,vlcsnap-2025-02-19-15h03m11s775.jpg,1423,1424,train,train,filename_date:2025-02-19,filename_date:2025-02-19,0,9,0.0054181283339858055,False,,,
vlcsnap_2025-03-16-15h19m14s872.jpg,vlcsnap_2025-03-16-15h19m19s343.jpg,1914,1915,val,val,filename_date:2025-03-16,filename_date:2025-03-16,14,0,0.005953105632215738,False,,,
vlcsnap_2025-03-16-15h18m58s066.jpg,vlcsnap_2025-03-16-15h19m36s147.jpg,1911,1916,val,val,filename_date:2025-03-16,filename_date:2025-03-16,14,0,0.0070467758923769,False,,,
vlcsnap_2025-03-16-15h19m14s872.jpg,vlcsnap_2025-03-16-15h19m36s147.jpg,1914,1916,val,val,filename_date:2025-03-16,filename_date:2025-03-16,2,1,0.0011097495444118977,False,,,
vlcsnap-2025-02-19-14h56m50s870.jpg,vlcsnap-2025-02-19-15h05m02s468.jpg,1399,1429,train,train,filename_date:2025-02-19,filename_date:2025-02-19,4,1,0.0012337201042100787,False,,,
vlcsnap-2025-02-18-23h14m17s752.jpg,vlcsnap-2025-02-18-23h14m21s092.jpg,737,738,train,train,filename_date:2025-02-18,filename_date:2025-02-18,2,1,0.001627619261853397,False,,,
vlcsnap-2025-02-19-14h06m47s953.jpg,vlcsnap-2025-02-19-14h06m48s938.jpg,984,985,train,train,filename_date:2025-02-19,filename_date:2025-02-19,2,1,0.001766000990755856,False,,,
vlcsnap_2025-03-16-15h20m16s505.jpg,vlcsnap_2025-03-16-15h20m18s580.jpg,1919,1920,val,val,filename_date:2025-03-16,filename_date:2025-03-16,4,1,0.0018029391067102551,False,,,
vlcsnap-2025-02-19-14h07m15s238.jpg,vlcsnap-2025-02-19-14h07m17s013.jpg,989,990,train,train,filename_date:2025-02-19,filename_date:2025-02-19,4,1,0.002047543413937092,False,,,
vlcsnap-2025-02-19-14h06m28s504.jpg,vlcsnap-2025-02-19-14h06m29s598.jpg,980,981,train,train,filename_date:2025-02-19,filename_date:2025-02-19,6,1,0.0025089646223932505,False,,,
vlcsnap-2025-02-18-23h30m28s299.jpg,vlcsnap-2025-02-18-23h30m28s596.jpg,880,881,train,train,filename_date:2025-02-18,filename_date:2025-02-18,4,1,0.002965426305308938,False,,,
vlcsnap_2025-03-16-15h19m04s832.jpg,vlcsnap_2025-03-16-15h19m38s185.jpg,1913,1917,val,val,filename_date:2025-03-16,filename_date:2025-03-16,6,1,0.003523718100041151,False,,,
vlcsnap_2025-03-16-15h20m14s119.jpg,vlcsnap_2025-03-16-15h20m18s580.jpg,1918,1920,val,val,filename_date:2025-03-16,filename_date:2025-03-16,4,1,0.0037927585653960705,False,,,
vlcsnap_2025-03-16-15h19m02s496.jpg,vlcsnap_2025-03-16-15h19m04s832.jpg,1912,1913,val,val,filename_date:2025-03-16,filename_date:2025-03-16,10,1,0.00380949885584414,False,,,
vlcsnap_2025-03-16-15h15m53s196.jpg,vlcsnap_2025-03-16-15h15m56s199.jpg,1888,1889,val,val,filename_date:2025-03-16,filename_date:2025-03-16,4,1,0.004817591980099678,False,,,
vlcsnap-2025-02-19-13h53m16s389.jpg,vlcsnap-2025-02-19-13h53m18s160.jpg,910,911,train,train,filename_date:2025-02-19,filename_date:2025-02-19,4,1,0.004852647427469492,False,,,
vlcsnap_2025-03-16-15h19m19s343.jpg,vlcsnap_2025-03-16-15h20m16s505.jpg,1915,1919,val,val,filename_date:2025-03-16,filename_date:2025-03-16,6,1,0.005378947593271732,False,,,
vlcsnap_2025-03-16-15h18m58s066.jpg,vlcsnap_2025-03-16-15h19m19s343.jpg,1911,1915,val,val,filename_date:2025-03-16,filename_date:2025-03-16,12,1,0.005462649278342724,False,,,
vlcsnap_2025-03-16-15h20m14s119.jpg,vlcsnap_2025-03-16-15h20m26s297.jpg,1918,1921,val,val,filename_date:2025-03-16,filename_date:2025-03-16,6,1,0.005798871163278818,False,,,
vlcsnap_2025-03-16-15h19m19s343.jpg,vlcsnap_2025-03-16-15h19m36s147.jpg,1915,1916,val,val,filename_date:2025-03-16,filename_date:2025-03-16,16,1,0.006182103883475065,False,,,
vlcsnap_2025-03-16-15h15m43s873.jpg,vlcsnap_2025-03-16-15h15m46s340.jpg,1885,1886,val,val,filename_date:2025-03-16,filename_date:2025-03-16,6,1,0.006279215216636658,False,,,
vlcsnap_2025-03-16-15h18m58s066.jpg,vlcsnap_2025-03-16-15h19m14s872.jpg,1911,1914,val,val,filename_date:2025-03-16,filename_date:2025-03-16,14,1,0.00787267368286848,False,,,
vlcsnap_2025-03-16-15h19m38s185.jpg,vlcsnap_2025-03-16-15h20m26s297.jpg,1917,1921,val,val,filename_date:2025-03-16,filename_date:2025-03-16,16,1,0.008076641708612442,False,,,
vlcsnap-2025-02-19-14h16m01s927.jpg,vlcsnap-2025-02-19-14h16m02s772.jpg,1075,1076,train,train,filename_date:2025-02-19,filename_date:2025-02-19,4,1,0.00946912169456482,False,,,
vlcsnap_2025-03-16-15h19m14s872.jpg,vlcsnap_2025-03-16-15h20m16s505.jpg,1914,1919,val,val,filename_date:2025-03-16,filename_date:2025-03-16,14,1,0.010797563940286636,False,,,
vlcsnap_2025-03-16-15h15m48s964.jpg,vlcsnap_2025-03-16-15h18m58s066.jpg,1887,1911,val,val,filename_date:2025-03-16,filename_date:2025-03-16,24,1,0.01326349563896656,False,,,
vlcsnap_2025-03-16-15h14m02s970.jpg,vlcsnap_2025-03-16-15h19m19s343.jpg,1867,1915,val,val,filename_date:2025-03-16,filename_date:2025-03-16,24,1,0.013783921487629414,False,,,
vlcsnap_2025-03-16-15h17m09s290.jpg,vlcsnap_2025-03-16-15h19m02s496.jpg,1897,1912,val,val,filename_date:2025-03-16,filename_date:2025-03-16,22,1,0.014375701546669006,False,,,
vlcsnap_2025-03-16-15h15m07s464.jpg,vlcsnap_2025-03-16-15h17m18s760.jpg,1878,1899,val,val,filename_date:2025-03-16,filename_date:2025-03-16,18,1,0.0151417450979352,False,,,
vlcsnap-00037.jpg,vlcsnap_2025-03-16-15h15m07s464.jpg,139,1878,val,val,unknown_session,filename_date:2025-03-16,24,1,0.015169341117143631,False,,,
vlcsnap_2025-03-16-15h14m02s970.jpg,vlcsnap_2025-03-16-15h19m14s872.jpg,1867,1914,val,val,filename_date:2025-03-16,filename_date:2025-03-16,26,1,0.015607926994562149,False,,,
vlcsnap_2025-03-16-15h15m56s199.jpg,vlcsnap_2025-03-16-15h20m16s505.jpg,1889,1919,val,val,filename_date:2025-03-16,filename_date:2025-03-16,22,1,0.019984045997262,False,,,
vlcsnap_2025-03-16-15h15m48s964.jpg,vlcsnap_2025-03-16-15h19m36s147.jpg,1887,1916,val,val,filename_date:2025-03-16,filename_date:2025-03-16,32,1,0.02034943923354149,False,,,
vlcsnap_2025-03-16-15h15m41s480.jpg,vlcsnap_2025-03-16-15h20m16s505.jpg,1884,1919,val,val,filename_date:2025-03-16,filename_date:2025-03-16,22,1,0.02161106839776039,False,,,
vlcsnap_2025-03-16-15h18m34s046.jpg,vlcsnap_2025-03-16-15h18m58s066.jpg,1906,1911,val,val,filename_date:2025-03-16,filename_date:2025-03-16,12,1,0.02382715418934822,False,,,
vlcsnap_2025-03-16-15h18m34s046.jpg,vlcsnap_2025-03-16-15h19m36s147.jpg,1906,1916,val,val,filename_date:2025-03-16,filename_date:2025-03-16,20,1,0.028470005840063095,False,,,
vlcsnap-2025-02-19-14h22m32s888.jpg,vlcsnap-2025-02-19-14h22m33s748.jpg,1204,1205,train,train,filename_date:2025-02-19,filename_date:2025-02-19,2,4,0.0005103873554617167,False,,,
vlcsnap-2025-02-18-23h15m53s485.jpg,vlcsnap-2025-02-18-23h15m54s469.jpg,765,766,train,train,filename_date:2025-02-18,filename_date:2025-02-18,4,2,0.0005110881756991148,False,,,
vlcsnap-2025-02-18-23h15m49s227.jpg,vlcsnap-2025-02-18-23h15m51s021.jpg,763,764,train,train,filename_date:2025-02-18,filename_date:2025-02-18,2,4,0.0005283090868033469,False,,,
vlcsnap-2025-02-18-23h15m48s025.jpg,vlcsnap-2025-02-18-23h15m49s227.jpg,762,763,train,train,filename_date:2025-02-18,filename_date:2025-02-18,2,3,0.0008385197725147009,False,,,
vlcsnap-00058.jpg,vlcsnap-00059.jpg,159,160,val,val,unknown_session,unknown_session,2,4,0.000917949597351253,False,,,
vlcsnap-2025-02-19-14h56m56s152.jpg,vlcsnap-2025-02-19-15h05m07s275.jpg,1401,1431,train,train,filename_date:2025-02-19,filename_date:2025-02-19,4,2,0.0013682573335245252,False,,,
vlcsnap-2025-02-19-14h10m30s092.jpg,vlcsnap-2025-02-19-14h10m31s420.jpg,1000,1001,train,train,filename_date:2025-02-19,filename_date:2025-02-19,2,2,0.0014053756603971124,False,,,
vlcsnap-2025-02-19-14h57m45s556.jpg,vlcsnap-2025-02-19-15h06m12s627.jpg,1413,1452,train,train,filename_date:2025-02-19,filename_date:2025-02-19,2,4,0.0014288576785475016,False,,,
vlcsnap-2025-02-18-23h25m14s922.jpg,vlcsnap-2025-02-18-23h25m16s322.jpg,817,818,train,train,filename_date:2025-02-18,filename_date:2025-02-18,2,4,0.0014834438916295767,False,,,
vlcsnap-2025-02-19-14h09m51s764.jpg,vlcsnap-2025-02-19-14h09m52s939.jpg,997,998,train,train,filename_date:2025-02-19,filename_date:2025-02-19,2,4,0.001616605673916638,False,,,
vlcsnap-2025-02-19-14h27m02s489.jpg,vlcsnap-2025-02-19-14h27m03s552.jpg,1255,1256,train,train,filename_date:2025-02-19,filename_date:2025-02-19,2,2,0.0018348244484513998,False,,,
vlcsnap_2025-03-16-15h20m14s119.jpg,vlcsnap_2025-03-16-15h20m16s505.jpg,1918,1919,val,val,filename_date:2025-03-16,filename_date:2025-03-16,2,2,0.0018861335702240467,False,,,
vlcsnap-2025-02-18-23h12m17s725.jpg,vlcsnap-2025-02-18-23h12m19s305.jpg,711,712,train,train,filename_date:2025-02-18,filename_date:2025-02-18,2,5,0.00204560742713511,False,,,
vlcsnap-2025-02-18-23h30m28s596.jpg,vlcsnap-2025-02-18-23h30m28s793.jpg,881,882,train,train,filename_date:2025-02-18,filename_date:2025-02-18,2,3,0.0022549089044332504,False,,,
vlcsnap_2025-03-16-15h19m36s147.jpg,vlcsnap_2025-03-16-15h19m38s185.jpg,1916,1917,val,val,filename_date:2025-03-16,filename_date:2025-03-16,10,2,0.0024962418247014284,False,,,
vlcsnap-2025-02-18-23h24m36s429.jpg,vlcsnap-2025-02-18-23h24m37s734.jpg,801,802,train,train,filename_date:2025-02-18,filename_date:2025-02-18,4,2,0.00269990973174572,False,,,
vlcsnap-2025-02-18-18h33m35s972.jpg,vlcsnap-2025-02-18-18h33m37s340.jpg,519,520,train,train,filename_date:2025-02-18,filename_date:2025-02-18,2,4,0.002780207432806492,False,,,
vlcsnap-00015.jpg,vlcsnap-00016.jpg,117,118,val,val,unknown_session,unknown_session,2,3,0.002940415870398283,False,,,
vlcsnap_2025-03-16-15h19m02s496.jpg,vlcsnap_2025-03-16-15h19m38s185.jpg,1912,1917,val,val,filename_date:2025-03-16,filename_date:2025-03-16,6,2,0.003148875664919615,False,,,
vlcsnap-2025-02-18-17h06m08s662.jpg,vlcsnap-2025-02-18-17h06m09s837.jpg,398,399,train,train,filename_date:2025-02-18,filename_date:2025-02-18,2,7,0.0031761489808559418,False,,,
vlcsnap-2025-02-18-23h30m28s793.jpg,vlcsnap-2025-02-18-23h30m28s990.jpg,882,883,train,train,filename_date:2025-02-18,filename_date:2025-02-18,4,2,0.0032823048532009125,False,,,
vlcsnap-00014.jpg,vlcsnap-00015.jpg,116,117,val,val,unknown_session,unknown_session,2,3,0.0032938255462795496,False,,,
vlcsnap-2025-02-19-13h53m28s938.jpg,vlcsnap-2025-02-19-13h53m30s157.jpg,917,918,train,train,filename_date:2025-02-19,filename_date:2025-02-19,2,2,0.0033694773446768522,False,,,
vlcsnap-00013.jpg,vlcsnap-00014.jpg,115,116,val,val,unknown_session,unknown_session,2,6,0.003396717133000493,False,,,
vlcsnap-2025-02-19-14h08m40s522.jpg,vlcsnap-2025-02-19-14h08m41s845.jpg,991,992,train,train,filename_date:2025-02-19,filename_date:2025-02-19,2,4,0.003574386239051819,False,,,
vlcsnap-00013.jpg,vlcsnap-00016.jpg,115,118,val,val,unknown_session,unknown_session,2,6,0.00383428274653852,False,,,
20250223_143954.jpg,20250223_143958.jpg,76,77,test,test,filename_date:2025-02-23,filename_date:2025-02-23,2,2,0.0038585253059864044,False,,,
vlcsnap-00210.jpg,vlcsnap-00211.jpg,310,311,val,val,unknown_session,unknown_session,10,2,0.003914239350706339,False,,,
vlcsnap-2025-02-18-17h02m25s053.jpg,vlcsnap-2025-02-18-17h02m26s898.jpg,336,337,train,train,filename_date:2025-02-18,filename_date:2025-02-18,2,7,0.003923931624740362,False,,,
vlcsnap-2025-02-19-14h06m46s071.jpg,vlcsnap-2025-02-19-14h06m47s953.jpg,983,984,train,train,filename_date:2025-02-19,filename_date:2025-02-19,4,2,0.0039550564251840115,False,,,
vlcsnap_2025-03-16-15h18m58s066.jpg,vlcsnap_2025-03-16-15h19m02s496.jpg,1911,1912,val,val,filename_date:2025-03-16,filename_date:2025-03-16,8,2,0.004026970360428095,False,,,
vlcsnap_2025-03-16-15h19m02s496.jpg,vlcsnap_2025-03-16-15h19m36s147.jpg,1912,1916,val,val,filename_date:2025-03-16,filename_date:2025-03-16,8,2,0.0041776131838560104,False,,,
vlcsnap-2025-02-19-14h13m32s567.jpg,vlcsnap-2025-02-19-14h13m33s567.jpg,1027,1028,train,train,filename_date:2025-02-19,filename_date:2025-02-19,2,4,0.004367230460047722,False,,,
vlcsnap-2025-02-19-13h59m35s605.jpg,vlcsnap-2025-02-19-13h59m36s869.jpg,944,945,train,train,filename_date:2025-02-19,filename_date:2025-02-19,4,2,0.004700456280261278,False,,,
vlcsnap-2025-02-18-18h47m28s460.jpg,vlcsnap-2025-02-18-18h47m29s801.jpg,661,662,train,train,filename_date:2025-02-18,filename_date:2025-02-18,2,11,0.004782435949891806,False,,,
vlcsnap-2025-02-19-14h06m44s323.jpg,vlcsnap-2025-02-19-14h06m46s071.jpg,982,983,train,train,filename_date:2025-02-19,filename_date:2025-02-19,2,5,0.0047833966091275215,False,,,
vlcsnap-2025-02-19-14h13m43s273.jpg,vlcsnap-2025-02-19-14h13m44s278.jpg,1035,1036,train,train,filename_date:2025-02-19,filename_date:2025-02-19,6,2,0.004817718639969826,False,,,
vlcsnap-2025-02-19-14h12m00s177.jpg,vlcsnap-2025-02-19-14h12m00s934.jpg,1015,1016,train,train,filename_date:2025-02-19,filename_date:2025-02-19,6,2,0.0048614186234772205,False,,,
vlcsnap-2025-02-18-17h06m14s692.jpg,vlcsnap-2025-02-18-17h06m16s069.jpg,400,401,train,train,filename_date:2025-02-18,filename_date:2025-02-18,2,2,0.004918728489428759,False,,,
vlcsnap-2025-02-18-18h47m10s448.jpg,vlcsnap-2025-02-18-18h47m11s736.jpg,649,650,train,train,filename_date:2025-02-18,filename_date:2025-02-18,8,2,0.00546646025031805,False,,,
vlcsnap_2025-03-16-15h20m18s580.jpg,vlcsnap_2025-03-16-15h20m26s297.jpg,1920,1921,val,val,filename_date:2025-03-16,filename_date:2025-03-16,8,2,0.005596572533249855,False,,,
vlcsnap-2025-02-18-17h03m44s860.jpg,vlcsnap-2025-02-18-17h04m16s176.jpg,358,364,train,train,filename_date:2025-02-18,filename_date:2025-02-18,2,4,0.00566465500742197,False,,,
vlcsnap-2025-02-19-14h17m58s126.jpg,vlcsnap-2025-02-19-14h17m59s275.jpg,1110,1111,train,train,filename_date:2025-02-19,filename_date:2025-02-19,2,5,0.005909118801355362,False,,,
vlcsnap_2025-03-16-15h18m22s918.jpg,vlcsnap_2025-03-16-15h18m37s334.jpg,1903,1907,val,val,filename_date:2025-03-16,filename_date:2025-03-16,8,2,0.006059668958187103,False,,,
vlcsnap_2025-03-16-15h18m58s066.jpg,vlcsnap_2025-03-16-15h19m38s185.jpg,1911,1917,val,val,filename_date:2025-03-16,filename_date:2025-03-16,14,2,0.006353525910526514,False,,,
vlcsnap_2025-03-16-15h19m19s343.jpg,vlcsnap_2025-03-16-15h20m18s580.jpg,1915,1920,val,val,filename_date:2025-03-16,filename_date:2025-03-16,10,2,0.006511364597827196,False,,,
vlcsnap-2025-02-18-23h24m30s869.jpg,vlcsnap-2025-02-18-23h24m32s147.jpg,798,799,train,train,filename_date:2025-02-18,filename_date:2025-02-18,2,5,0.0065949056297540665,False,,,
vlcsnap-2025-02-18-17h03m03s515.jpg,vlcsnap-2025-02-18-17h03m05s668.jpg,349,350,train,train,filename_date:2025-02-18,filename_date:2025-02-18,2,9,0.0067598395980894566,False,,,
vlcsnap-2025-02-18-17h06m07s036.jpg,vlcsnap-2025-02-18-17h06m08s662.jpg,397,398,train,train,filename_date:2025-02-18,filename_date:2025-02-18,2,11,0.006762890610843897,False,,,
vlcsnap-2025-02-19-14h00m45s970.jpg,vlcsnap-2025-02-19-14h00m47s155.jpg,952,953,train,train,filename_date:2025-02-19,filename_date:2025-02-19,8,2,0.006818078458309174,False,,,
vlcsnap-2025-02-19-14h26m57s974.jpg,vlcsnap-2025-02-19-14h26m59s160.jpg,1253,1254,train,train,filename_date:2025-02-19,filename_date:2025-02-19,6,2,0.007741386536508799,False,,,
vlcsnap-2025-02-18-17h01m48s245.jpg,vlcsnap-2025-02-18-17h01m51s484.jpg,323,324,train,train,filename_date:2025-02-18,filename_date:2025-02-18,2,3,0.007966527715325356,False,,,
vlcsnap-2025-02-19-13h55m59s825.jpg,vlcsnap-2025-02-19-13h56m00s948.jpg,936,937,train,train,filename_date:2025-02-19,filename_date:2025-02-19,2,13,0.007985363714396954,False,,,
vlcsnap_2025-03-16-15h18m37s334.jpg,vlcsnap_2025-03-16-15h18m48s028.jpg,1907,1910,val,val,filename_date:2025-03-16,filename_date:2025-03-16,10,2,0.008004033006727695,False,,,
vlcsnap_2025-03-16-15h15m43s873.jpg,vlcsnap_2025-03-16-15h15m48s964.jpg,1885,1887,val,val,filename_date:2025-03-16,filename_date:2025-03-16,6,2,0.008056183345615864,False,,,
vlcsnap_2025-03-16-15h18m22s918.jpg,vlcsnap_2025-03-16-15h18m48s028.jpg,1903,1910,val,val,filename_date:2025-03-16,filename_date:2025-03-16,10,2,0.008487507700920105,False,,,
vlcsnap-2025-02-19-14h13m38s815.jpg,vlcsnap-2025-02-19-14h13m40s117.jpg,1032,1033,train,train,filename_date:2025-02-19,filename_date:2025-02-19,2,15,0.00854436308145523,False,,,
vlcsnap_2025-03-16-15h18m58s066.jpg,vlcsnap_2025-03-16-15h20m16s505.jpg,1911,1919,val,val,filename_date:2025-03-16,filename_date:2025-03-16,12,2,0.009064783342182636,False,,,
vlcsnap_2025-03-16-15h18m22s918.jpg,vlcsnap_2025-03-16-15h20m14s119.jpg,1903,1918,val,val,filename_date:2025-03-16,filename_date:2025-03-16,16,2,0.009253005497157574,False,,,
vlcsnap-2025-02-19-15h10m40s348.jpg,vlcsnap-2025-02-19-15h10m41s342.jpg,1498,1499,train,train,filename_date:2025-02-19,filename_date:2025-02-19,2,4,0.009312157519161701,False,,,
vlcsnap_2025-03-16-15h18m22s918.jpg,vlcsnap_2025-03-16-15h18m58s066.jpg,1903,1911,val,val,filename_date:2025-03-16,filename_date:2025-03-16,8,2,0.00941695086658001,False,,,
vlcsnap-2025-02-19-15h10m15s907.jpg,vlcsnap-2025-02-19-15h10m17s204.jpg,1489,1490,train,train,filename_date:2025-02-19,filename_date:2025-02-19,2,4,0.010064986534416676,False,,,
vlcsnap-2025-02-19-13h53m12s243.jpg,vlcsnap-2025-02-19-13h53m14s903.jpg,907,909,train,train,filename_date:2025-02-19,filename_date:2025-02-19,10,2,0.010085203684866428,False,,,
vlcsnap_2025-03-16-15h18m58s066.jpg,vlcsnap_2025-03-16-15h20m14s119.jpg,1911,1918,val,val,filename_date:2025-03-16,filename_date:2025-03-16,12,2,0.010167964734137058,False,,,
vlcsnap_2025-03-16-15h19m04s832.jpg,vlcsnap_2025-03-16-15h20m26s297.jpg,1913,1921,val,val,filename_date:2025-03-16,filename_date:2025-03-16,20,2,0.010366525501012802,False,,,
vlcsnap_2025-03-16-15h19m02s496.jpg,vlcsnap_2025-03-16-15h20m14s119.jpg,1912,1918,val,val,filename_date:2025-03-16,filename_date:2025-03-16,14,2,0.010563291609287262,False,,,
vlcsnap-2025-02-18-18h36m49s631.jpg,vlcsnap-2025-02-18-18h36m51s018.jpg,557,558,train,train,filename_date:2025-02-18,filename_date:2025-02-18,2,10,0.010697368532419205,False,,,
vlcsnap_2025-03-16-15h19m36s147.jpg,vlcsnap_2025-03-16-15h20m16s505.jpg,1916,1919,val,val,filename_date:2025-03-16,filename_date:2025-03-16,16,2,0.01087691355496645,False,,,
vlcsnap-00028.jpg,vlcsnap-00029.jpg,130,131,val,val,unknown_session,unknown_session,12,2,0.011044136248528957,False,,,
vlcsnap_2025-03-16-15h19m14s872.jpg,vlcsnap_2025-03-16-15h20m18s580.jpg,1914,1920,val,val,filename_date:2025-03-16,filename_date:2025-03-16,10,2,0.011211012490093708,False,,,
vlcsnap_2025-03-16-15h19m36s147.jpg,vlcsnap_2025-03-16-15h20m14s119.jpg,1916,1918,val,val,filename_date:2025-03-16,filename_date:2025-03-16,16,2,0.011323790065944195,False,,,
vlcsnap_2025-03-16-15h18m22s918.jpg,vlcsnap_2025-03-16-15h19m02s496.jpg,1903,1912,val,val,filename_date:2025-03-16,filename_date:2025-03-16,10,2,0.011802885681390762,False,,,
vlcsnap_2025-03-16-15h19m38s185.jpg,vlcsnap_2025-03-16-15h20m14s119.jpg,1917,1918,val,val,filename_date:2025-03-16,filename_date:2025-03-16,18,2,0.011888682842254639,False,,,
vlcsnap-2025-02-18-18h32m46s944.jpg,vlcsnap-2025-02-18-18h32m48s578.jpg,494,495,train,train,filename_date:2025-02-18,filename_date:2025-02-18,8,2,0.012549701146781445,False,,,
vlcsnap_2025-03-16-15h17m09s290.jpg,vlcsnap_2025-03-16-15h19m19s343.jpg,1897,1915,val,val,filename_date:2025-03-16,filename_date:2025-03-16,16,2,0.012702105566859245,False,,,
vlcsnap_2025-03-16-15h15m53s196.jpg,vlcsnap_2025-03-16-15h18m58s066.jpg,1888,1911,val,val,filename_date:2025-03-16,filename_date:2025-03-16,18,2,0.013591593131422997,False,,,
vlcsnap_2025-03-16-15h18m22s918.jpg,vlcsnap_2025-03-16-15h19m36s147.jpg,1903,1916,val,val,filename_date:2025-03-16,filename_date:2025-03-16,12,2,0.013797524385154247,False,,,
vlcsnap_2025-03-16-15h18m22s918.jpg,vlcsnap_2025-03-16-15h19m38s185.jpg,1903,1917,val,val,filename_date:2025-03-16,filename_date:2025-03-16,16,2,0.01405722089111805,False,,,
vlcsnap_2025-03-16-15h15m41s480.jpg,vlcsnap_2025-03-16-15h19m14s872.jpg,1884,1914,val,val,filename_date:2025-03-16,filename_date:2025-03-16,28,2,0.014258612878620625,False,,,
vlcsnap_2025-03-16-15h14m02s970.jpg,vlcsnap_2025-03-16-15h18m58s066.jpg,1867,1911,val,val,filename_date:2025-03-16,filename_date:2025-03-16,16,2,0.014385713264346123,False,,,
vlcsnap_2025-03-16-15h17m09s290.jpg,vlcsnap_2025-03-16-15h19m14s872.jpg,1897,1914,val,val,filename_date:2025-03-16,filename_date:2025-03-16,24,2,0.015038158744573593,False,,,
vlcsnap_2025-03-16-15h15m43s873.jpg,vlcsnap_2025-03-16-15h19m14s872.jpg,1885,1914,val,val,filename_date:2025-03-16,filename_date:2025-03-16,34,2,0.01557309739291668,False,,,
vlcsnap_2025-03-16-15h15m43s873.jpg,vlcsnap_2025-03-16-15h19m19s343.jpg,1885,1915,val,val,filename_date:2025-03-16,filename_date:2025-03-16,28,2,0.01580081321299076,False,,,
vlcsnap_2025-03-16-15h14m02s970.jpg,vlcsnap_2025-03-16-15h20m16s505.jpg,1867,1919,val,val,filename_date:2025-03-16,filename_date:2025-03-16,24,2,0.015849974006414413,False,,,
vlcsnap_2025-03-16-15h17m09s290.jpg,vlcsnap_2025-03-16-15h20m18s580.jpg,1897,1920,val,val,filename_date:2025-03-16,filename_date:2025-03-16,18,2,0.01595723070204258,False,,,
vlcsnap-00037.jpg,vlcsnap_2025-03-16-15h17m18s760.jpg,139,1899,val,val,unknown_session,filename_date:2025-03-16,22,2,0.015976255759596825,False,,,
vlcsnap_2025-03-16-15h15m56s199.jpg,vlcsnap_2025-03-16-15h19m19s343.jpg,1889,1915,val,val,filename_date:2025-03-16,filename_date:2025-03-16,24,2,0.01615128666162491,False,,,
vlcsnap_2025-03-16-15h15m41s480.jpg,vlcsnap_2025-03-16-15h19m19s343.jpg,1884,1915,val,val,filename_date:2025-03-16,filename_date:2025-03-16,22,2,0.01630622334778309,False,,,
vlcsnap_2025-03-16-15h15m41s480.jpg,vlcsnap_2025-03-16-15h15m56s199.jpg,1884,1889,val,val,filename_date:2025-03-16,filename_date:2025-03-16,18,2,0.01661425456404686,False,,,
vlcsnap_2025-03-16-15h14m02s970.jpg,vlcsnap_2025-03-16-15h19m36s147.jpg,1867,1916,val,val,filename_date:2025-03-16,filename_date:2025-03-16,24,2,0.016732173040509224,False,,,
vlcsnap_2025-03-16-15h17m09s290.jpg,vlcsnap_2025-03-16-15h19m04s832.jpg,1897,1913,val,val,filename_date:2025-03-16,filename_date:2025-03-16,28,2,0.01681213267147541,False,,,
vlcsnap_2025-03-16-15h15m43s873.jpg,vlcsnap_2025-03-16-15h17m09s290.jpg,1885,1897,val,val,filename_date:2025-03-16,filename_date:2025-03-16,22,2,0.017244629561901093,False,,,
vlcsnap_2025-03-16-15h15m56s199.jpg,vlcsnap_2025-03-16-15h19m14s872.jpg,1889,1914,val,val,filename_date:2025-03-16,filename_date:2025-03-16,26,2,0.017720811069011688,False,,,
vlcsnap_2025-03-16-15h17m03s874.jpg,vlcsnap_2025-03-16-15h18m48s028.jpg,1896,1910,val,val,filename_date:2025-03-16,filename_date:2025-03-16,22,2,0.01780814304947853,False,,,
vlcsnap_2025-03-16-15h15m48s964.jpg,vlcsnap_2025-03-16-15h19m19s343.jpg,1887,1915,val,val,filename_date:2025-03-16,filename_date:2025-03-16,28,2,0.017965417355298996,False,,,
vlcsnap_2025-03-16-15h15m53s196.jpg,vlcsnap_2025-03-16-15h18m22s918.jpg,1888,1903,val,val,filename_date:2025-03-16,filename_date:2025-03-16,22,2,0.01887250319123268,False,,,
vlcsnap_2025-03-16-15h15m53s196.jpg,vlcsnap_2025-03-16-15h20m16s505.jpg,1888,1919,val,val,filename_date:2025-03-16,filename_date:2025-03-16,18,2,0.019193338230252266,False,,,
vlcsnap_2025-03-16-15h18m37s334.jpg,vlcsnap_2025-03-16-15h19m38s185.jpg,1907,1917,val,val,filename_date:2025-03-16,filename_date:2025-03-16,20,2,0.019492076709866524,False,,,
vlcsnap_2025-03-16-15h15m53s196.jpg,vlcsnap_2025-03-16-15h19m36s147.jpg,1888,1916,val,val,filename_date:2025-03-16,filename_date:2025-03-16,26,2,0.01963166519999504,False,,,
vlcsnap_2025-03-16-15h15m53s196.jpg,vlcsnap_2025-03-16-15h20m14s119.jpg,1888,1918,val,val,filename_date:2025-03-16,filename_date:2025-03-16,18,2,0.02009662427008152,False,,,
vlcsnap-00032.jpg,vlcsnap-00041.jpg,134,143,val,val,unknown_session,unknown_session,16,2,0.02017207443714142,False,,,
vlcsnap_2025-03-16-15h15m56s199.jpg,vlcsnap_2025-03-16-15h20m18s580.jpg,1889,1920,val,val,filename_date:2025-03-16,filename_date:2025-03-16,22,2,0.020789815112948418,False,,,
vlcsnap-00042.jpg,vlcsnap_2025-03-16-15h19m36s147.jpg,144,1916,val,val,unknown_session,filename_date:2025-03-16,24,2,0.02112729102373123,False,,,
vlcsnap-00042.jpg,vlcsnap_2025-03-16-15h19m02s496.jpg,144,1912,val,val,unknown_session,filename_date:2025-03-16,20,2,0.021283013746142387,False,,,
vlcsnap-00042.jpg,vlcsnap_2025-03-16-15h18m58s066.jpg,144,1911,val,val,unknown_session,filename_date:2025-03-16,20,2,0.021602677181363106,False,,,
vlcsnap_2025-03-16-15h15m48s964.jpg,vlcsnap_2025-03-16-15h19m14s872.jpg,1887,1914,val,val,filename_date:2025-03-16,filename_date:2025-03-16,34,2,0.022176526486873627,False,,,
vlcsnap-00042.jpg,vlcsnap_2025-03-16-15h18m22s918.jpg,144,1903,val,val,unknown_session,filename_date:2025-03-16,22,2,0.02290917932987213,False,,,
vlcsnap-00042.jpg,vlcsnap_2025-03-16-15h20m14s119.jpg,144,1918,val,val,unknown_session,filename_date:2025-03-16,20,2,0.02319151535630226,False,,,
vlcsnap_2025-03-16-15h15m41s480.jpg,vlcsnap_2025-03-16-15h20m18s580.jpg,1884,1920,val,val,filename_date:2025-03-16,filename_date:2025-03-16,24,2,0.0232754647731781,False,,,
vlcsnap_2025-03-16-15h18m34s046.jpg,vlcsnap_2025-03-16-15h19m19s343.jpg,1906,1915,val,val,filename_date:2025-03-16,filename_date:2025-03-16,16,2,0.024055730551481247,False,,,
vlcsnap-00042.jpg,vlcsnap_2025-03-16-15h19m38s185.jpg,144,1917,val,val,unknown_session,filename_date:2025-03-16,24,2,0.024168316274881363,False,,,
vlcsnap-00032.jpg,vlcsnap_2025-03-16-15h14m02s970.jpg,134,1867,val,val,unknown_session,filename_date:2025-03-16,28,2,0.026901500299572945,False,,,
vlcsnap_2025-03-16-15h18m34s046.jpg,vlcsnap_2025-03-16-15h19m14s872.jpg,1906,1914,val,val,filename_date:2025-03-16,filename_date:2025-03-16,20,2,0.02953750640153885,False,,,
vlcsnap_2025-03-16-15h15m48s964.jpg,vlcsnap_2025-03-16-15h18m34s046.jpg,1887,1906,val,val,filename_date:2025-03-16,filename_date:2025-03-16,22,2,0.03139027580618858,False,,,
vlcsnap-2025-02-19-13h53m16s389.jpg,vlcsnap-2025-02-19-14h07m15s238.jpg,910,989,train,train,filename_date:2025-02-19,filename_date:2025-02-19,20,2,0.05749658867716789,False,,,
vlcsnap-2025-02-18-23h15m44s701.jpg,vlcsnap-2025-02-18-23h15m45s809.jpg,760,761,train,train,filename_date:2025-02-18,filename_date:2025-02-18,6,3,0.0012075884733349085,False,,,
vlcsnap-2025-02-19-14h56m59s767.jpg,vlcsnap-2025-02-19-15h05m11s436.jpg,1402,1432,train,train,filename_date:2025-02-19,filename_date:2025-02-19,6,3,0.0018549090018495917,False,,,
vlcsnap-00021.jpg,vlcsnap-00022.jpg,123,124,val,val,unknown_session,unknown_session,4,3,0.002180664800107479,False,,,
vlcsnap-2025-02-18-23h15m37s152.jpg,vlcsnap-2025-02-18-23h15m38s268.jpg,757,758,train,train,filename_date:2025-02-18,filename_date:2025-02-18,4,3,0.003194725140929222,False,,,
vlcsnap-2025-02-18-23h25m13s140.jpg,vlcsnap-2025-02-18-23h25m14s922.jpg,816,817,train,train,filename_date:2025-02-18,filename_date:2025-02-18,6,3,0.00373739842325449,False,,,
vlcsnap-2025-02-18-17h06m17s642.jpg,vlcsnap-2025-02-18-17h06m19s865.jpg,402,403,train,train,filename_date:2025-02-18,filename_date:2025-02-18,8,3,0.004101734608411789,False,,,
vlcsnap_2025-03-16-15h19m14s872.jpg,vlcsnap_2025-03-16-15h19m38s185.jpg,1914,1917,val,val,filename_date:2025-03-16,filename_date:2025-03-16,12,3,0.0045021879486739635,False,,,
vlcsnap-00031.jpg,vlcsnap-00032.jpg,133,134,val,val,unknown_session,unknown_session,8,3,0.004633054137229919,False,,,
vlcsnap-2025-02-19-14h06m46s071.jpg,vlcsnap-2025-02-19-14h06m48s938.jpg,983,985,train,train,filename_date:2025-02-19,filename_date:2025-02-19,6,3,0.004741639364510775,False,,,
vlcsnap_2025-03-16-15h19m04s832.jpg,vlcsnap_2025-03-16-15h19m36s147.jpg,1913,1916,val,val,filename_date:2025-03-16,filename_date:2025-03-16,12,3,0.004753313027322292,False,,,
vlcsnap_2025-03-16-15h20m16s505.jpg,vlcsnap_2025-03-16-15h20m26s297.jpg,1919,1921,val,val,filename_date:2025-03-16,filename_date:2025-03-16,8,3,0.005020365118980408,False,,,
vlcsnap-2025-02-18-23h25m43s507.jpg,vlcsnap-2025-02-18-23h25m44s561.jpg,819,820,train,train,filename_date:2025-02-18,filename_date:2025-02-18,6,3,0.005388980265706778,False,,,
vlcsnap_2025-03-16-15h19m02s496.jpg,vlcsnap_2025-03-16-15h19m14s872.jpg,1912,1914,val,val,filename_date:2025-03-16,filename_date:2025-03-16,10,3,0.005502838175743818,False,,,
vlcsnap-2025-02-19-14h57m26s963.jpg,vlcsnap-2025-02-19-15h05m39s456.jpg,1409,1442,train,train,filename_date:2025-02-19,filename_date:2025-02-19,4,3,0.0057594506070017815,False,,,
vlcsnap_2025-03-16-15h15m46s340.jpg,vlcsnap_2025-03-16-15h15m48s964.jpg,1886,1887,val,val,filename_date:2025-03-16,filename_date:2025-03-16,4,3,0.005948213394731283,False,,,
vlcsnap-2025-02-18-17h11m24s642.jpg,vlcsnap-2025-02-18-17h11m25s878.jpg,430,431,train,train,filename_date:2025-02-18,filename_date:2025-02-18,8,3,0.006015141494572163,False,,,
vlcsnap_2025-03-16-15h19m19s343.jpg,vlcsnap_2025-03-16-15h20m14s119.jpg,1915,1918,val,val,filename_date:2025-03-16,filename_date:2025-03-16,8,3,0.00605746591463685,False,,,
vlcsnap-2025-02-18-18h46m26s105.jpg,vlcsnap-2025-02-18-18h46m29s004.jpg,622,624,train,train,filename_date:2025-02-18,filename_date:2025-02-18,8,3,0.006407631561160088,False,,,
vlcsnap_2025-03-16-15h19m02s496.jpg,vlcsnap_2025-03-16-15h19m19s343.jpg,1912,1915,val,val,filename_date:2025-03-16,filename_date:2025-03-16,16,3,0.006533091422170401,False,,,
vlcsnap-2025-02-19-13h53m13s598.jpg,vlcsnap-2025-02-19-13h53m14s903.jpg,908,909,train,train,filename_date:2025-02-19,filename_date:2025-02-19,10,3,0.007139308378100395,False,,,
vlcsnap_2025-03-16-15h19m02s496.jpg,vlcsnap_2025-03-16-15h20m26s297.jpg,1912,1921,val,val,filename_date:2025-03-16,filename_date:2025-03-16,14,3,0.007274365983903408,False,,,
vlcsnap-2025-02-19-13h53m12s243.jpg,vlcsnap-2025-02-19-13h53m13s598.jpg,907,908,train,train,filename_date:2025-02-19,filename_date:2025-02-19,12,3,0.007330814842134714,False,,,
vlcsnap_2025-03-16-15h19m19s343.jpg,vlcsnap_2025-03-16-15h19m38s185.jpg,1915,1917,val,val,filename_date:2025-03-16,filename_date:2025-03-16,18,3,0.007468234281986952,False,,,
vlcsnap_2025-03-16-15h15m48s964.jpg,vlcsnap_2025-03-16-15h15m53s196.jpg,1887,1888,val,val,filename_date:2025-03-16,filename_date:2025-03-16,12,3,0.0076294573955237865,False,,,
vlcsnap_2025-03-16-15h19m36s147.jpg,vlcsnap_2025-03-16-15h20m26s297.jpg,1916,1921,val,val,filename_date:2025-03-16,filename_date:2025-03-16,14,3,0.008036799728870392,False,,,
vlcsnap_2025-03-16-15h14m02s970.jpg,vlcsnap_2025-03-16-15h15m07s464.jpg,1867,1878,val,val,filename_date:2025-03-16,filename_date:2025-03-16,10,3,0.00803703349083662,False,,,
vlcsnap_2025-03-16-15h18m58s066.jpg,vlcsnap_2025-03-16-15h20m26s297.jpg,1911,1921,val,val,filename_date:2025-03-16,filename_date:2025-03-16,14,3,0.008223901502788067,False,,,
vlcsnap_2025-03-16-15h18m58s066.jpg,vlcsnap_2025-03-16-15h19m04s832.jpg,1911,1913,val,val,filename_date:2025-03-16,filename_date:2025-03-16,16,3,0.008449174463748932,False,,,
vlcsnap_2025-03-16-15h18m22s918.jpg,vlcsnap_2025-03-16-15h19m19s343.jpg,1903,1915,val,val,filename_date:2025-03-16,filename_date:2025-03-16,14,3,0.008556458167731762,False,,,
vlcsnap-2025-02-19-13h53m14s903.jpg,vlcsnap-2025-02-19-13h53m16s389.jpg,909,910,train,train,filename_date:2025-02-19,filename_date:2025-02-19,6,3,0.008648457005620003,False,,,
vlcsnap_2025-03-16-15h15m41s480.jpg,vlcsnap_2025-03-16-15h15m46s340.jpg,1884,1886,val,val,filename_date:2025-03-16,filename_date:2025-03-16,12,3,0.00889485701918602,False,,,
vlcsnap_2025-03-16-15h14m02s970.jpg,vlcsnap_2025-03-16-15h15m56s199.jpg,1867,1889,val,val,filename_date:2025-03-16,filename_date:2025-03-16,6,3,0.00893184170126915,False,,,
vlcsnap_2025-03-16-15h18m22s918.jpg,vlcsnap_2025-03-16-15h20m18s580.jpg,1903,1920,val,val,filename_date:2025-03-16,filename_date:2025-03-16,14,3,0.009092703461647034,False,,,
vlcsnap-2025-02-19-15h08m04s999.jpg,vlcsnap-2025-02-19-15h08m05s738.jpg,1470,1471,train,train,filename_date:2025-02-19,filename_date:2025-02-19,8,3,0.00917988270521164,False,,,
vlcsnap_2025-03-16-15h18m58s066.jpg,vlcsnap_2025-03-16-15h20m18s580.jpg,1911,1920,val,val,filename_date:2025-03-16,filename_date:2025-03-16,14,3,0.009860644116997719,False,,,
vlcsnap-2025-02-18-23h30m06s450.jpg,vlcsnap-2025-02-18-23h30m06s580.jpg,868,869,train,train,filename_date:2025-02-18,filename_date:2025-02-18,4,3,0.010678285732865334,False,,,
vlcsnap_2025-03-16-15h18m22s918.jpg,vlcsnap_2025-03-16-15h20m26s297.jpg,1903,1921,val,val,filename_date:2025-03-16,filename_date:2025-03-16,16,3,0.010746828280389309,False,,,
vlcsnap_2025-03-16-15h19m02s496.jpg,vlcsnap_2025-03-16-15h20m18s580.jpg,1912,1920,val,val,filename_date:2025-03-16,filename_date:2025-03-16,14,3,0.011008686386048794,False,,,
vlcsnap_2025-03-16-15h15m43s873.jpg,vlcsnap_2025-03-16-15h19m02s496.jpg,1885,1912,val,val,filename_date:2025-03-16,filename_date:2025-03-16,26,3,0.011238292790949345,False,,,
vlcsnap_2025-03-16-15h19m14s872.jpg,vlcsnap_2025-03-16-15h20m14s119.jpg,1914,1918,val,val,filename_date:2025-03-16,filename_date:2025-03-16,14,3,0.011340797878801823,False,,,
vlcsnap_2025-03-16-15h19m36s147.jpg,vlcsnap_2025-03-16-15h20m18s580.jpg,1916,1920,val,val,filename_date:2025-03-16,filename_date:2025-03-16,12,3,0.011596574448049068,False,,,
vlcsnap_2025-03-16-15h15m41s480.jpg,vlcsnap_2025-03-16-15h19m36s147.jpg,1884,1916,val,val,filename_date:2025-03-16,filename_date:2025-03-16,26,3,0.012172648683190346,False,,,
vlcsnap_2025-03-16-15h15m07s464.jpg,vlcsnap_2025-03-16-15h16m01s326.jpg,1878,1890,val,val,filename_date:2025-03-16,filename_date:2025-03-16,16,3,0.012211075983941555,False,,,
vlcsnap_2025-03-16-15h15m43s873.jpg,vlcsnap_2025-03-16-15h18m58s066.jpg,1885,1911,val,val,filename_date:2025-03-16,filename_date:2025-03-16,26,3,0.012668331153690815,False,,,
vlcsnap_2025-03-16-15h19m38s185.jpg,vlcsnap_2025-03-16-15h20m18s580.jpg,1917,1920,val,val,filename_date:2025-03-16,filename_date:2025-03-16,18,3,0.012725126929581165,False,,,
vlcsnap_2025-03-16-15h16m01s326.jpg,vlcsnap_2025-03-16-15h17m09s290.jpg,1890,1897,val,val,filename_date:2025-03-16,filename_date:2025-03-16,24,3,0.012965473346412182,False,,,
vlcsnap_2025-03-16-15h14m02s970.jpg,vlcsnap_2025-03-16-15h17m09s290.jpg,1867,1897,val,val,filename_date:2025-03-16,filename_date:2025-03-16,22,3,0.013360438868403435,False,,,
vlcsnap_2025-03-16-15h15m43s873.jpg,vlcsnap_2025-03-16-15h19m36s147.jpg,1885,1916,val,val,filename_date:2025-03-16,filename_date:2025-03-16,32,3,0.013432280160486698,False,,,
vlcsnap_2025-03-16-15h15m07s464.jpg,vlcsnap_2025-03-16-15h18m58s066.jpg,1878,1911,val,val,filename_date:2025-03-16,filename_date:2025-03-16,16,3,0.013529185205698013,False,,,
vlcsnap_2025-03-16-15h15m41s480.jpg,vlcsnap_2025-03-16-15h18m58s066.jpg,1884,1911,val,val,filename_date:2025-03-16,filename_date:2025-03-16,22,3,0.013681130483746529,False,,,
vlcsnap_2025-03-16-15h18m22s918.jpg,vlcsnap_2025-03-16-15h18m34s046.jpg,1903,1906,val,val,filename_date:2025-03-16,filename_date:2025-03-16,8,3,0.013736438006162643,False,,,
vlcsnap_2025-03-16-15h18m22s918.jpg,vlcsnap_2025-03-16-15h19m14s872.jpg,1903,1914,val,val,filename_date:2025-03-16,filename_date:2025-03-16,12,3,0.013775576837360859,False,,,
vlcsnap_2025-03-16-15h17m09s290.jpg,vlcsnap_2025-03-16-15h18m58s066.jpg,1897,1911,val,val,filename_date:2025-03-16,filename_date:2025-03-16,18,3,0.013859480619430542,False,,,
vlcsnap-00042.jpg,vlcsnap_2025-03-16-15h17m09s290.jpg,144,1897,val,val,unknown_session,filename_date:2025-03-16,16,3,0.014285806566476822,False,,,
vlcsnap_2025-03-16-15h15m48s964.jpg,vlcsnap_2025-03-16-15h19m02s496.jpg,1887,1912,val,val,filename_date:2025-03-16,filename_date:2025-03-16,24,3,0.0143554313108325,False,,,
vlcsnap_2025-03-16-15h19m04s832.jpg,vlcsnap_2025-03-16-15h20m14s119.jpg,1913,1918,val,val,filename_date:2025-03-16,filename_date:2025-03-16,24,3,0.014579521492123604,False,,,
vlcsnap_2025-03-16-15h15m41s480.jpg,vlcsnap_2025-03-16-15h15m53s196.jpg,1884,1888,val,val,filename_date:2025-03-16,filename_date:2025-03-16,14,3,0.015019502490758896,False,,,
vlcsnap_2025-03-16-15h18m58s066.jpg,vlcsnap_2025-03-16-15h21m03s270.jpg,1911,1924,val,val,filename_date:2025-03-16,filename_date:2025-03-16,22,3,0.015143308788537979,False,,,
vlcsnap_2025-03-16-15h17m09s290.jpg,vlcsnap_2025-03-16-15h20m16s505.jpg,1897,1919,val,val,filename_date:2025-03-16,filename_date:2025-03-16,14,3,0.015398485586047173,False,,,
vlcsnap_2025-03-16-15h18m37s334.jpg,vlcsnap_2025-03-16-15h20m26s297.jpg,1907,1921,val,val,filename_date:2025-03-16,filename_date:2025-03-16,22,3,0.015645191073417664,False,,,
vlcsnap_2025-03-16-15h17m09s290.jpg,vlcsnap_2025-03-16-15h19m36s147.jpg,1897,1916,val,val,filename_date:2025-03-16,filename_date:2025-03-16,24,3,0.015703730285167694,False,,,
vlcsnap_2025-03-16-15h17m09s290.jpg,vlcsnap_2025-03-16-15h20m14s119.jpg,1897,1918,val,val,filename_date:2025-03-16,filename_date:2025-03-16,14,3,0.016008639708161354,False,,,
vlcsnap_2025-03-16-15h15m53s196.jpg,vlcsnap_2025-03-16-15h19m19s343.jpg,1888,1915,val,val,filename_date:2025-03-16,filename_date:2025-03-16,22,3,0.016101347282528877,False,,,
vlcsnap_2025-03-16-15h18m22s918.jpg,vlcsnap_2025-03-16-15h19m04s832.jpg,1903,1913,val,val,filename_date:2025-03-16,filename_date:2025-03-16,18,3,0.016263362020254135,False,,,
vlcsnap_2025-03-16-15h17m09s290.jpg,vlcsnap_2025-03-16-15h18m22s918.jpg,1897,1903,val,val,filename_date:2025-03-16,filename_date:2025-03-16,18,3,0.016394101083278656,False,,,
vlcsnap_2025-03-16-15h15m56s199.jpg,vlcsnap_2025-03-16-15h18m58s066.jpg,1889,1911,val,val,filename_date:2025-03-16,filename_date:2025-03-16,18,3,0.0164287518709898,False,,,
vlcsnap_2025-03-16-15h15m07s464.jpg,vlcsnap_2025-03-16-15h19m36s147.jpg,1878,1916,val,val,filename_date:2025-03-16,filename_date:2025-03-16,24,3,0.016577886417508125,False,,,
vlcsnap_2025-03-16-15h15m48s964.jpg,vlcsnap_2025-03-16-15h19m38s185.jpg,1887,1917,val,val,filename_date:2025-03-16,filename_date:2025-03-16,26,3,0.0166257843375206,False,,,
vlcsnap_2025-03-16-15h14m02s970.jpg,vlcsnap_2025-03-16-15h20m18s580.jpg,1867,1920,val,val,filename_date:2025-03-16,filename_date:2025-03-16,24,3,0.0167424064129591,False,,,
vlcsnap_2025-03-16-15h19m36s147.jpg,vlcsnap_2025-03-16-15h21m03s270.jpg,1916,1924,val,val,filename_date:2025-03-16,filename_date:2025-03-16,24,3,0.016775604337453842,False,,,
vlcsnap_2025-03-16-15h17m09s290.jpg,vlcsnap_2025-03-16-15h19m38s185.jpg,1897,1917,val,val,filename_date:2025-03-16,filename_date:2025-03-16,26,3,0.01687302440404892,False,,,
vlcsnap_2025-03-16-15h14m02s970.jpg,vlcsnap_2025-03-16-15h15m48s964.jpg,1867,1887,val,val,filename_date:2025-03-16,filename_date:2025-03-16,16,3,0.01703667640686035,False,,,
vlcsnap_2025-03-16-15h16m01s326.jpg,vlcsnap_2025-03-16-15h19m14s872.jpg,1890,1914,val,val,filename_date:2025-03-16,filename_date:2025-03-16,20,3,0.0170469768345356,False,,,
vlcsnap-2025-02-19-13h53m12s243.jpg,vlcsnap-2025-02-19-13h53m16s389.jpg,907,910,train,train,filename_date:2025-02-19,filename_date:2025-02-19,14,3,0.01725749298930168,False,,,
vlcsnap_2025-03-16-15h16m01s326.jpg,vlcsnap_2025-03-16-15h19m19s343.jpg,1890,1915,val,val,filename_date:2025-03-16,filename_date:2025-03-16,24,3,0.017726974561810493,False,,,
vlcsnap_2025-03-16-15h15m43s873.jpg,vlcsnap_2025-03-16-15h16m01s326.jpg,1885,1890,val,val,filename_date:2025-03-16,filename_date:2025-03-16,20,3,0.018729783594608307,False,,,
vlcsnap_2025-03-16-15h15m53s196.jpg,vlcsnap_2025-03-16-15h20m18s580.jpg,1888,1920,val,val,filename_date:2025-03-16,filename_date:2025-03-16,20,3,0.01873691752552986,False,,,
vlcsnap_2025-03-16-15h14m02s970.jpg,vlcsnap_2025-03-16-15h15m43s873.jpg,1867,1885,val,val,filename_date:2025-03-16,filename_date:2025-03-16,16,3,0.018909167498350143,False,,,
vlcsnap_2025-03-16-15h15m56s199.jpg,vlcsnap_2025-03-16-15h19m36s147.jpg,1889,1916,val,val,filename_date:2025-03-16,filename_date:2025-03-16,26,3,0.018938956782221794,False,,,
vlcsnap-2025-02-19-13h53m21s401.jpg,vlcsnap-2025-02-19-14h06m29s598.jpg,912,981,train,train,filename_date:2025-02-19,filename_date:2025-02-19,22,3,0.019022878259420395,False,,,
vlcsnap_2025-03-16-15h15m53s196.jpg,vlcsnap_2025-03-16-15h19m14s872.jpg,1888,1914,val,val,filename_date:2025-03-16,filename_date:2025-03-16,26,3,0.01920449361205101,False,,,
vlcsnap_2025-03-16-15h18m34s046.jpg,vlcsnap_2025-03-16-15h20m16s505.jpg,1906,1919,val,val,filename_date:2025-03-16,filename_date:2025-03-16,18,3,0.01930936798453331,False,,,
vlcsnap-00042.jpg,vlcsnap_2025-03-16-15h19m14s872.jpg,144,1914,val,val,unknown_session,filename_date:2025-03-16,26,3,0.019487230107188225,False,,,
vlcsnap_2025-03-16-15h15m48s964.jpg,vlcsnap_2025-03-16-15h18m22s918.jpg,1887,1903,val,val,filename_date:2025-03-16,filename_date:2025-03-16,28,3,0.01971445418894291,False,,,
vlcsnap-00042.jpg,vlcsnap_2025-03-16-15h19m19s343.jpg,144,1915,val,val,unknown_session,filename_date:2025-03-16,26,3,0.019830474629998207,False,,,
vlcsnap_2025-03-16-15h15m56s199.jpg,vlcsnap_2025-03-16-15h20m14s119.jpg,1889,1918,val,val,filename_date:2025-03-16,filename_date:2025-03-16,22,3,0.019841982051730156,False,,,
vlcsnap_2025-03-16-15h15m46s340.jpg,vlcsnap_2025-03-16-15h19m19s343.jpg,1886,1915,val,val,filename_date:2025-03-16,filename_date:2025-03-16,26,3,0.019955981522798538,False,,,
vlcsnap_2025-03-16-15h18m34s046.jpg,vlcsnap_2025-03-16-15h20m14s119.jpg,1906,1918,val,val,filename_date:2025-03-16,filename_date:2025-03-16,20,3,0.019989579916000366,False,,,
vlcsnap-00030.jpg,vlcsnap-00037.jpg,132,139,val,val,unknown_session,unknown_session,20,3,0.020089222118258476,False,,,
vlcsnap_2025-03-16-15h14m02s970.jpg,vlcsnap_2025-03-16-15h15m41s480.jpg,1867,1884,val,val,filename_date:2025-03-16,filename_date:2025-03-16,16,3,0.020219795405864716,False,,,
vlcsnap_2025-03-16-15h15m56s199.jpg,vlcsnap_2025-03-16-15h18m22s918.jpg,1889,1903,val,val,filename_date:2025-03-16,filename_date:2025-03-16,22,3,0.020385103300213814,False,,,
vlcsnap_2025-03-16-15h15m48s964.jpg,vlcsnap_2025-03-16-15h20m16s505.jpg,1887,1919,val,val,filename_date:2025-03-16,filename_date:2025-03-16,28,3,0.020446764305233955,False,,,
vlcsnap_2025-03-16-15h15m48s964.jpg,vlcsnap_2025-03-16-15h20m14s119.jpg,1887,1918,val,val,filename_date:2025-03-16,filename_date:2025-03-16,28,3,0.02046189084649086,False,,,
vlcsnap_2025-03-16-15h15m43s873.jpg,vlcsnap_2025-03-16-15h20m16s505.jpg,1885,1919,val,val,filename_date:2025-03-16,filename_date:2025-03-16,26,3,0.020806934684515,False,,,
vlcsnap_2025-03-16-15h15m53s196.jpg,vlcsnap_2025-03-16-15h20m26s297.jpg,1888,1921,val,val,filename_date:2025-03-16,filename_date:2025-03-16,24,3,0.021191483363509178,False,,,
vlcsnap_2025-03-16-15h15m46s340.jpg,vlcsnap_2025-03-16-15h17m09s290.jpg,1886,1897,val,val,filename_date:2025-03-16,filename_date:2025-03-16,26,3,0.021286793053150177,False,,,
vlcsnap-00031.jpg,vlcsnap-00037.jpg,133,139,val,val,unknown_session,unknown_session,26,3,0.02132297120988369,False,,,
vlcsnap_2025-03-16-15h18m37s334.jpg,vlcsnap_2025-03-16-15h19m04s832.jpg,1907,1913,val,val,filename_date:2025-03-16,filename_date:2025-03-16,22,3,0.021883629262447357,False,,,
vlcsnap_2025-03-16-15h15m41s480.jpg,vlcsnap_2025-03-16-15h20m14s119.jpg,1884,1918,val,val,filename_date:2025-03-16,filename_date:2025-03-16,22,3,0.022005919367074966,False,,,
vlcsnap_2025-03-16-15h15m46s340.jpg,vlcsnap_2025-03-16-15h19m14s872.jpg,1886,1914,val,val,filename_date:2025-03-16,filename_date:2025-03-16,34,3,0.022124791517853737,False,,,
vlcsnap-00029.jpg,vlcsnap_2025-03-16-15h16m01s326.jpg,131,1890,val,val,unknown_session,filename_date:2025-03-16,18,3,0.02340874634683132,False,,,
vlcsnap-00042.jpg,vlcsnap_2025-03-16-15h19m04s832.jpg,144,1913,val,val,unknown_session,filename_date:2025-03-16,24,3,0.023626945912837982,False,,,
vlcsnap-00029.jpg,vlcsnap_2025-03-16-15h19m02s496.jpg,131,1912,val,val,unknown_session,filename_date:2025-03-16,22,3,0.024412162601947784,False,,,
vlcsnap-00032.jpg,vlcsnap_2025-03-16-15h19m19s343.jpg,134,1915,val,val,unknown_session,filename_date:2025-03-16,26,3,0.024424582719802856,False,,,
vlcsnap-00042.jpg,vlcsnap_2025-03-16-15h15m48s964.jpg,144,1887,val,val,unknown_session,filename_date:2025-03-16,22,3,0.024558838456869125,False,,,
vlcsnap-00031.jpg,vlcsnap_2025-03-16-15h16m01s326.jpg,133,1890,val,val,unknown_session,filename_date:2025-03-16,26,3,0.024786315858364105,False,,,
vlcsnap-00042.jpg,vlcsnap_2025-03-16-15h20m18s580.jpg,144,1920,val,val,unknown_session,filename_date:2025-03-16,22,3,0.024872681125998497,False,,,
vlcsnap-00030.jpg,vlcsnap_2025-03-16-15h19m36s147.jpg,132,1916,val,val,unknown_session,filename_date:2025-03-16,26,3,0.02530531957745552,False,,,
vlcsnap-00032.jpg,vlcsnap_2025-03-16-15h19m14s872.jpg,134,1914,val,val,unknown_session,filename_date:2025-03-16,26,3,0.025455636903643608,False,,,
vlcsnap-00042.jpg,vlcsnap_2025-03-16-15h20m26s297.jpg,144,1921,val,val,unknown_session,filename_date:2025-03-16,24,3,0.025668468326330185,False,,,
vlcsnap_2025-03-16-15h18m34s046.jpg,vlcsnap_2025-03-16-15h19m02s496.jpg,1906,1912,val,val,filename_date:2025-03-16,filename_date:2025-03-16,16,3,0.02576998807489872,False,,,
vlcsnap-00030.jpg,vlcsnap_2025-03-16-15h15m53s196.jpg,132,1888,val,val,unknown_session,filename_date:2025-03-16,22,3,0.02652670443058014,False,,,
vlcsnap-00030.jpg,vlcsnap_2025-03-16-15h18m58s066.jpg,132,1911,val,val,unknown_session,filename_date:2025-03-16,24,3,0.026859283447265625,False,,,
vlcsnap_2025-03-16-15h14m02s970.jpg,vlcsnap_2025-03-16-15h18m34s046.jpg,1867,1906,val,val,filename_date:2025-03-16,filename_date:2025-03-16,16,3,0.02718615159392357,False,,,
vlcsnap_2025-03-16-15h18m34s046.jpg,vlcsnap_2025-03-16-15h19m38s185.jpg,1906,1917,val,val,filename_date:2025-03-16,filename_date:2025-03-16,22,3,0.027482356876134872,False,,,
vlcsnap-00030.jpg,vlcsnap_2025-03-16-15h20m14s119.jpg,132,1918,val,val,unknown_session,filename_date:2025-03-16,18,3,0.03080526925623417,False,,,
vlcsnap-00030.jpg,vlcsnap_2025-03-16-15h20m16s505.jpg,132,1919,val,val,unknown_session,filename_date:2025-03-16,20,3,0.030872324481606483,False,,,
vlcsnap_2025-03-16-15h15m53s196.jpg,vlcsnap_2025-03-16-15h18m34s046.jpg,1888,1906,val,val,filename_date:2025-03-16,filename_date:2025-03-16,18,3,0.032929640263319016,False,,,
vlcsnap_2025-03-16-15h17m30s232.jpg,vlcsnap_2025-03-16-15h19m04s832.jpg,1900,1913,val,val,filename_date:2025-03-16,filename_date:2025-03-16,30,3,0.0340547189116478,False,,,
vlcsnap-2025-02-19-14h10m37s406.jpg,vlcsnap-2025-02-19-14h10m38s466.jpg,1003,1004,train,train,filename_date:2025-02-19,filename_date:2025-02-19,6,4,0.0017222543247044086,False,,,
vlcsnap_2025-03-16-15h15m41s480.jpg,vlcsnap_2025-03-16-15h15m43s873.jpg,1884,1885,val,val,filename_date:2025-03-16,filename_date:2025-03-16,6,4,0.0019494036678224802,False,,,
vlcsnap-2025-02-19-14h54m39s529.jpg,vlcsnap-2025-02-19-14h54m40s931.jpg,1396,1397,train,train,filename_date:2025-02-19,filename_date:2025-02-19,4,5,0.002129296073690057,False,,,
vlcsnap-2025-02-19-17h00m19s245.jpg,vlcsnap-2025-02-19-17h00m20s882.jpg,1566,1567,train,train,filename_date:2025-02-19,filename_date:2025-02-19,4,5,0.0021683834493160248,False,,,
vlcsnap-2025-02-18-23h13m55s630.jpg,vlcsnap-2025-02-18-23h13m56s767.jpg,730,731,train,train,filename_date:2025-02-18,filename_date:2025-02-18,4,5,0.002249381970614195,False,,,
vlcsnap-2025-02-18-23h13m52s540.jpg,vlcsnap-2025-02-18-23h13m55s630.jpg,729,730,train,train,filename_date:2025-02-18,filename_date:2025-02-18,4,8,0.0022746059112250805,False,,,
vlcsnap-2025-02-19-14h12m25s165.jpg,vlcsnap-2025-02-19-14h12m25s787.jpg,1020,1021,train,train,filename_date:2025-02-19,filename_date:2025-02-19,6,4,0.0023503315169364214,False,,,
vlcsnap-2025-02-19-14h08m41s845.jpg,vlcsnap-2025-02-19-14h08m42s822.jpg,992,993,train,train,filename_date:2025-02-19,filename_date:2025-02-19,4,5,0.002549366792663932,False,,,
vlcsnap-2025-02-18-18h46m27s425.jpg,vlcsnap-2025-02-18-18h46m29s004.jpg,623,624,train,train,filename_date:2025-02-18,filename_date:2025-02-18,4,4,0.002769941696897149,False,,,
vlcsnap-2025-02-18-18h46m26s105.jpg,vlcsnap-2025-02-18-18h46m27s425.jpg,622,623,train,train,filename_date:2025-02-18,filename_date:2025-02-18,4,5,0.002957930089905858,False,,,
vlcsnap-2025-02-19-14h57m01s838.jpg,vlcsnap-2025-02-19-15h05m13s265.jpg,1404,1433,train,train,filename_date:2025-02-19,filename_date:2025-02-19,4,6,0.0031248934101313353,False,,,
vlcsnap-2025-02-19-14h16m51s149.jpg,vlcsnap-2025-02-19-14h16m52s271.jpg,1081,1082,train,train,filename_date:2025-02-19,filename_date:2025-02-19,4,8,0.003203822998329997,False,,,
vlcsnap-2025-02-19-15h05m32s965.jpg,vlcsnap-2025-02-19-15h05m34s170.jpg,1438,1439,train,train,filename_date:2025-02-19,filename_date:2025-02-19,4,11,0.003247849177569151,False,,,
vlcsnap-2025-02-18-17h06m02s504.jpg,vlcsnap-2025-02-18-17h06m03s630.jpg,395,396,train,train,filename_date:2025-02-18,filename_date:2025-02-18,4,7,0.0032795346342027187,False,,,
vlcsnap-2025-02-19-14h19m32s445.jpg,vlcsnap-2025-02-19-14h19m33s813.jpg,1148,1149,train,train,filename_date:2025-02-19,filename_date:2025-02-19,4,11,0.0033158923033624887,False,,,
vlcsnap-2025-02-18-18h47m29s801.jpg,vlcsnap-2025-02-18-18h47m31s082.jpg,662,663,train,train,filename_date:2025-02-18,filename_date:2025-02-18,4,4,0.003599937539547682,False,,,
vlcsnap-2025-02-19-14h17m04s279.jpg,vlcsnap-2025-02-19-14h17m05s509.jpg,1086,1087,train,train,filename_date:2025-02-19,filename_date:2025-02-19,4,9,0.0036771248560398817,False,,,
vlcsnap-2025-02-18-18h46m29s004.jpg,vlcsnap-2025-02-18-18h46m30s755.jpg,624,625,train,train,filename_date:2025-02-18,filename_date:2025-02-18,4,9,0.0038117149379104376,False,,,
vlcsnap-2025-02-18-18h47m11s736.jpg,vlcsnap-2025-02-18-18h47m13s411.jpg,650,651,train,train,filename_date:2025-02-18,filename_date:2025-02-18,4,6,0.0038942487444728613,False,,,
vlcsnap-2025-02-26-20h33m59s062.jpg,vlcsnap-2025-02-26-20h34m00s633.jpg,1701,1702,test,test,filename_date:2025-02-26,filename_date:2025-02-26,4,8,0.0040916558355093,False,,,
vlcsnap-2025-02-18-18h47m27s166.jpg,vlcsnap-2025-02-18-18h47m28s460.jpg,660,661,train,train,filename_date:2025-02-18,filename_date:2025-02-18,4,4,0.004329205024987459,False,,,
vlcsnap-2025-02-18-18h31m05s922.jpg,vlcsnap-2025-02-18-18h31m07s376.jpg,459,460,train,train,filename_date:2025-02-18,filename_date:2025-02-18,4,7,0.004368799272924662,False,,,
vlcsnap-2025-02-18-17h02m19s484.jpg,vlcsnap-2025-02-18-17h02m20s958.jpg,333,334,train,train,filename_date:2025-02-18,filename_date:2025-02-18,12,4,0.004397694021463394,False,,,
vlcsnap-2025-02-18-18h33m33s896.jpg,vlcsnap-2025-02-18-18h33m34s959.jpg,517,518,train,train,filename_date:2025-02-18,filename_date:2025-02-18,8,4,0.004412592388689518,False,,,
vlcsnap-2025-02-18-18h46m43s576.jpg,vlcsnap-2025-02-18-18h46m45s039.jpg,632,633,train,train,filename_date:2025-02-18,filename_date:2025-02-18,4,5,0.004603678360581398,False,,,
vlcsnap-2025-02-18-23h25m44s561.jpg,vlcsnap-2025-02-18-23h25m45s670.jpg,820,821,train,train,filename_date:2025-02-18,filename_date:2025-02-18,4,4,0.004675025120377541,False,,,
vlcsnap-2025-02-19-17h01m20s988.jpg,vlcsnap-2025-02-19-17h01m22s346.jpg,1568,1569,train,train,filename_date:2025-02-19,filename_date:2025-02-19,4,6,0.004809341859072447,False,,,
vlcsnap-2025-02-18-23h30m28s596.jpg,vlcsnap-2025-02-18-23h30m28s990.jpg,881,883,train,train,filename_date:2025-02-18,filename_date:2025-02-18,4,5,0.004990068729966879,False,,,
vlcsnap-2025-02-18-17h03m47s890.jpg,vlcsnap-2025-02-18-17h04m19s949.jpg,359,365,train,train,filename_date:2025-02-18,filename_date:2025-02-18,8,4,0.005235312506556511,False,,,
vlcsnap-2025-02-18-17h06m28s723.jpg,vlcsnap-2025-02-18-17h06m30s085.jpg,406,407,train,train,filename_date:2025-02-18,filename_date:2025-02-18,4,10,0.005267425440251827,False,,,
vlcsnap-2025-02-18-17h06m28s723.jpg,vlcsnap-2025-02-18-17h10m25s907.jpg,406,408,train,train,filename_date:2025-02-18,filename_date:2025-02-18,4,10,0.005317733623087406,False,,,
vlcsnap-2025-02-19-14h08m50s023.jpg,vlcsnap-2025-02-19-14h08m51s334.jpg,994,995,train,train,filename_date:2025-02-19,filename_date:2025-02-19,4,10,0.005362760741263628,False,,,
vlcsnap-2025-02-18-17h02m20s958.jpg,vlcsnap-2025-02-18-17h02m23s142.jpg,334,335,train,train,filename_date:2025-02-18,filename_date:2025-02-18,6,4,0.005383673589676619,False,,,
vlcsnap-2025-02-18-18h47m18s976.jpg,vlcsnap-2025-02-18-18h47m20s564.jpg,654,655,train,train,filename_date:2025-02-18,filename_date:2025-02-18,4,7,0.005439434666186571,False,,,
vlcsnap-2025-02-18-23h28m42s438.jpg,vlcsnap-2025-02-18-23h28m43s566.jpg,850,851,train,train,filename_date:2025-02-18,filename_date:2025-02-18,4,8,0.005542793311178684,False,,,
vlcsnap-2025-02-19-14h01m06s349.jpg,vlcsnap-2025-02-19-14h01m07s334.jpg,957,958,train,train,filename_date:2025-02-19,filename_date:2025-02-19,4,4,0.005551197566092014,False,,,
vlcsnap-2025-02-18-18h45m41s037.jpg,vlcsnap-2025-02-18-18h45m42s458.jpg,614,615,train,train,filename_date:2025-02-18,filename_date:2025-02-18,6,4,0.005609347950667143,False,,,
vlcsnap-2025-02-18-23h30m28s299.jpg,vlcsnap-2025-02-18-23h30m28s793.jpg,880,882,train,train,filename_date:2025-02-18,filename_date:2025-02-18,6,4,0.0056182318367064,False,,,
vlcsnap-00013.jpg,vlcsnap-00015.jpg,115,117,val,val,unknown_session,unknown_session,4,7,0.005622350610792637,False,,,
vlcsnap-2025-02-18-18h47m17s251.jpg,vlcsnap-2025-02-18-18h47m18s976.jpg,653,654,train,train,filename_date:2025-02-18,filename_date:2025-02-18,4,4,0.0056509580463171005,False,,,
vlcsnap-2025-02-18-18h30m20s293.jpg,vlcsnap-2025-02-18-18h30m22s081.jpg,436,437,train,train,filename_date:2025-02-18,filename_date:2025-02-18,8,4,0.005666977725923061,False,,,
vlcsnap-2025-02-18-23h12m22s604.jpg,vlcsnap-2025-02-18-23h12m24s456.jpg,713,714,train,train,filename_date:2025-02-18,filename_date:2025-02-18,4,12,0.0057182470336556435,False,,,
vlcsnap-2025-02-18-18h46m30s755.jpg,vlcsnap-2025-02-18-18h46m32s833.jpg,625,626,train,train,filename_date:2025-02-18,filename_date:2025-02-18,4,14,0.005878348369151354,False,,,
vlcsnap-2025-02-18-17h03m54s730.jpg,vlcsnap-2025-02-18-17h03m57s474.jpg,360,361,train,train,filename_date:2025-02-18,filename_date:2025-02-18,4,8,0.005965734366327524,False,,,
vlcsnap-2025-02-18-23h30m25s629.jpg,vlcsnap-2025-02-18-23h30m26s420.jpg,878,879,train,train,filename_date:2025-02-18,filename_date:2025-02-18,12,4,0.005987214390188456,False,,,
vlcsnap-2025-02-18-18h36m38s179.jpg,vlcsnap-2025-02-18-18h36m39s442.jpg,551,552,train,train,filename_date:2025-02-18,filename_date:2025-02-18,8,4,0.005990571342408657,False,,,
vlcsnap-2025-02-18-18h46m40s324.jpg,vlcsnap-2025-02-18-18h46m43s576.jpg,631,632,train,train,filename_date:2025-02-18,filename_date:2025-02-18,4,12,0.006259958725422621,False,,,
vlcsnap-2025-02-18-17h05m59s410.jpg,vlcsnap-2025-02-18-17h06m01s508.jpg,393,394,train,train,filename_date:2025-02-18,filename_date:2025-02-18,4,15,0.006341911852359772,False,,,
vlcsnap_2025-03-16-15h23m11s550.jpg,vlcsnap_2025-03-16-15h23m19s209.jpg,1945,1946,val,val,filename_date:2025-03-16,filename_date:2025-03-16,8,4,0.006395537406206131,False,,,
vlcsnap-2025-02-19-14h17m04s279.jpg,vlcsnap-2025-02-19-14h17m06s663.jpg,1086,1088,train,train,filename_date:2025-02-19,filename_date:2025-02-19,4,14,0.006629815325140953,False,,,
vlcsnap_2025-03-16-15h19m04s832.jpg,vlcsnap_2025-03-16-15h19m14s872.jpg,1913,1914,val,val,filename_date:2025-03-16,filename_date:2025-03-16,14,4,0.0066369506530463696,False,,,
vlcsnap-2025-02-19-14h06m44s323.jpg,vlcsnap-2025-02-19-14h06m47s953.jpg,982,984,train,train,filename_date:2025-02-19,filename_date:2025-02-19,4,5,0.006638366263359785,False,,,
vlcsnap-2025-02-18-17h01m36s608.jpg,vlcsnap-2025-02-18-17h01m38s325.jpg,321,322,train,train,filename_date:2025-02-18,filename_date:2025-02-18,4,6,0.006647483445703983,False,,,
vlcsnap_2025-03-16-15h19m19s343.jpg,vlcsnap_2025-03-16-15h20m26s297.jpg,1915,1921,val,val,filename_date:2025-03-16,filename_date:2025-03-16,12,4,0.006714578252285719,False,,,
vlcsnap-2025-02-18-18h45m17s416.jpg,vlcsnap-2025-02-18-18h45m19s766.jpg,609,610,train,train,filename_date:2025-02-18,filename_date:2025-02-18,4,9,0.006779777817428112,False,,,
vlcsnap-2025-02-18-23h14m34s881.jpg,vlcsnap-2025-02-18-23h14m36s043.jpg,744,745,train,train,filename_date:2025-02-18,filename_date:2025-02-18,4,6,0.007039868272840977,False,,,
vlcsnap-2025-02-19-14h29m51s283.jpg,vlcsnap-2025-02-19-14h29m52s169.jpg,1284,1285,train,train,filename_date:2025-02-19,filename_date:2025-02-19,4,5,0.007055552676320076,False,,,
vlcsnap-2025-02-18-18h36m42s188.jpg,vlcsnap-2025-02-18-18h36m43s596.jpg,554,555,train,train,filename_date:2025-02-18,filename_date:2025-02-18,4,7,0.0070975106209516525,False,,,
vlcsnap-2025-02-18-17h06m27s551.jpg,vlcsnap-2025-02-18-17h06m28s723.jpg,405,406,train,train,filename_date:2025-02-18,filename_date:2025-02-18,4,5,0.007114291191101074,False,,,
vlcsnap-2025-02-19-17h03m49s630.jpg,vlcsnap-2025-02-19-17h03m50s926.jpg,1586,1587,train,train,filename_date:2025-02-19,filename_date:2025-02-19,10,4,0.007138367276638746,False,,,
vlcsnap-2025-02-19-14h13m33s567.jpg,vlcsnap-2025-02-19-14h13m34s715.jpg,1028,1029,train,train,filename_date:2025-02-19,filename_date:2025-02-19,4,8,0.0071882214397192,False,,,
vlcsnap-2025-02-18-17h06m16s069.jpg,vlcsnap-2025-02-18-17h06m17s642.jpg,401,402,train,train,filename_date:2025-02-18,filename_date:2025-02-18,4,6,0.007207564078271389,False,,,
vlcsnap-2025-02-18-18h39m25s704.jpg,vlcsnap-2025-02-18-18h39m27s314.jpg,568,569,train,train,filename_date:2025-02-18,filename_date:2025-02-18,4,6,0.007313594222068787,False,,,
vlcsnap-2025-02-18-17h01m26s641.jpg,vlcsnap-2025-02-18-17h01m30s056.jpg,317,318,train,train,filename_date:2025-02-18,filename_date:2025-02-18,4,4,0.00738478684797883,False,,,
vlcsnap-2025-02-18-23h24m58s564.jpg,vlcsnap-2025-02-18-23h25m00s029.jpg,810,811,train,train,filename_date:2025-02-18,filename_date:2025-02-18,4,7,0.007425409276038408,False,,,
vlcsnap-2025-02-19-14h15m01s088.jpg,vlcsnap-2025-02-19-14h15m01s836.jpg,1060,1061,train,train,filename_date:2025-02-19,filename_date:2025-02-19,4,11,0.007674010936170816,False,,,
vlcsnap_2025-03-16-15h18m48s028.jpg,vlcsnap_2025-03-16-15h18m58s066.jpg,1910,1911,val,val,filename_date:2025-03-16,filename_date:2025-03-16,10,4,0.007992994040250778,False,,,
vlcsnap-2025-02-18-23h30m26s420.jpg,vlcsnap-2025-02-18-23h30m28s596.jpg,879,881,train,train,filename_date:2025-02-18,filename_date:2025-02-18,18,4,0.008041678927838802,False,,,
vlcsnap-2025-02-19-14h00m38s656.jpg,vlcsnap-2025-02-19-14h00m39s870.jpg,950,951,train,train,filename_date:2025-02-19,filename_date:2025-02-19,6,4,0.008115668781101704,False,,,
vlcsnap-2025-02-18-23h24m29s314.jpg,vlcsnap-2025-02-18-23h24m30s869.jpg,797,798,train,train,filename_date:2025-02-18,filename_date:2025-02-18,4,10,0.008223900571465492,False,,,
vlcsnap-2025-02-19-15h03m18s985.jpg,vlcsnap-2025-02-19-15h03m21s989.jpg,1425,1426,train,train,filename_date:2025-02-19,filename_date:2025-02-19,4,11,0.008301661349833012,False,,,
vlcsnap-2025-02-18-18h36m09s361.jpg,vlcsnap-2025-02-18-18h36m10s641.jpg,544,545,train,train,filename_date:2025-02-18,filename_date:2025-02-18,4,8,0.008334741927683353,False,,,
vlcsnap_2025-03-16-15h18m22s918.jpg,vlcsnap_2025-03-16-15h20m16s505.jpg,1903,1919,val,val,filename_date:2025-03-16,filename_date:2025-03-16,16,4,0.008349933661520481,False,,,
vlcsnap-2025-02-18-23h30m28s299.jpg,vlcsnap-2025-02-18-23h30m28s990.jpg,880,883,train,train,filename_date:2025-02-18,filename_date:2025-02-18,8,4,0.008574954234063625,False,,,
vlcsnap-2025-02-19-14h13m29s902.jpg,vlcsnap-2025-02-19-14h13m31s429.jpg,1025,1026,train,train,filename_date:2025-02-19,filename_date:2025-02-19,8,4,0.0087389862164855,False,,,
vlcsnap_2025-03-16-15h19m14s872.jpg,vlcsnap_2025-03-16-15h20m26s297.jpg,1914,1921,val,val,filename_date:2025-03-16,filename_date:2025-03-16,12,4,0.008753110654652119,False,,,
vlcsnap-2025-02-19-13h52m44s869.jpg,vlcsnap-2025-02-19-13h52m49s424.jpg,895,896,train,train,filename_date:2025-02-19,filename_date:2025-02-19,4,5,0.009040053002536297,False,,,
vlcsnap-2025-02-18-18h33m09s423.jpg,vlcsnap-2025-02-18-18h33m10s611.jpg,506,507,train,train,filename_date:2025-02-18,filename_date:2025-02-18,6,4,0.009152636863291264,False,,,
vlcsnap-2025-02-19-15h07m57s285.jpg,vlcsnap-2025-02-19-15h07m58s501.jpg,1465,1466,train,train,filename_date:2025-02-19,filename_date:2025-02-19,4,7,0.009361609816551208,False,,,
vlcsnap-2025-02-18-18h32m22s087.jpg,vlcsnap-2025-02-18-18h32m23s312.jpg,480,481,train,train,filename_date:2025-02-18,filename_date:2025-02-18,4,8,0.009409114718437195,False,,,
vlcsnap-2025-02-19-14h57m00s992.jpg,vlcsnap-2025-02-19-15h05m13s265.jpg,1403,1433,train,train,filename_date:2025-02-19,filename_date:2025-02-19,6,4,0.009569049812853336,False,,,
vlcsnap_2025-03-16-15h18m28s053.jpg,vlcsnap_2025-03-16-15h18m31s059.jpg,1904,1905,val,val,filename_date:2025-03-16,filename_date:2025-03-16,4,5,0.0096283545717597,False,,,
vlcsnap-2025-02-19-14h13m32s567.jpg,vlcsnap-2025-02-19-14h13m34s715.jpg,1027,1029,train,train,filename_date:2025-02-19,filename_date:2025-02-19,4,10,0.009649333544075489,False,,,
vlcsnap-2025-02-18-18h35m44s671.jpg,vlcsnap-2025-02-18-18h35m45s790.jpg,530,531,train,train,filename_date:2025-02-18,filename_date:2025-02-18,4,10,0.009803716093301773,False,,,
vlcsnap-2025-02-18-18h32m23s312.jpg,vlcsnap-2025-02-18-18h32m24s533.jpg,481,482,train,train,filename_date:2025-02-18,filename_date:2025-02-18,4,6,0.009883505292236805,False,,,
vlcsnap_2025-03-16-15h19m02s496.jpg,vlcsnap_2025-03-16-15h20m16s505.jpg,1912,1919,val,val,filename_date:2025-03-16,filename_date:2025-03-16,16,4,0.00989628117531538,False,,,
vlcsnap_2025-03-16-15h19m04s832.jpg,vlcsnap_2025-03-16-15h19m19s343.jpg,1913,1915,val,val,filename_date:2025-03-16,filename_date:2025-03-16,24,4,0.010143028572201729,False,,,
vlcsnap-2025-02-18-17h06m07s036.jpg,vlcsnap-2025-02-18-17h06m09s837.jpg,397,399,train,train,filename_date:2025-02-18,filename_date:2025-02-18,4,12,0.010279680602252483,False,,,
vlcsnap-2025-02-18-17h10m47s400.jpg,vlcsnap-2025-02-18-17h10m48s997.jpg,417,418,train,train,filename_date:2025-02-18,filename_date:2025-02-18,4,12,0.010326644405722618,False,,,
vlcsnap_2025-03-16-15h15m43s873.jpg,vlcsnap_2025-03-16-15h19m04s832.jpg,1885,1913,val,val,filename_date:2025-03-16,filename_date:2025-03-16,28,4,0.010467608459293842,False,,,
vlcsnap-2025-02-18-17h02m01s598.jpg,vlcsnap-2025-02-18-17h02m05s303.jpg,328,329,train,train,filename_date:2025-02-18,filename_date:2025-02-18,14,4,0.010561936534941196,False,,,
vlcsnap-2025-02-19-14h18m40s892.jpg,vlcsnap-2025-02-19-14h18m42s334.jpg,1123,1124,train,train,filename_date:2025-02-19,filename_date:2025-02-19,4,8,0.01066176500171423,False,,,
vlcsnap-2025-02-26-20h35m22s372.jpg,vlcsnap-2025-02-26-20h35m23s844.jpg,1736,1737,test,test,filename_date:2025-02-26,filename_date:2025-02-26,4,10,0.010829074308276176,False,,,
vlcsnap_2025-03-16-15h14m02s970.jpg,vlcsnap_2025-03-16-15h18m48s028.jpg,1867,1910,val,val,filename_date:2025-03-16,filename_date:2025-03-16,18,4,0.010879335924983025,False,,,
vlcsnap_2025-03-16-15h15m41s480.jpg,vlcsnap_2025-03-16-15h15m48s964.jpg,1884,1887,val,val,filename_date:2025-03-16,filename_date:2025-03-16,10,4,0.010967516340315342,False,,,
vlcsnap-2025-02-18-18h32m34s457.jpg,vlcsnap-2025-02-18-18h32m35s761.jpg,487,488,train,train,filename_date:2025-02-18,filename_date:2025-02-18,8,4,0.010998602025210857,False,,,
vlcsnap-2025-02-19-14h49m37s566.jpg,vlcsnap-2025-02-19-14h49m38s907.jpg,1362,1363,train,train,filename_date:2025-02-19,filename_date:2025-02-19,4,8,0.011045712977647781,False,,,
vlcsnap-2025-02-18-23h30m25s629.jpg,vlcsnap-2025-02-18-23h30m28s596.jpg,878,881,train,train,filename_date:2025-02-18,filename_date:2025-02-18,14,4,0.011131342500448227,False,,,
vlcsnap_2025-03-16-15h18m48s028.jpg,vlcsnap_2025-03-16-15h20m14s119.jpg,1910,1918,val,val,filename_date:2025-03-16,filename_date:2025-03-16,16,4,0.011149819009006023,False,,,
vlcsnap-2025-02-19-13h52m41s173.jpg,vlcsnap-2025-02-19-13h52m44s869.jpg,894,895,train,train,filename_date:2025-02-19,filename_date:2025-02-19,8,4,0.011295588687062263,False,,,
vlcsnap-2025-02-19-15h07m58s501.jpg,vlcsnap-2025-02-19-15h07m59s774.jpg,1466,1467,train,train,filename_date:2025-02-19,filename_date:2025-02-19,4,7,0.011306141503155231,False,,,
vlcsnap_2025-03-16-15h18m48s028.jpg,vlcsnap_2025-03-16-15h19m02s496.jpg,1910,1912,val,val,filename_date:2025-03-16,filename_date:2025-03-16,14,4,0.011392412707209587,False,,,
vlcsnap_2025-03-16-15h19m38s185.jpg,vlcsnap_2025-03-16-15h20m16s505.jpg,1917,1919,val,val,filename_date:2025-03-16,filename_date:2025-03-16,20,4,0.011514868587255478,False,,,
vlcsnap-2025-02-18-17h06m14s692.jpg,vlcsnap-2025-02-18-17h06m17s642.jpg,400,402,train,train,filename_date:2025-02-18,filename_date:2025-02-18,4,6,0.0115452129393816,False,,,
vlcsnap_2025-03-16-15h14m02s970.jpg,vlcsnap_2025-03-16-15h15m53s196.jpg,1867,1888,val,val,filename_date:2025-03-16,filename_date:2025-03-16,8,4,0.011573187075555325,False,,,
vlcsnap-2025-02-19-13h53m14s903.jpg,vlcsnap-2025-02-19-13h53m18s160.jpg,909,911,train,train,filename_date:2025-02-19,filename_date:2025-02-19,10,4,0.011909288354218006,False,,,
vlcsnap-2025-02-18-23h07m47s847.jpg,vlcsnap-2025-02-18-23h07m53s515.jpg,681,683,train,train,filename_date:2025-02-18,filename_date:2025-02-18,12,4,0.011922638863325119,False,,,
vlcsnap_2025-03-16-15h18m37s334.jpg,vlcsnap_2025-03-16-15h18m58s066.jpg,1907,1911,val,val,filename_date:2025-03-16,filename_date:2025-03-16,8,4,0.011951466090977192,False,,,
vlcsnap_2025-03-16-15h14m02s970.jpg,vlcsnap_2025-03-16-15h16m01s326.jpg,1867,1890,val,val,filename_date:2025-03-16,filename_date:2025-03-16,12,4,0.012092377059161663,False,,,
vlcsnap-00031.jpg,vlcsnap_2025-03-16-15h21m17s354.jpg,133,1929,val,val,unknown_session,filename_date:2025-03-16,14,4,0.012407027184963226,False,,,
vlcsnap_2025-03-16-15h15m48s964.jpg,vlcsnap_2025-03-16-15h15m56s199.jpg,1887,1889,val,val,filename_date:2025-03-16,filename_date:2025-03-16,16,4,0.012557076290249825,False,,,
vlcsnap_2025-03-16-15h17m18s760.jpg,vlcsnap_2025-03-16-15h18m58s066.jpg,1899,1911,val,val,filename_date:2025-03-16,filename_date:2025-03-16,22,4,0.01261556800454855,False,,,
vlcsnap_2025-03-16-15h19m19s343.jpg,vlcsnap_2025-03-16-15h21m03s270.jpg,1915,1924,val,val,filename_date:2025-03-16,filename_date:2025-03-16,18,4,0.012846055440604687,False,,,
vlcsnap-00037.jpg,vlcsnap_2025-03-16-15h14m02s970.jpg,139,1867,val,val,unknown_session,filename_date:2025-03-16,16,4,0.01288773212581873,False,,,
vlcsnap-2025-02-19-14h19m07s758.jpg,vlcsnap-2025-02-19-14h19m11s006.jpg,1136,1138,train,train,filename_date:2025-02-19,filename_date:2025-02-19,4,12,0.012987460941076279,False,,,
vlcsnap_2025-03-16-15h13m58s251.jpg,vlcsnap_2025-03-16-15h18m58s066.jpg,1866,1911,val,val,filename_date:2025-03-16,filename_date:2025-03-16,16,4,0.013013738207519054,False,,,
vlcsnap_2025-03-16-15h14m02s970.jpg,vlcsnap_2025-03-16-15h18m22s918.jpg,1867,1903,val,val,filename_date:2025-03-16,filename_date:2025-03-16,20,4,0.013500763103365898,False,,,
vlcsnap_2025-03-16-15h18m48s028.jpg,vlcsnap_2025-03-16-15h19m36s147.jpg,1910,1916,val,val,filename_date:2025-03-16,filename_date:2025-03-16,16,4,0.013524819165468216,False,,,
vlcsnap_2025-03-16-15h18m37s334.jpg,vlcsnap_2025-03-16-15h20m14s119.jpg,1907,1918,val,val,filename_date:2025-03-16,filename_date:2025-03-16,20,4,0.01352942455559969,False,,,
vlcsnap_2025-03-16-15h15m07s464.jpg,vlcsnap_2025-03-16-15h19m19s343.jpg,1878,1915,val,val,filename_date:2025-03-16,filename_date:2025-03-16,24,4,0.013570521958172321,False,,,
vlcsnap_2025-03-16-15h15m56s199.jpg,vlcsnap_2025-03-16-15h17m09s290.jpg,1889,1897,val,val,filename_date:2025-03-16,filename_date:2025-03-16,22,4,0.013777166604995728,False,,,
vlcsnap-2025-02-19-14h56m51s808.jpg,vlcsnap-2025-02-19-15h05m02s468.jpg,1400,1429,train,train,filename_date:2025-02-19,filename_date:2025-02-19,12,4,0.013804166577756405,False,,,
vlcsnap_2025-03-16-15h19m36s147.jpg,vlcsnap_2025-03-16-15h20m55s801.jpg,1916,1923,val,val,filename_date:2025-03-16,filename_date:2025-03-16,20,4,0.013902572914958,False,,,
vlcsnap_2025-03-16-15h13m58s251.jpg,vlcsnap_2025-03-16-15h19m02s496.jpg,1866,1912,val,val,filename_date:2025-03-16,filename_date:2025-03-16,18,4,0.014185703359544277,False,,,
vlcsnap_2025-03-16-15h15m46s340.jpg,vlcsnap_2025-03-16-15h18m58s066.jpg,1886,1911,val,val,filename_date:2025-03-16,filename_date:2025-03-16,24,4,0.01420987956225872,False,,,
vlcsnap_2025-03-16-15h14m02s970.jpg,vlcsnap_2025-03-16-15h14m57s465.jpg,1867,1876,val,val,filename_date:2025-03-16,filename_date:2025-03-16,16,4,0.014276514761149883,False,,,
vlcsnap_2025-03-16-15h18m48s028.jpg,vlcsnap_2025-03-16-15h19m38s185.jpg,1910,1917,val,val,filename_date:2025-03-16,filename_date:2025-03-16,20,4,0.014277941547334194,False,,,
vlcsnap_2025-03-16-15h15m46s340.jpg,vlcsnap_2025-03-16-15h19m02s496.jpg,1886,1912,val,val,filename_date:2025-03-16,filename_date:2025-03-16,26,4,0.014285711571574211,False,,,
vlcsnap_2025-03-16-15h21m03s270.jpg,vlcsnap_2025-03-16-15h21m07s952.jpg,1924,1925,val,val,filename_date:2025-03-16,filename_date:2025-03-16,16,4,0.014308487065136433,False,,,
vlcsnap-00037.jpg,vlcsnap_2025-03-16-15h16m01s326.jpg,139,1890,val,val,unknown_session,filename_date:2025-03-16,20,4,0.01443408615887165,False,,,
vlcsnap_2025-03-16-15h17m18s760.jpg,vlcsnap_2025-03-16-15h19m36s147.jpg,1899,1916,val,val,filename_date:2025-03-16,filename_date:2025-03-16,28,4,0.014565717428922653,False,,,
vlcsnap-00042.jpg,vlcsnap_2025-03-16-15h14m02s970.jpg,144,1867,val,val,unknown_session,filename_date:2025-03-16,20,4,0.014649667777121067,False,,,
vlcsnap_2025-03-16-15h14m57s465.jpg,vlcsnap_2025-03-16-15h18m48s028.jpg,1876,1910,val,val,filename_date:2025-03-16,filename_date:2025-03-16,18,4,0.014651449397206306,False,,,
vlcsnap_2025-03-16-15h14m02s970.jpg,vlcsnap_2025-03-16-15h18m37s334.jpg,1867,1907,val,val,filename_date:2025-03-16,filename_date:2025-03-16,18,4,0.014688734896481037,False,,,
vlcsnap_2025-03-16-15h15m53s196.jpg,vlcsnap_2025-03-16-15h18m48s028.jpg,1888,1910,val,val,filename_date:2025-03-16,filename_date:2025-03-16,20,4,0.014739851467311382,False,,,
vlcsnap_2025-03-16-15h14m02s970.jpg,vlcsnap_2025-03-16-15h17m18s760.jpg,1867,1899,val,val,filename_date:2025-03-16,filename_date:2025-03-16,20,4,0.014875520952045918,False,,,
vlcsnap_2025-03-16-15h19m02s496.jpg,vlcsnap_2025-03-16-15h20m55s801.jpg,1912,1923,val,val,filename_date:2025-03-16,filename_date:2025-03-16,20,4,0.014882978051900864,False,,,
vlcsnap_2025-03-16-15h19m04s832.jpg,vlcsnap_2025-03-16-15h20m18s580.jpg,1913,1920,val,val,filename_date:2025-03-16,filename_date:2025-03-16,22,4,0.015080826357007027,False,,,
vlcsnap_2025-03-16-15h13m58s251.jpg,vlcsnap_2025-03-16-15h14m02s970.jpg,1866,1867,val,val,filename_date:2025-03-16,filename_date:2025-03-16,18,4,0.015135846100747585,False,,,
vlcsnap_2025-03-16-15h16m01s326.jpg,vlcsnap_2025-03-16-15h20m55s801.jpg,1890,1923,val,val,filename_date:2025-03-16,filename_date:2025-03-16,16,4,0.01517738401889801,False,,,
vlcsnap_2025-03-16-15h14m02s970.jpg,vlcsnap_2025-03-16-15h20m14s119.jpg,1867,1918,val,val,filename_date:2025-03-16,filename_date:2025-03-16,24,4,0.015389133244752884,False,,,
vlcsnap_2025-03-16-15h15m07s464.jpg,vlcsnap_2025-03-16-15h19m14s872.jpg,1878,1914,val,val,filename_date:2025-03-16,filename_date:2025-03-16,24,4,0.015404807403683662,False,,,
vlcsnap_2025-03-16-15h15m43s873.jpg,vlcsnap_2025-03-16-15h15m56s199.jpg,1885,1889,val,val,filename_date:2025-03-16,filename_date:2025-03-16,16,4,0.01553727313876152,False,,,
vlcsnap_2025-03-16-15h15m53s196.jpg,vlcsnap_2025-03-16-15h19m02s496.jpg,1888,1912,val,val,filename_date:2025-03-16,filename_date:2025-03-16,22,4,0.015586880967020988,False,,,
vlcsnap_2025-03-16-15h18m58s066.jpg,vlcsnap_2025-03-16-15h20m55s801.jpg,1911,1923,val,val,filename_date:2025-03-16,filename_date:2025-03-16,20,4,0.015617264434695244,False,,,
vlcsnap_2025-03-16-15h19m14s872.jpg,vlcsnap_2025-03-16-15h21m03s270.jpg,1914,1924,val,val,filename_date:2025-03-16,filename_date:2025-03-16,22,4,0.01574951969087124,False,,,
vlcsnap-2025-02-19-13h53m10s535.jpg,vlcsnap-2025-02-19-13h53m16s389.jpg,906,910,train,train,filename_date:2025-02-19,filename_date:2025-02-19,12,4,0.01575571298599243,False,,,
vlcsnap_2025-03-16-15h13m58s251.jpg,vlcsnap_2025-03-16-15h19m36s147.jpg,1866,1916,val,val,filename_date:2025-03-16,filename_date:2025-03-16,22,4,0.015917755663394928,False,,,
vlcsnap_2025-03-16-15h14m02s970.jpg,vlcsnap_2025-03-16-15h19m02s496.jpg,1867,1912,val,val,filename_date:2025-03-16,filename_date:2025-03-16,22,4,0.015949487686157227,False,,,
vlcsnap_2025-03-16-15h17m09s290.jpg,vlcsnap_2025-03-16-15h20m26s297.jpg,1897,1921,val,val,filename_date:2025-03-16,filename_date:2025-03-16,16,4,0.01607753150165081,False,,,
vlcsnap_2025-03-16-15h15m48s964.jpg,vlcsnap_2025-03-16-15h19m04s832.jpg,1887,1913,val,val,filename_date:2025-03-16,filename_date:2025-03-16,28,4,0.016197990626096725,False,,,
vlcsnap_2025-03-16-15h16m01s326.jpg,vlcsnap_2025-03-16-15h19m02s496.jpg,1890,1912,val,val,filename_date:2025-03-16,filename_date:2025-03-16,20,4,0.016405221074819565,False,,,
vlcsnap-2025-02-18-17h10m55s165.jpg,vlcsnap-2025-02-18-17h10m56s572.jpg,419,420,train,train,filename_date:2025-02-18,filename_date:2025-02-18,4,15,0.016443274915218353,False,,,
vlcsnap_2025-03-16-15h17m03s874.jpg,vlcsnap_2025-03-16-15h20m14s119.jpg,1896,1918,val,val,filename_date:2025-03-16,filename_date:2025-03-16,20,4,0.016745202243328094,False,,,
vlcsnap_2025-03-16-15h18m37s334.jpg,vlcsnap_2025-03-16-15h19m02s496.jpg,1907,1912,val,val,filename_date:2025-03-16,filename_date:2025-03-16,14,4,0.016878491267561913,False,,,
vlcsnap_2025-03-16-15h16m01s326.jpg,vlcsnap_2025-03-16-15h18m58s066.jpg,1890,1911,val,val,filename_date:2025-03-16,filename_date:2025-03-16,18,4,0.017024006694555283,False,,,
vlcsnap-2025-02-19-14h19m06s730.jpg,vlcsnap-2025-02-19-14h19m11s006.jpg,1135,1138,train,train,filename_date:2025-02-19,filename_date:2025-02-19,4,11,0.017080169171094894,False,,,
vlcsnap_2025-03-16-15h15m53s196.jpg,vlcsnap_2025-03-16-15h18m37s334.jpg,1888,1907,val,val,filename_date:2025-03-16,filename_date:2025-03-16,20,4,0.01712985709309578,False,,,
vlcsnap_2025-03-16-15h15m48s964.jpg,vlcsnap_2025-03-16-15h17m09s290.jpg,1887,1897,val,val,filename_date:2025-03-16,filename_date:2025-03-16,26,4,0.0173703171312809,False,,,
vlcsnap_2025-03-16-15h15m41s480.jpg,vlcsnap_2025-03-16-15h17m09s290.jpg,1884,1897,val,val,filename_date:2025-03-16,filename_date:2025-03-16,18,4,0.017662785947322845,False,,,
vlcsnap_2025-03-16-15h15m48s964.jpg,vlcsnap_2025-03-16-15h21m03s270.jpg,1887,1924,val,val,filename_date:2025-03-16,filename_date:2025-03-16,22,4,0.01772233098745346,False,,,
vlcsnap-2025-02-19-13h53m12s243.jpg,vlcsnap-2025-02-19-13h53m18s160.jpg,907,911,train,train,filename_date:2025-02-19,filename_date:2025-02-19,16,4,0.017899487167596817,False,,,
vlcsnap_2025-03-16-15h15m07s464.jpg,vlcsnap_2025-03-16-15h15m48s964.jpg,1878,1887,val,val,filename_date:2025-03-16,filename_date:2025-03-16,20,4,0.0179253239184618,False,,,
vlcsnap-2025-02-19-13h53m21s401.jpg,vlcsnap-2025-02-19-14h06m28s504.jpg,912,980,train,train,filename_date:2025-02-19,filename_date:2025-02-19,22,4,0.01796931028366089,False,,,
vlcsnap_2025-03-16-15h16m01s326.jpg,vlcsnap_2025-03-16-15h19m36s147.jpg,1890,1916,val,val,filename_date:2025-03-16,filename_date:2025-03-16,20,4,0.01813332363963127,False,,,
vlcsnap_2025-03-16-15h16m01s326.jpg,vlcsnap_2025-03-16-15h17m18s760.jpg,1890,1899,val,val,filename_date:2025-03-16,filename_date:2025-03-16,22,4,0.018329862505197525,False,,,
vlcsnap_2025-03-16-15h14m02s970.jpg,vlcsnap_2025-03-16-15h19m38s185.jpg,1867,1917,val,val,filename_date:2025-03-16,filename_date:2025-03-16,28,4,0.018506912514567375,False,,,
vlcsnap_2025-03-16-15h15m41s480.jpg,vlcsnap_2025-03-16-15h20m26s297.jpg,1884,1921,val,val,filename_date:2025-03-16,filename_date:2025-03-16,22,4,0.018520619720220566,False,,,
vlcsnap_2025-03-16-15h17m03s874.jpg,vlcsnap_2025-03-16-15h18m22s918.jpg,1896,1903,val,val,filename_date:2025-03-16,filename_date:2025-03-16,18,4,0.01857282966375351,False,,,
vlcsnap-00037.jpg,vlcsnap_2025-03-16-15h17m03s874.jpg,139,1896,val,val,unknown_session,filename_date:2025-03-16,22,4,0.018601886928081512,False,,,
vlcsnap-00041.jpg,vlcsnap_2025-03-16-15h14m02s970.jpg,143,1867,val,val,unknown_session,filename_date:2025-03-16,18,4,0.018643243238329887,False,,,
vlcsnap-2025-02-18-18h33m05s266.jpg,vlcsnap-2025-02-18-18h33m06s501.jpg,503,504,train,train,filename_date:2025-02-18,filename_date:2025-02-18,8,4,0.018958786502480507,False,,,
vlcsnap_2025-03-16-15h15m46s340.jpg,vlcsnap_2025-03-16-15h19m36s147.jpg,1886,1916,val,val,filename_date:2025-03-16,filename_date:2025-03-16,32,4,0.019297540187835693,False,,,
vlcsnap-00042.jpg,vlcsnap_2025-03-16-15h15m53s196.jpg,144,1888,val,val,unknown_session,filename_date:2025-03-16,18,4,0.019369201734662056,False,,,
vlcsnap-2025-02-19-14h00m47s155.jpg,vlcsnap-2025-02-19-14h00m49s193.jpg,953,954,train,train,filename_date:2025-02-19,filename_date:2025-02-19,8,4,0.01941334642469883,False,,,
vlcsnap_2025-03-16-15h18m37s334.jpg,vlcsnap_2025-03-16-15h19m36s147.jpg,1907,1916,val,val,filename_date:2025-03-16,filename_date:2025-03-16,18,4,0.019734710454940796,False,,,
vlcsnap_2025-03-16-15h15m53s196.jpg,vlcsnap_2025-03-16-15h19m38s185.jpg,1888,1917,val,val,filename_date:2025-03-16,filename_date:2025-03-16,28,4,0.01992291957139969,False,,,
vlcsnap_2025-03-16-15h18m34s046.jpg,vlcsnap_2025-03-16-15h20m18s580.jpg,1906,1920,val,val,filename_date:2025-03-16,filename_date:2025-03-16,18,4,0.020003825426101685,False,,,
vlcsnap_2025-03-16-15h14m57s465.jpg,vlcsnap_2025-03-16-15h18m58s066.jpg,1876,1911,val,val,filename_date:2025-03-16,filename_date:2025-03-16,18,4,0.020189283415675163,False,,,
vlcsnap_2025-03-16-15h17m03s874.jpg,vlcsnap_2025-03-16-15h18m37s334.jpg,1896,1907,val,val,filename_date:2025-03-16,filename_date:2025-03-16,22,4,0.02031814679503441,False,,,
vlcsnap_2025-03-16-15h15m53s196.jpg,vlcsnap_2025-03-16-15h17m03s874.jpg,1888,1896,val,val,filename_date:2025-03-16,filename_date:2025-03-16,20,4,0.020402997732162476,False,,,
vlcsnap-00037.jpg,vlcsnap_2025-03-16-15h14m57s465.jpg,139,1876,val,val,unknown_session,filename_date:2025-03-16,18,4,0.02090001478791237,False,,,
vlcsnap-00032.jpg,vlcsnap-00037.jpg,134,139,val,val,unknown_session,unknown_session,28,4,0.02094649337232113,False,,,
vlcsnap_2025-03-16-15h15m48s964.jpg,vlcsnap_2025-03-16-15h20m26s297.jpg,1887,1921,val,val,filename_date:2025-03-16,filename_date:2025-03-16,30,4,0.021080046892166138,False,,,
vlcsnap-00030.jpg,vlcsnap_2025-03-16-15h15m41s480.jpg,132,1884,val,val,unknown_session,filename_date:2025-03-16,26,4,0.021106285974383354,False,,,
vlcsnap_2025-03-16-15h16m01s326.jpg,vlcsnap_2025-03-16-15h20m16s505.jpg,1890,1919,val,val,filename_date:2025-03-16,filename_date:2025-03-16,24,4,0.021200448274612427,False,,,
vlcsnap-00029.jpg,vlcsnap_2025-03-16-15h17m09s290.jpg,131,1897,val,val,unknown_session,filename_date:2025-03-16,20,4,0.02127945050597191,False,,,
vlcsnap_2025-03-16-15h18m34s046.jpg,vlcsnap_2025-03-16-15h20m26s297.jpg,1906,1921,val,val,filename_date:2025-03-16,filename_date:2025-03-16,22,4,0.02132878638803959,False,,,
vlcsnap_2025-03-16-15h14m02s970.jpg,vlcsnap_2025-03-16-15h15m46s340.jpg,1867,1886,val,val,filename_date:2025-03-16,filename_date:2025-03-16,16,4,0.02143731527030468,False,,,
vlcsnap_2025-03-16-15h15m46s340.jpg,vlcsnap_2025-03-16-15h20m16s505.jpg,1886,1919,val,val,filename_date:2025-03-16,filename_date:2025-03-16,28,4,0.021663010120391846,False,,,
vlcsnap_2025-03-16-15h14m57s465.jpg,vlcsnap_2025-03-16-15h19m36s147.jpg,1876,1916,val,val,filename_date:2025-03-16,filename_date:2025-03-16,26,4,0.021764004603028297,False,,,
vlcsnap_2025-03-16-15h15m48s964.jpg,vlcsnap_2025-03-16-15h20m18s580.jpg,1887,1920,val,val,filename_date:2025-03-16,filename_date:2025-03-16,30,4,0.021905791014432907,False,,,
vlcsnap-00042.jpg,vlcsnap_2025-03-16-15h18m48s028.jpg,144,1910,val,val,unknown_session,filename_date:2025-03-16,24,4,0.022232983261346817,False,,,
vlcsnap_2025-03-16-15h15m43s873.jpg,vlcsnap_2025-03-16-15h20m18s580.jpg,1885,1920,val,val,filename_date:2025-03-16,filename_date:2025-03-16,28,4,0.022465765476226807,False,,,
vlcsnap_2025-03-16-15h15m46s340.jpg,vlcsnap_2025-03-16-15h16m01s326.jpg,1886,1890,val,val,filename_date:2025-03-16,filename_date:2025-03-16,24,4,0.02248101681470871,False,,,
vlcsnap_2025-03-16-15h15m56s199.jpg,vlcsnap_2025-03-16-15h20m26s297.jpg,1889,1921,val,val,filename_date:2025-03-16,filename_date:2025-03-16,26,4,0.02275386080145836,False,,,
vlcsnap-2025-02-19-14h17m43s931.jpg,vlcsnap-2025-02-19-14h17m45s679.jpg,1102,1103,train,train,filename_date:2025-02-19,filename_date:2025-02-19,4,16,0.0228318702429533,False,,,
vlcsnap-00037.jpg,vlcsnap_2025-03-16-15h18m48s028.jpg,139,1910,val,val,unknown_session,filename_date:2025-03-16,24,4,0.023013658821582794,False,,,
vlcsnap-2025-02-19-14h00m45s970.jpg,vlcsnap-2025-02-19-14h00m49s193.jpg,952,954,train,train,filename_date:2025-02-19,filename_date:2025-02-19,12,4,0.02366371639072895,False,,,
vlcsnap-00037.jpg,vlcsnap_2025-03-16-15h19m36s147.jpg,139,1916,val,val,unknown_session,filename_date:2025-03-16,30,4,0.023725256323814392,False,,,
vlcsnap-00042.jpg,vlcsnap_2025-03-16-15h20m16s505.jpg,144,1919,val,val,unknown_session,filename_date:2025-03-16,22,4,0.024055607616901398,False,,,
vlcsnap-00030.jpg,vlcsnap_2025-03-16-15h15m56s199.jpg,132,1889,val,val,unknown_session,filename_date:2025-03-16,22,4,0.02495352178812027,False,,,
vlcsnap-00037.jpg,vlcsnap_2025-03-16-15h18m58s066.jpg,139,1911,val,val,unknown_session,filename_date:2025-03-16,22,4,0.025123175233602524,False,,,
vlcsnap-00030.jpg,vlcsnap_2025-03-16-15h19m14s872.jpg,132,1914,val,val,unknown_session,filename_date:2025-03-16,26,4,0.025164306163787842,False,,,
vlcsnap-00032.jpg,vlcsnap_2025-03-16-15h18m58s066.jpg,134,1911,val,val,unknown_session,filename_date:2025-03-16,24,4,0.025493327528238297,False,,,
vlcsnap-00029.jpg,vlcsnap_2025-03-16-15h19m04s832.jpg,131,1913,val,val,unknown_session,filename_date:2025-03-16,28,4,0.025922222062945366,False,,,
vlcsnap-00030.jpg,vlcsnap_2025-03-16-15h19m19s343.jpg,132,1915,val,val,unknown_session,filename_date:2025-03-16,24,4,0.02605954185128212,False,,,
vlcsnap-00032.jpg,vlcsnap_2025-03-16-15h19m36s147.jpg,134,1916,val,val,unknown_session,filename_date:2025-03-16,24,4,0.0260956808924675,False,,,
vlcsnap-00030.jpg,vlcsnap_2025-03-16-15h15m48s964.jpg,132,1887,val,val,unknown_session,filename_date:2025-03-16,28,4,0.026686184108257294,False,,,
vlcsnap-00007.jpg,vlcsnap-00037.jpg,109,139,val,val,unknown_session,unknown_session,26,4,0.02678891085088253,False,,,
vlcsnap-00042.jpg,vlcsnap_2025-03-16-15h18m37s334.jpg,144,1907,val,val,unknown_session,filename_date:2025-03-16,26,4,0.02837071754038334,False,,,
vlcsnap_2025-03-16-15h15m07s464.jpg,vlcsnap_2025-03-16-15h18m34s046.jpg,1878,1906,val,val,filename_date:2025-03-16,filename_date:2025-03-16,18,4,0.02919383905827999,False,,,
vlcsnap-00028.jpg,vlcsnap_2025-03-16-15h15m07s464.jpg,130,1878,val,val,unknown_session,filename_date:2025-03-16,24,4,0.029840899631381035,False,,,
vlcsnap-00030.jpg,vlcsnap_2025-03-16-15h20m26s297.jpg,132,1921,val,val,unknown_session,filename_date:2025-03-16,18,4,0.02986927144229412,False,,,
vlcsnap_2025-03-16-15h17m30s232.jpg,vlcsnap_2025-03-16-15h18m37s334.jpg,1900,1907,val,val,filename_date:2025-03-16,filename_date:2025-03-16,26,4,0.029956795275211334,False,,,
vlcsnap_2025-03-16-15h18m34s046.jpg,vlcsnap_2025-03-16-15h19m04s832.jpg,1906,1913,val,val,filename_date:2025-03-16,filename_date:2025-03-16,24,4,0.03064115159213543,False,,,
vlcsnap-00032.jpg,vlcsnap_2025-03-16-15h20m16s505.jpg,134,1919,val,val,unknown_session,filename_date:2025-03-16,20,4,0.03066202625632286,False,,,
vlcsnap-00031.jpg,vlcsnap_2025-03-16-15h15m07s464.jpg,133,1878,val,val,unknown_session,filename_date:2025-03-16,26,4,0.030670030042529106,False,,,
vlcsnap-00030.jpg,vlcsnap_2025-03-16-15h15m07s464.jpg,132,1878,val,val,unknown_session,filename_date:2025-03-16,26,4,0.031204525381326675,False,,,
vlcsnap_2025-03-16-15h17m30s232.jpg,vlcsnap_2025-03-16-15h19m02s496.jpg,1900,1912,val,val,filename_date:2025-03-16,filename_date:2025-03-16,28,4,0.03152206912636757,False,,,
vlcsnap-00032.jpg,vlcsnap_2025-03-16-15h18m48s028.jpg,134,1910,val,val,unknown_session,filename_date:2025-03-16,24,4,0.03156426548957825,False,,,
vlcsnap-00029.jpg,vlcsnap_2025-03-16-15h15m07s464.jpg,131,1878,val,val,unknown_session,filename_date:2025-03-16,30,4,0.03194783627986908,False,,,
vlcsnap-00030.jpg,vlcsnap_2025-03-16-15h20m18s580.jpg,132,1920,val,val,unknown_session,filename_date:2025-03-16,20,4,0.032083477824926376,False,,,
vlcsnap_2025-03-16-15h17m09s290.jpg,vlcsnap_2025-03-16-15h18m34s046.jpg,1897,1906,val,val,filename_date:2025-03-16,filename_date:2025-03-16,18,4,0.03342567756772041,False,,,
vlcsnap-00007.jpg,vlcsnap_2025-03-16-15h20m55s801.jpg,109,1923,val,val,unknown_session,filename_date:2025-03-16,22,4,0.03352430835366249,False,,,
vlcsnap_2025-03-16-15h17m30s232.jpg,vlcsnap_2025-03-16-15h19m38s185.jpg,1900,1917,val,val,filename_date:2025-03-16,filename_date:2025-03-16,32,4,0.03505672514438629,False,,,
vlcsnap-2025-02-19-14h05m09s849.jpg,vlcsnap-2025-02-19-14h06m18s450.jpg,977,979,train,train,filename_date:2025-02-19,filename_date:2025-02-19,22,4,0.03510335087776184,False,,,
vlcsnap_2025-03-16-15h18m34s046.jpg,vlcsnap_2025-03-16-15h21m03s270.jpg,1906,1924,val,val,filename_date:2025-03-16,filename_date:2025-03-16,24,4,0.03518662229180336,False,,,
vlcsnap-2025-02-19-14h05m11s136.jpg,vlcsnap-2025-02-19-14h06m18s450.jpg,978,979,train,train,filename_date:2025-02-19,filename_date:2025-02-19,24,4,0.035594794899225235,False,,,
vlcsnap_2025-03-16-15h15m43s873.jpg,vlcsnap_2025-03-16-15h18m34s046.jpg,1885,1906,val,val,filename_date:2025-03-16,filename_date:2025-03-16,24,4,0.03612857311964035,False,,,
vlcsnap_2025-03-16-15h15m56s199.jpg,vlcsnap_2025-03-16-15h18m34s046.jpg,1889,1906,val,val,filename_date:2025-03-16,filename_date:2025-03-16,20,4,0.03681199625134468,False,,,
vlcsnap_2025-03-16-15h15m20s219.jpg,vlcsnap_2025-03-16-15h15m53s196.jpg,1881,1888,val,val,filename_date:2025-03-16,filename_date:2025-03-16,22,4,0.03693143278360367,False,,,
vlcsnap_2025-03-16-15h15m41s480.jpg,vlcsnap_2025-03-16-15h18m34s046.jpg,1884,1906,val,val,filename_date:2025-03-16,filename_date:2025-03-16,22,4,0.037140142172575,False,,,
vlcsnap-2025-02-19-14h04m31s687.jpg,vlcsnap-2025-02-19-14h04m33s119.jpg,970,971,train,train,filename_date:2025-02-19,filename_date:2025-02-19,6,5,0.0023123451974242926,False,,,
vlcsnap-2025-02-18-23h15m43s091.jpg,vlcsnap-2025-02-18-23h15m45s809.jpg,759,761,train,train,filename_date:2025-02-18,filename_date:2025-02-18,6,5,0.002378699369728565,False,,,
vlcsnap-2025-02-19-14h22m37s644.jpg,vlcsnap-2025-02-19-14h22m38s648.jpg,1206,1207,train,train,filename_date:2025-02-19,filename_date:2025-02-19,6,5,0.0033606195356696844,False,,,
vlcsnap-2025-02-18-18h47m13s411.jpg,vlcsnap-2025-02-18-18h47m15s656.jpg,651,652,train,train,filename_date:2025-02-18,filename_date:2025-02-18,10,5,0.0034739780239760876,False,,,
vlcsnap-2025-02-18-18h47m31s082.jpg,vlcsnap-2025-02-18-18h47m32s390.jpg,663,664,train,train,filename_date:2025-02-18,filename_date:2025-02-18,6,5,0.003537521930411458,False,,,
vlcsnap-2025-02-18-23h30m28s990.jpg,vlcsnap-2025-02-18-23h30m29s192.jpg,883,884,train,train,filename_date:2025-02-18,filename_date:2025-02-18,6,5,0.0041781943291425705,False,,,
vlcsnap-2025-02-18-23h23m55s225.jpg,vlcsnap-2025-02-18-23h23m56s608.jpg,789,790,train,train,filename_date:2025-02-18,filename_date:2025-02-18,8,5,0.004384939093142748,False,,,
vlcsnap-2025-02-19-13h53m26s148.jpg,vlcsnap-2025-02-19-13h53m27s318.jpg,915,916,train,train,filename_date:2025-02-19,filename_date:2025-02-19,6,5,0.004401145502924919,False,,,
vlcsnap-2025-02-18-18h47m06s542.jpg,vlcsnap-2025-02-18-18h47m07s604.jpg,646,647,train,train,filename_date:2025-02-18,filename_date:2025-02-18,8,5,0.004579635336995125,False,,,
vlcsnap-2025-02-18-23h08m05s215.jpg,vlcsnap-2025-02-18-23h08m06s820.jpg,685,686,train,train,filename_date:2025-02-18,filename_date:2025-02-18,8,5,0.0046171750873327255,False,,,
vlcsnap-2025-02-18-23h14m21s092.jpg,vlcsnap-2025-02-18-23h14m22s569.jpg,738,739,train,train,filename_date:2025-02-18,filename_date:2025-02-18,10,5,0.004673283081501722,False,,,
vlcsnap-2025-02-19-13h52m29s173.jpg,vlcsnap-2025-02-19-13h52m35s172.jpg,892,893,train,train,filename_date:2025-02-19,filename_date:2025-02-19,8,5,0.004802260082215071,False,,,
vlcsnap-2025-02-18-18h46m37s488.jpg,vlcsnap-2025-02-18-18h46m38s911.jpg,629,630,train,train,filename_date:2025-02-18,filename_date:2025-02-18,6,5,0.0051894038915634155,False,,,
vlcsnap-2025-02-18-23h15m35s771.jpg,vlcsnap-2025-02-18-23h15m37s152.jpg,756,757,train,train,filename_date:2025-02-18,filename_date:2025-02-18,8,5,0.005325816571712494,False,,,
vlcsnap-2025-02-19-13h52m55s313.jpg,vlcsnap-2025-02-19-13h52m57s218.jpg,897,898,train,train,filename_date:2025-02-19,filename_date:2025-02-19,6,5,0.005637488327920437,False,,,
vlcsnap-2025-02-18-23h24m02s649.jpg,vlcsnap-2025-02-18-23h24m03s729.jpg,792,793,train,train,filename_date:2025-02-18,filename_date:2025-02-18,8,5,0.005737584084272385,False,,,
vlcsnap-2025-02-19-14h04m52s830.jpg,vlcsnap-2025-02-19-14h04m54s435.jpg,973,974,train,train,filename_date:2025-02-19,filename_date:2025-02-19,6,5,0.0060091204941272736,False,,,
vlcsnap-2025-02-18-18h30m32s079.jpg,vlcsnap-2025-02-18-18h30m33s080.jpg,442,443,train,train,filename_date:2025-02-18,filename_date:2025-02-18,8,5,0.0060163033194839954,False,,,
vlcsnap-2025-02-19-14h08m51s334.jpg,vlcsnap-2025-02-19-14h08m52s868.jpg,995,996,train,train,filename_date:2025-02-19,filename_date:2025-02-19,12,5,0.006089785136282444,False,,,
vlcsnap_2025-03-16-15h15m56s199.jpg,vlcsnap_2025-03-16-15h16m01s326.jpg,1889,1890,val,val,filename_date:2025-03-16,filename_date:2025-03-16,10,5,0.006294293329119682,False,,,
vlcsnap-2025-02-26-20h37m58s129.jpg,vlcsnap-2025-02-26-20h37m59s545.jpg,1792,1793,test,test,filename_date:2025-02-26,filename_date:2025-02-26,10,5,0.006671472918242216,False,,,
vlcsnap-2025-02-18-23h30m28s299.jpg,vlcsnap-2025-02-18-23h30m29s649.jpg,880,886,train,train,filename_date:2025-02-18,filename_date:2025-02-18,10,5,0.0068307858891785145,False,,,
vlcsnap-2025-02-18-18h46m50s688.jpg,vlcsnap-2025-02-18-18h46m52s102.jpg,637,638,train,train,filename_date:2025-02-18,filename_date:2025-02-18,8,5,0.007843878120183945,False,,,
vlcsnap-2025-02-26-20h37m56s705.jpg,vlcsnap-2025-02-26-20h37m58s129.jpg,1791,1792,test,test,filename_date:2025-02-26,filename_date:2025-02-26,10,5,0.007866719737648964,False,,,
vlcsnap-2025-02-19-15h07m59s774.jpg,vlcsnap-2025-02-19-15h08m00s922.jpg,1467,1468,train,train,filename_date:2025-02-19,filename_date:2025-02-19,6,5,0.008030210621654987,False,,,
vlcsnap-2025-02-18-17h01m32s441.jpg,vlcsnap-2025-02-18-17h01m34s533.jpg,319,320,train,train,filename_date:2025-02-18,filename_date:2025-02-18,6,5,0.008072223514318466,False,,,
vlcsnap-2025-02-18-18h32m12s999.jpg,vlcsnap-2025-02-18-18h32m14s311.jpg,476,477,train,train,filename_date:2025-02-18,filename_date:2025-02-18,10,5,0.008188850246369839,False,,,
vlcsnap-2025-02-18-23h30m26s420.jpg,vlcsnap-2025-02-18-23h30m28s299.jpg,879,880,train,train,filename_date:2025-02-18,filename_date:2025-02-18,18,5,0.00827204529196024,False,,,
vlcsnap-00030.jpg,vlcsnap-00032.jpg,132,134,val,val,unknown_session,unknown_session,22,5,0.008585881441831589,False,,,
vlcsnap-2025-02-19-14h28m55s809.jpg,vlcsnap-2025-02-19-14h28m56s662.jpg,1270,1271,train,train,filename_date:2025-02-19,filename_date:2025-02-19,10,5,0.008791009895503521,False,,,
vlcsnap-2025-02-19-14h00m34s961.jpg,vlcsnap-2025-02-19-14h00m36s546.jpg,948,949,train,train,filename_date:2025-02-19,filename_date:2025-02-19,6,5,0.008971583098173141,False,,,
vlcsnap-2025-02-19-13h59m42s553.jpg,vlcsnap-2025-02-19-14h00m24s299.jpg,946,947,train,train,filename_date:2025-02-19,filename_date:2025-02-19,6,5,0.009385939687490463,False,,,
vlcsnap_2025-03-16-15h14m57s465.jpg,vlcsnap_2025-03-16-15h15m07s464.jpg,1876,1878,val,val,filename_date:2025-03-16,filename_date:2025-03-16,14,5,0.009619925171136856,False,,,
vlcsnap-2025-02-18-23h25m43s507.jpg,vlcsnap-2025-02-18-23h25m45s670.jpg,819,821,train,train,filename_date:2025-02-18,filename_date:2025-02-18,10,5,0.009625392034649849,False,,,
vlcsnap_2025-03-16-15h18m48s028.jpg,vlcsnap_2025-03-16-15h19m19s343.jpg,1910,1915,val,val,filename_date:2025-03-16,filename_date:2025-03-16,14,5,0.009957962669432163,False,,,
vlcsnap-2025-02-19-13h53m10s535.jpg,vlcsnap-2025-02-19-13h53m12s243.jpg,906,907,train,train,filename_date:2025-02-19,filename_date:2025-02-19,12,5,0.009990354999899864,False,,,
vlcsnap_2025-03-16-15h15m41s480.jpg,vlcsnap_2025-03-16-15h19m38s185.jpg,1884,1917,val,val,filename_date:2025-03-16,filename_date:2025-03-16,22,5,0.010503413155674934,False,,,
vlcsnap-2025-02-19-14h18m21s417.jpg,vlcsnap-2025-02-19-14h18m22s350.jpg,1119,1120,train,train,filename_date:2025-02-19,filename_date:2025-02-19,8,5,0.010710985399782658,False,,,
vlcsnap_2025-03-16-15h18m48s028.jpg,vlcsnap_2025-03-16-15h20m18s580.jpg,1910,1920,val,val,filename_date:2025-03-16,filename_date:2025-03-16,14,5,0.010715115815401077,False,,,
vlcsnap_2025-03-16-15h15m43s873.jpg,vlcsnap_2025-03-16-15h19m38s185.jpg,1885,1917,val,val,filename_date:2025-03-16,filename_date:2025-03-16,28,5,0.0109076714143157,False,,,
vlcsnap_2025-03-16-15h15m41s480.jpg,vlcsnap_2025-03-16-15h19m02s496.jpg,1884,1912,val,val,filename_date:2025-03-16,filename_date:2025-03-16,20,5,0.011036560870707035,False,,,
vlcsnap_2025-03-16-15h15m07s464.jpg,vlcsnap_2025-03-16-15h18m48s028.jpg,1878,1910,val,val,filename_date:2025-03-16,filename_date:2025-03-16,16,5,0.01132495142519474,False,,,
vlcsnap_2025-03-16-15h18m34s046.jpg,vlcsnap_2025-03-16-15h18m37s334.jpg,1906,1907,val,val,filename_date:2025-03-16,filename_date:2025-03-16,8,5,0.011338033713400364,False,,,
vlcsnap-2025-02-18-23h30m25s629.jpg,vlcsnap-2025-02-18-23h30m28s299.jpg,878,880,train,train,filename_date:2025-02-18,filename_date:2025-02-18,14,5,0.011429045349359512,False,,,
vlcsnap-00076.jpg,vlcsnap-00078.jpg,177,179,val,val,unknown_session,unknown_session,16,5,0.011623467318713665,False,,,
vlcsnap-2025-02-18-23h11m30s125.jpg,vlcsnap-2025-02-18-23h11m35s391.jpg,708,709,train,train,filename_date:2025-02-18,filename_date:2025-02-18,8,5,0.011958749033510685,False,,,
vlcsnap-2025-02-18-23h28m37s345.jpg,vlcsnap-2025-02-18-23h28m38s634.jpg,847,848,train,train,filename_date:2025-02-18,filename_date:2025-02-18,12,5,0.012102690525352955,False,,,
vlcsnap-00032.jpg,vlcsnap_2025-03-16-15h21m17s354.jpg,134,1929,val,val,unknown_session,filename_date:2025-03-16,16,5,0.012118350714445114,False,,,
vlcsnap_2025-03-16-15h18m37s334.jpg,vlcsnap_2025-03-16-15h20m18s580.jpg,1907,1920,val,val,filename_date:2025-03-16,filename_date:2025-03-16,18,5,0.012157156132161617,False,,,
vlcsnap_2025-03-16-15h18m48s028.jpg,vlcsnap_2025-03-16-15h20m26s297.jpg,1910,1921,val,val,filename_date:2025-03-16,filename_date:2025-03-16,18,5,0.012313506565988064,False,,,
vlcsnap-2025-02-19-13h53m10s535.jpg,vlcsnap-2025-02-19-13h53m14s903.jpg,906,909,train,train,filename_date:2025-02-19,filename_date:2025-02-19,12,5,0.012393123470246792,False,,,
vlcsnap_2025-03-16-15h15m07s464.jpg,vlcsnap_2025-03-16-15h15m53s196.jpg,1878,1888,val,val,filename_date:2025-03-16,filename_date:2025-03-16,10,5,0.012456975877285004,False,,,
vlcsnap_2025-03-16-15h15m07s464.jpg,vlcsnap_2025-03-16-15h20m55s801.jpg,1878,1923,val,val,filename_date:2025-03-16,filename_date:2025-03-16,20,5,0.012544233351945877,False,,,
vlcsnap_2025-03-16-15h19m14s872.jpg,vlcsnap_2025-03-16-15h20m55s801.jpg,1914,1923,val,val,filename_date:2025-03-16,filename_date:2025-03-16,18,5,0.013022501952946186,False,,,
vlcsnap_2025-03-16-15h18m48s028.jpg,vlcsnap_2025-03-16-15h19m14s872.jpg,1910,1914,val,val,filename_date:2025-03-16,filename_date:2025-03-16,14,5,0.01311436016112566,False,,,
vlcsnap-2025-02-18-17h01m48s245.jpg,vlcsnap-2025-02-18-17h01m53s564.jpg,323,325,train,train,filename_date:2025-02-18,filename_date:2025-02-18,10,5,0.013173120096325874,False,,,
vlcsnap_2025-03-16-15h15m43s873.jpg,vlcsnap_2025-03-16-15h15m53s196.jpg,1885,1888,val,val,filename_date:2025-03-16,filename_date:2025-03-16,12,5,0.01345798559486866,False,,,
vlcsnap_2025-03-16-15h13m58s251.jpg,vlcsnap_2025-03-16-15h19m19s343.jpg,1866,1915,val,val,filename_date:2025-03-16,filename_date:2025-03-16,22,5,0.013583545573055744,False,,,
vlcsnap_2025-03-16-15h17m18s760.jpg,vlcsnap_2025-03-16-15h19m19s343.jpg,1899,1915,val,val,filename_date:2025-03-16,filename_date:2025-03-16,24,5,0.013692496344447136,False,,,
vlcsnap_2025-03-16-15h15m53s196.jpg,vlcsnap_2025-03-16-15h21m03s270.jpg,1888,1924,val,val,filename_date:2025-03-16,filename_date:2025-03-16,20,5,0.013814172707498074,False,,,
vlcsnap-2025-02-19-17h03m47s237.jpg,vlcsnap-2025-02-19-17h03m49s630.jpg,1585,1586,train,train,filename_date:2025-02-19,filename_date:2025-02-19,12,5,0.013863999396562576,False,,,
vlcsnap_2025-03-16-15h15m48s964.jpg,vlcsnap_2025-03-16-15h17m18s760.jpg,1887,1899,val,val,filename_date:2025-03-16,filename_date:2025-03-16,20,5,0.013934231363236904,False,,,
vlcsnap_2025-03-16-15h19m04s832.jpg,vlcsnap_2025-03-16-15h20m16s505.jpg,1913,1919,val,val,filename_date:2025-03-16,filename_date:2025-03-16,26,5,0.013998215086758137,False,,,
vlcsnap_2025-03-16-15h18m37s334.jpg,vlcsnap_2025-03-16-15h19m19s343.jpg,1907,1915,val,val,filename_date:2025-03-16,filename_date:2025-03-16,14,5,0.014135275036096573,False,,,
vlcsnap_2025-03-16-15h19m19s343.jpg,vlcsnap_2025-03-16-15h20m55s801.jpg,1915,1923,val,val,filename_date:2025-03-16,filename_date:2025-03-16,22,5,0.014146481640636921,False,,,
vlcsnap_2025-03-16-15h13m58s251.jpg,vlcsnap_2025-03-16-15h15m43s873.jpg,1866,1885,val,val,filename_date:2025-03-16,filename_date:2025-03-16,18,5,0.014394879341125488,False,,,
vlcsnap_2025-03-16-15h15m07s464.jpg,vlcsnap_2025-03-16-15h18m22s918.jpg,1878,1903,val,val,filename_date:2025-03-16,filename_date:2025-03-16,18,5,0.014578829519450665,False,,,
vlcsnap_2025-03-16-15h15m53s196.jpg,vlcsnap_2025-03-16-15h17m09s290.jpg,1888,1897,val,val,filename_date:2025-03-16,filename_date:2025-03-16,18,5,0.01463380828499794,False,,,
vlcsnap_2025-03-16-15h13m58s251.jpg,vlcsnap_2025-03-16-15h15m48s964.jpg,1866,1887,val,val,filename_date:2025-03-16,filename_date:2025-03-16,18,5,0.015000240877270699,False,,,
vlcsnap-00042.jpg,vlcsnap_2025-03-16-15h15m56s199.jpg,144,1889,val,val,unknown_session,filename_date:2025-03-16,16,5,0.015055421739816666,False,,,
vlcsnap_2025-03-16-15h15m07s464.jpg,vlcsnap_2025-03-16-15h20m14s119.jpg,1878,1918,val,val,filename_date:2025-03-16,filename_date:2025-03-16,20,5,0.01514408178627491,False,,,
vlcsnap_2025-03-16-15h20m55s801.jpg,vlcsnap_2025-03-16-15h21m03s270.jpg,1923,1924,val,val,filename_date:2025-03-16,filename_date:2025-03-16,18,5,0.015217911452054977,False,,,
vlcsnap_2025-03-16-15h15m07s464.jpg,vlcsnap_2025-03-16-15h20m16s505.jpg,1878,1919,val,val,filename_date:2025-03-16,filename_date:2025-03-16,22,5,0.015241440385580063,False,,,
vlcsnap_2025-03-16-15h15m07s464.jpg,vlcsnap_2025-03-16-15h19m02s496.jpg,1878,1912,val,val,filename_date:2025-03-16,filename_date:2025-03-16,20,5,0.015301012434065342,False,,,
vlcsnap-00031.jpg,vlcsnap_2025-03-16-15h17m18s760.jpg,133,1899,val,val,unknown_session,filename_date:2025-03-16,16,5,0.01531482394784689,False,,,
vlcsnap-2025-02-19-14h56m50s870.jpg,vlcsnap-2025-02-19-14h56m51s808.jpg,1399,1400,train,train,filename_date:2025-02-19,filename_date:2025-02-19,16,5,0.01535588689148426,False,,,
vlcsnap-2025-02-19-15h10m20s504.jpg,vlcsnap-2025-02-19-15h10m21s566.jpg,1492,1493,train,train,filename_date:2025-02-19,filename_date:2025-02-19,8,5,0.01542292907834053,False,,,
vlcsnap_2025-03-16-15h15m46s340.jpg,vlcsnap_2025-03-16-15h19m04s832.jpg,1886,1913,val,val,filename_date:2025-03-16,filename_date:2025-03-16,28,5,0.015505407005548477,False,,,
vlcsnap_2025-03-16-15h17m18s760.jpg,vlcsnap_2025-03-16-15h19m14s872.jpg,1899,1914,val,val,filename_date:2025-03-16,filename_date:2025-03-16,28,5,0.01563403010368347,False,,,
vlcsnap-00030.jpg,vlcsnap_2025-03-16-15h17m18s760.jpg,132,1899,val,val,unknown_session,filename_date:2025-03-16,20,5,0.015781383961439133,False,,,
vlcsnap_2025-03-16-15h19m02s496.jpg,vlcsnap_2025-03-16-15h21m03s270.jpg,1912,1924,val,val,filename_date:2025-03-16,filename_date:2025-03-16,24,5,0.015839092433452606,False,,,
vlcsnap_2025-03-16-15h15m07s464.jpg,vlcsnap_2025-03-16-15h18m37s334.jpg,1878,1907,val,val,filename_date:2025-03-16,filename_date:2025-03-16,18,5,0.01591576635837555,False,,,
vlcsnap_2025-03-16-15h14m02s970.jpg,vlcsnap_2025-03-16-15h21m03s270.jpg,1867,1924,val,val,filename_date:2025-03-16,filename_date:2025-03-16,26,5,0.01596708968281746,False,,,
vlcsnap_2025-03-16-15h15m56s199.jpg,vlcsnap_2025-03-16-15h18m48s028.jpg,1889,1910,val,val,filename_date:2025-03-16,filename_date:2025-03-16,20,5,0.016136255115270615,False,,,
vlcsnap_2025-03-16-15h13m58s251.jpg,vlcsnap_2025-03-16-15h19m14s872.jpg,1866,1914,val,val,filename_date:2025-03-16,filename_date:2025-03-16,24,5,0.016568174585700035,False,,,
vlcsnap_2025-03-16-15h15m56s199.jpg,vlcsnap_2025-03-16-15h19m02s496.jpg,1889,1912,val,val,filename_date:2025-03-16,filename_date:2025-03-16,24,5,0.01663876138627529,False,,,
vlcsnap_2025-03-16-15h13m58s251.jpg,vlcsnap_2025-03-16-15h19m04s832.jpg,1866,1913,val,val,filename_date:2025-03-16,filename_date:2025-03-16,24,5,0.016657162457704544,False,,,
vlcsnap_2025-03-16-15h18m48s028.jpg,vlcsnap_2025-03-16-15h19m04s832.jpg,1910,1913,val,val,filename_date:2025-03-16,filename_date:2025-03-16,20,5,0.016715994104743004,False,,,
vlcsnap_2025-03-16-15h13m58s251.jpg,vlcsnap_2025-03-16-15h17m09s290.jpg,1866,1897,val,val,filename_date:2025-03-16,filename_date:2025-03-16,20,5,0.016716616228222847,False,,,
vlcsnap-00029.jpg,vlcsnap_2025-03-16-15h17m18s760.jpg,131,1899,val,val,unknown_session,filename_date:2025-03-16,20,5,0.016724124550819397,False,,,
vlcsnap_2025-03-16-15h15m07s464.jpg,vlcsnap_2025-03-16-15h17m03s874.jpg,1878,1896,val,val,filename_date:2025-03-16,filename_date:2025-03-16,18,5,0.01696942187845707,False,,,
vlcsnap-2025-02-19-13h53m10s535.jpg,vlcsnap-2025-02-19-13h53m18s160.jpg,906,911,train,train,filename_date:2025-02-19,filename_date:2025-02-19,14,5,0.017069684341549873,False,,,
vlcsnap_2025-03-16-15h15m48s964.jpg,vlcsnap_2025-03-16-15h16m01s326.jpg,1887,1890,val,val,filename_date:2025-03-16,filename_date:2025-03-16,22,5,0.017166081815958023,False,,,
vlcsnap-00042.jpg,vlcsnap_2025-03-16-15h15m07s464.jpg,144,1878,val,val,unknown_session,filename_date:2025-03-16,14,5,0.01729150116443634,False,,,
vlcsnap-2025-02-19-14h17m59s275.jpg,vlcsnap-2025-02-19-17h01m22s346.jpg,1111,1569,train,train,filename_date:2025-02-19,filename_date:2025-02-19,16,5,0.017312945798039436,False,,,
vlcsnap_2025-03-16-15h17m03s874.jpg,vlcsnap_2025-03-16-15h20m18s580.jpg,1896,1920,val,val,filename_date:2025-03-16,filename_date:2025-03-16,24,5,0.017437363043427467,False,,,
vlcsnap_2025-03-16-15h20m16s505.jpg,vlcsnap_2025-03-16-15h21m03s270.jpg,1919,1924,val,val,filename_date:2025-03-16,filename_date:2025-03-16,20,5,0.01747889630496502,False,,,
vlcsnap_2025-03-16-15h17m09s290.jpg,vlcsnap_2025-03-16-15h17m30s232.jpg,1897,1900,val,val,filename_date:2025-03-16,filename_date:2025-03-16,20,5,0.017513075843453407,False,,,
vlcsnap_2025-03-16-15h17m09s290.jpg,vlcsnap_2025-03-16-15h20m55s801.jpg,1897,1923,val,val,filename_date:2025-03-16,filename_date:2025-03-16,22,5,0.01752161979675293,False,,,
vlcsnap_2025-03-16-15h17m09s290.jpg,vlcsnap_2025-03-16-15h18m48s028.jpg,1897,1910,val,val,filename_date:2025-03-16,filename_date:2025-03-16,24,5,0.01753946766257286,False,,,
vlcsnap_2025-03-16-15h19m04s832.jpg,vlcsnap_2025-03-16-15h20m55s801.jpg,1913,1923,val,val,filename_date:2025-03-16,filename_date:2025-03-16,20,5,0.017669379711151123,False,,,
vlcsnap-00042.jpg,vlcsnap_2025-03-16-15h21m03s270.jpg,144,1924,val,val,unknown_session,filename_date:2025-03-16,26,5,0.01787930727005005,False,,,
vlcsnap_2025-03-16-15h20m14s119.jpg,vlcsnap_2025-03-16-15h21m03s270.jpg,1918,1924,val,val,filename_date:2025-03-16,filename_date:2025-03-16,22,5,0.01793343387544155,False,,,
vlcsnap_2025-03-16-15h15m41s480.jpg,vlcsnap_2025-03-16-15h16m01s326.jpg,1884,1890,val,val,filename_date:2025-03-16,filename_date:2025-03-16,16,5,0.018051616847515106,False,,,
vlcsnap_2025-03-16-15h15m48s964.jpg,vlcsnap_2025-03-16-15h18m48s028.jpg,1887,1910,val,val,filename_date:2025-03-16,filename_date:2025-03-16,24,5,0.018069611862301826,False,,,
vlcsnap_2025-03-16-15h14m02s970.jpg,vlcsnap_2025-03-16-15h20m26s297.jpg,1867,1921,val,val,filename_date:2025-03-16,filename_date:2025-03-16,24,5,0.018142834305763245,False,,,
vlcsnap_2025-03-16-15h15m07s464.jpg,vlcsnap_2025-03-16-15h19m38s185.jpg,1878,1917,val,val,filename_date:2025-03-16,filename_date:2025-03-16,24,5,0.018169762566685677,False,,,
vlcsnap_2025-03-16-15h19m38s185.jpg,vlcsnap_2025-03-16-15h21m03s270.jpg,1917,1924,val,val,filename_date:2025-03-16,filename_date:2025-03-16,24,5,0.018335161730647087,False,,,
vlcsnap_2025-03-16-15h13m58s251.jpg,vlcsnap_2025-03-16-15h15m07s464.jpg,1866,1878,val,val,filename_date:2025-03-16,filename_date:2025-03-16,16,5,0.018552608788013458,False,,,
vlcsnap-00028.jpg,vlcsnap-00037.jpg,130,139,val,val,unknown_session,unknown_session,14,5,0.0186351016163826,False,,,
vlcsnap_2025-03-16-15h15m48s964.jpg,vlcsnap_2025-03-16-15h18m37s334.jpg,1887,1907,val,val,filename_date:2025-03-16,filename_date:2025-03-16,22,5,0.018677866086363792,False,,,
vlcsnap_2025-03-16-15h14m57s465.jpg,vlcsnap_2025-03-16-15h19m19s343.jpg,1876,1915,val,val,filename_date:2025-03-16,filename_date:2025-03-16,20,5,0.0188455767929554,False,,,
vlcsnap_2025-03-16-15h18m34s046.jpg,vlcsnap_2025-03-16-15h18m48s028.jpg,1906,1910,val,val,filename_date:2025-03-16,filename_date:2025-03-16,14,5,0.01885439269244671,False,,,
vlcsnap_2025-03-16-15h17m03s874.jpg,vlcsnap_2025-03-16-15h20m26s297.jpg,1896,1921,val,val,filename_date:2025-03-16,filename_date:2025-03-16,18,5,0.018862957134842873,False,,,
vlcsnap_2025-03-16-15h16m01s326.jpg,vlcsnap_2025-03-16-15h19m04s832.jpg,1890,1913,val,val,filename_date:2025-03-16,filename_date:2025-03-16,24,5,0.018910346552729607,False,,,
vlcsnap_2025-03-16-15h15m46s340.jpg,vlcsnap_2025-03-16-15h15m56s199.jpg,1886,1889,val,val,filename_date:2025-03-16,filename_date:2025-03-16,16,5,0.018921874463558197,False,,,
vlcsnap_2025-03-16-15h14m02s970.jpg,vlcsnap_2025-03-16-15h19m04s832.jpg,1867,1913,val,val,filename_date:2025-03-16,filename_date:2025-03-16,28,5,0.019070135429501534,False,,,
vlcsnap_2025-03-16-15h14m57s465.jpg,vlcsnap_2025-03-16-15h18m34s046.jpg,1876,1906,val,val,filename_date:2025-03-16,filename_date:2025-03-16,16,5,0.019201554358005524,False,,,
vlcsnap_2025-03-16-15h15m56s199.jpg,vlcsnap_2025-03-16-15h17m03s874.jpg,1889,1896,val,val,filename_date:2025-03-16,filename_date:2025-03-16,20,5,0.019213244318962097,False,,,
vlcsnap_2025-03-16-15h18m22s918.jpg,vlcsnap_2025-03-16-15h21m03s270.jpg,1903,1924,val,val,filename_date:2025-03-16,filename_date:2025-03-16,22,5,0.019458601251244545,False,,,
vlcsnap-00030.jpg,vlcsnap-00042.jpg,132,144,val,val,unknown_session,unknown_session,24,5,0.019489353522658348,False,,,
vlcsnap_2025-03-16-15h17m09s290.jpg,vlcsnap_2025-03-16-15h18m37s334.jpg,1897,1907,val,val,filename_date:2025-03-16,filename_date:2025-03-16,22,5,0.0196915864944458,False,,,
vlcsnap_2025-03-16-15h18m37s334.jpg,vlcsnap_2025-03-16-15h19m14s872.jpg,1907,1914,val,val,filename_date:2025-03-16,filename_date:2025-03-16,18,5,0.01976059563457966,False,,,
vlcsnap_2025-03-16-15h15m53s196.jpg,vlcsnap_2025-03-16-15h19m04s832.jpg,1888,1913,val,val,filename_date:2025-03-16,filename_date:2025-03-16,30,5,0.019858339801430702,False,,,
vlcsnap-00029.jpg,vlcsnap-00037.jpg,131,139,val,val,unknown_session,unknown_session,18,5,0.020055443048477173,False,,,
vlcsnap-00037.jpg,vlcsnap_2025-03-16-15h15m48s964.jpg,139,1887,val,val,unknown_session,filename_date:2025-03-16,16,5,0.020304135978221893,False,,,
vlcsnap-2025-02-19-14h00m36s546.jpg,vlcsnap-2025-02-19-14h00m39s870.jpg,949,951,train,train,filename_date:2025-02-19,filename_date:2025-02-19,16,5,0.020629175007343292,False,,,
vlcsnap_2025-03-16-15h15m56s199.jpg,vlcsnap_2025-03-16-15h19m38s185.jpg,1889,1917,val,val,filename_date:2025-03-16,filename_date:2025-03-16,30,5,0.02069445699453354,False,,,
vlcsnap-00032.jpg,vlcsnap_2025-03-16-15h17m09s290.jpg,134,1897,val,val,unknown_session,filename_date:2025-03-16,20,5,0.02075919881463051,False,,,
vlcsnap_2025-03-16-15h15m43s873.jpg,vlcsnap_2025-03-16-15h18m22s918.jpg,1885,1903,val,val,filename_date:2025-03-16,filename_date:2025-03-16,30,5,0.020806126296520233,False,,,
vlcsnap_2025-03-16-15h14m57s465.jpg,vlcsnap_2025-03-16-15h19m14s872.jpg,1876,1914,val,val,filename_date:2025-03-16,filename_date:2025-03-16,26,5,0.02094905450940132,False,,,
vlcsnap_2025-03-16-15h15m43s873.jpg,vlcsnap_2025-03-16-15h20m55s801.jpg,1885,1923,val,val,filename_date:2025-03-16,filename_date:2025-03-16,30,5,0.021022524684667587,False,,,
vlcsnap_2025-03-16-15h15m43s873.jpg,vlcsnap_2025-03-16-15h20m14s119.jpg,1885,1918,val,val,filename_date:2025-03-16,filename_date:2025-03-16,26,5,0.02106005698442459,False,,,
vlcsnap-2025-02-18-23h30m26s420.jpg,vlcsnap-2025-02-18-23h30m33s871.jpg,879,889,train,train,filename_date:2025-02-18,filename_date:2025-02-18,28,5,0.02139033004641533,False,,,
vlcsnap_2025-03-16-15h15m48s964.jpg,vlcsnap_2025-03-16-15h20m55s801.jpg,1887,1923,val,val,filename_date:2025-03-16,filename_date:2025-03-16,28,5,0.021407632157206535,False,,,
vlcsnap-00029.jpg,vlcsnap-00042.jpg,131,144,val,val,unknown_session,unknown_session,26,5,0.02158873900771141,False,,,
vlcsnap_2025-03-16-15h15m41s480.jpg,vlcsnap_2025-03-16-15h18m22s918.jpg,1884,1903,val,val,filename_date:2025-03-16,filename_date:2025-03-16,26,5,0.021859027445316315,False,,,
vlcsnap_2025-03-16-15h15m56s199.jpg,vlcsnap_2025-03-16-15h18m37s334.jpg,1889,1907,val,val,filename_date:2025-03-16,filename_date:2025-03-16,20,5,0.02189403772354126,False,,,
vlcsnap_2025-03-16-15h16m01s326.jpg,vlcsnap_2025-03-16-15h20m18s580.jpg,1890,1920,val,val,filename_date:2025-03-16,filename_date:2025-03-16,24,5,0.022073736414313316,False,,,
vlcsnap-00037.jpg,vlcsnap_2025-03-16-15h19m14s872.jpg,139,1914,val,val,unknown_session,filename_date:2025-03-16,30,5,0.022108638659119606,False,,,
vlcsnap-00032.jpg,vlcsnap_2025-03-16-15h15m43s873.jpg,134,1885,val,val,unknown_session,filename_date:2025-03-16,26,5,0.022271791473031044,False,,,
vlcsnap-00007.jpg,vlcsnap-00031.jpg,109,133,val,val,unknown_session,unknown_session,24,5,0.02231978066265583,False,,,
vlcsnap-00028.jpg,vlcsnap_2025-03-16-15h17m18s760.jpg,130,1899,val,val,unknown_session,filename_date:2025-03-16,20,5,0.02244074083864689,False,,,
vlcsnap-00037.jpg,vlcsnap_2025-03-16-15h19m19s343.jpg,139,1915,val,val,unknown_session,filename_date:2025-03-16,24,5,0.02258722111582756,False,,,
vlcsnap-00032.jpg,vlcsnap_2025-03-16-15h15m41s480.jpg,134,1884,val,val,unknown_session,filename_date:2025-03-16,28,5,0.022626936435699463,False,,,
vlcsnap_2025-03-16-15h15m46s340.jpg,vlcsnap_2025-03-16-15h20m18s580.jpg,1886,1920,val,val,filename_date:2025-03-16,filename_date:2025-03-16,30,5,0.022791020572185516,False,,,
vlcsnap-2025-02-18-23h30m25s629.jpg,vlcsnap-2025-02-18-23h30m33s871.jpg,878,889,train,train,filename_date:2025-02-18,filename_date:2025-02-18,20,5,0.023077795282006264,False,,,
vlcsnap-00031.jpg,vlcsnap-00041.jpg,133,143,val,val,unknown_session,unknown_session,16,5,0.023138558492064476,False,,,
vlcsnap-00028.jpg,vlcsnap_2025-03-16-15h16m01s326.jpg,130,1890,val,val,unknown_session,filename_date:2025-03-16,14,5,0.023646848276257515,False,,,
vlcsnap-00032.jpg,vlcsnap_2025-03-16-15h15m56s199.jpg,134,1889,val,val,unknown_session,filename_date:2025-03-16,26,5,0.02378741279244423,False,,,
vlcsnap-00028.jpg,vlcsnap-00042.jpg,130,144,val,val,unknown_session,unknown_session,24,5,0.02394276112318039,False,,,
vlcsnap-00042.jpg,vlcsnap_2025-03-16-15h15m43s873.jpg,144,1885,val,val,unknown_session,filename_date:2025-03-16,18,5,0.02398112043738365,False,,,
vlcsnap-00037.jpg,vlcsnap_2025-03-16-15h21m17s354.jpg,139,1929,val,val,unknown_session,filename_date:2025-03-16,26,5,0.02419067732989788,False,,,
vlcsnap-00030.jpg,vlcsnap_2025-03-16-15h16m01s326.jpg,132,1890,val,val,unknown_session,filename_date:2025-03-16,22,5,0.024319246411323547,False,,,
vlcsnap-00029.jpg,vlcsnap_2025-03-16-15h19m36s147.jpg,131,1916,val,val,unknown_session,filename_date:2025-03-16,24,5,0.024393964558839798,False,,,
vlcsnap-00042.jpg,vlcsnap_2025-03-16-15h15m41s480.jpg,144,1884,val,val,unknown_session,filename_date:2025-03-16,18,5,0.024532558396458626,False,,,
vlcsnap-00030.jpg,vlcsnap_2025-03-16-15h19m02s496.jpg,132,1912,val,val,unknown_session,filename_date:2025-03-16,26,5,0.02480708807706833,False,,,
vlcsnap_2025-03-16-15h15m46s340.jpg,vlcsnap_2025-03-16-15h18m34s046.jpg,1886,1906,val,val,filename_date:2025-03-16,filename_date:2025-03-16,24,5,0.025273075327277184,False,,,
vlcsnap-00028.jpg,vlcsnap_2025-03-16-15h19m36s147.jpg,130,1916,val,val,unknown_session,filename_date:2025-03-16,20,5,0.02598591335117817,False,,,
vlcsnap_2025-03-16-15h14m57s465.jpg,vlcsnap_2025-03-16-15h15m48s964.jpg,1876,1887,val,val,filename_date:2025-03-16,filename_date:2025-03-16,20,5,0.026000022888183594,False,,,
vlcsnap-00029.jpg,vlcsnap_2025-03-16-15h19m38s185.jpg,131,1917,val,val,unknown_session,filename_date:2025-03-16,26,5,0.026133567094802856,False,,,
vlcsnap-00030.jpg,vlcsnap_2025-03-16-15h19m38s185.jpg,132,1917,val,val,unknown_session,filename_date:2025-03-16,28,5,0.026437638327479362,False,,,
vlcsnap-00032.jpg,vlcsnap_2025-03-16-15h15m48s964.jpg,134,1887,val,val,unknown_session,filename_date:2025-03-16,30,5,0.026531770825386047,False,,,
vlcsnap_2025-03-16-15h18m34s046.jpg,vlcsnap_2025-03-16-15h20m55s801.jpg,1906,1923,val,val,filename_date:2025-03-16,filename_date:2025-03-16,24,5,0.027008162811398506,False,,,
vlcsnap_2025-03-16-15h17m18s760.jpg,vlcsnap_2025-03-16-15h18m34s046.jpg,1899,1906,val,val,filename_date:2025-03-16,filename_date:2025-03-16,22,5,0.027009811252355576,False,,,
vlcsnap-00028.jpg,vlcsnap_2025-03-16-15h19m02s496.jpg,130,1912,val,val,unknown_session,filename_date:2025-03-16,22,5,0.02707630768418312,False,,,
vlcsnap-00029.jpg,vlcsnap_2025-03-16-15h18m58s066.jpg,131,1911,val,val,unknown_session,filename_date:2025-03-16,20,5,0.02715112455189228,False,,,
vlcsnap-2025-02-19-14h00m36s546.jpg,vlcsnap-2025-02-19-14h00m47s155.jpg,949,953,train,train,filename_date:2025-02-19,filename_date:2025-02-19,14,5,0.027269013226032257,False,,,
vlcsnap_2025-03-16-15h13m58s251.jpg,vlcsnap_2025-03-16-15h18m34s046.jpg,1866,1906,val,val,filename_date:2025-03-16,filename_date:2025-03-16,14,5,0.02794484607875347,False,,,
vlcsnap-00028.jpg,vlcsnap_2025-03-16-15h19m38s185.jpg,130,1917,val,val,unknown_session,filename_date:2025-03-16,26,5,0.02824590541422367,False,,,
vlcsnap-00030.jpg,vlcsnap_2025-03-16-15h14m02s970.jpg,132,1867,val,val,unknown_session,filename_date:2025-03-16,24,5,0.02827005833387375,False,,,
vlcsnap-00031.jpg,vlcsnap_2025-03-16-15h14m02s970.jpg,133,1867,val,val,unknown_session,filename_date:2025-03-16,26,5,0.02832191251218319,False,,,
vlcsnap_2025-03-16-15h18m37s334.jpg,vlcsnap_2025-03-16-15h18m40s531.jpg,1907,1908,val,val,filename_date:2025-03-16,filename_date:2025-03-16,18,5,0.028986135497689247,False,,,
vlcsnap-00032.jpg,vlcsnap_2025-03-16-15h15m07s464.jpg,134,1878,val,val,unknown_session,filename_date:2025-03-16,24,5,0.029259558767080307,False,,,
vlcsnap-00028.jpg,vlcsnap_2025-03-16-15h18m58s066.jpg,130,1911,val,val,unknown_session,filename_date:2025-03-16,20,5,0.02930637262761593,False,,,
vlcsnap-2025-02-19-14h18m04s533.jpg,vlcsnap-2025-02-19-14h18m05s573.jpg,1113,1114,train,train,filename_date:2025-02-19,filename_date:2025-02-19,10,5,0.0297474954277277,False,,,
vlcsnap-00029.jpg,vlcsnap_2025-03-16-15h20m55s801.jpg,131,1923,val,val,unknown_session,filename_date:2025-03-16,22,5,0.030087165534496307,False,,,
vlcsnap-00041.jpg,vlcsnap_2025-03-16-15h19m19s343.jpg,143,1915,val,val,unknown_session,filename_date:2025-03-16,26,5,0.030153747648000717,False,,,
vlcsnap-00029.jpg,vlcsnap_2025-03-16-15h18m22s918.jpg,131,1903,val,val,unknown_session,filename_date:2025-03-16,26,5,0.03049115277826786,False,,,
vlcsnap-00030.jpg,vlcsnap_2025-03-16-15h18m22s918.jpg,132,1903,val,val,unknown_session,filename_date:2025-03-16,26,5,0.030606325715780258,False,,,
vlcsnap-00030.jpg,vlcsnap_2025-03-16-15h17m03s874.jpg,132,1896,val,val,unknown_session,filename_date:2025-03-16,24,5,0.030814409255981445,False,,,
vlcsnap-2025-02-19-13h53m22s735.jpg,vlcsnap-2025-02-19-14h06m48s938.jpg,913,985,train,train,filename_date:2025-02-19,filename_date:2025-02-19,24,5,0.03115488402545452,False,,,
vlcsnap-00029.jpg,vlcsnap_2025-03-16-15h20m14s119.jpg,131,1918,val,val,unknown_session,filename_date:2025-03-16,22,5,0.03158455342054367,False,,,
vlcsnap-00028.jpg,vlcsnap_2025-03-16-15h18m22s918.jpg,130,1903,val,val,unknown_session,filename_date:2025-03-16,22,5,0.032045722007751465,False,,,
vlcsnap-00032.jpg,vlcsnap_2025-03-16-15h20m18s580.jpg,134,1920,val,val,unknown_session,filename_date:2025-03-16,22,5,0.03210239112377167,False,,,
vlcsnap-00041.jpg,vlcsnap_2025-03-16-15h19m14s872.jpg,143,1914,val,val,unknown_session,filename_date:2025-03-16,26,5,0.03217090666294098,False,,,
vlcsnap_2025-03-16-15h15m20s219.jpg,vlcsnap_2025-03-16-15h15m56s199.jpg,1881,1889,val,val,filename_date:2025-03-16,filename_date:2025-03-16,24,5,0.03299054130911827,False,,,
vlcsnap-00028.jpg,vlcsnap_2025-03-16-15h20m14s119.jpg,130,1918,val,val,unknown_session,filename_date:2025-03-16,20,5,0.0331282839179039,False,,,
vlcsnap-00030.jpg,vlcsnap_2025-03-16-15h18m48s028.jpg,132,1910,val,val,unknown_session,filename_date:2025-03-16,28,5,0.03329695761203766,False,,,
vlcsnap_2025-03-16-15h14m57s465.jpg,vlcsnap_2025-03-16-15h21m12s648.jpg,1876,1927,val,val,filename_date:2025-03-16,filename_date:2025-03-16,24,5,0.03368515148758888,False,,,
vlcsnap_2025-03-16-15h17m30s232.jpg,vlcsnap_2025-03-16-15h20m26s297.jpg,1900,1921,val,val,filename_date:2025-03-16,filename_date:2025-03-16,26,5,0.03371225297451019,False,,,
vlcsnap-00007.jpg,vlcsnap_2025-03-16-15h15m07s464.jpg,109,1878,val,val,unknown_session,filename_date:2025-03-16,34,5,0.035374417901039124,False,,,
vlcsnap_2025-03-16-15h16m01s326.jpg,vlcsnap_2025-03-16-15h18m34s046.jpg,1890,1906,val,val,filename_date:2025-03-16,filename_date:2025-03-16,24,5,0.039049942046403885,False,,,
vlcsnap-2025-02-18-23h15m43s091.jpg,vlcsnap-2025-02-18-23h15m44s701.jpg,759,760,train,train,filename_date:2025-02-18,filename_date:2025-02-18,6,6,0.001769465277902782,False,,,
vlcsnap-2025-02-19-14h57m14s904.jpg,vlcsnap-2025-02-19-15h05m32s965.jpg,1408,1438,train,train,filename_date:2025-02-19,filename_date:2025-02-19,6,7,0.0017700257012620568,False,,,
vlcsnap-2025-02-18-23h15m30s977.jpg,vlcsnap-2025-02-18-23h15m32s531.jpg,754,755,train,train,filename_date:2025-02-18,filename_date:2025-02-18,6,6,0.0020049712620675564,False,,,
vlcsnap-2025-02-19-14h04m30s627.jpg,vlcsnap-2025-02-19-14h04m31s687.jpg,969,970,train,train,filename_date:2025-02-19,filename_date:2025-02-19,6,6,0.0020300953183323145,False,,,
vlcsnap-2025-02-18-23h15m19s090.jpg,vlcsnap-2025-02-18-23h15m21s364.jpg,750,751,train,train,filename_date:2025-02-18,filename_date:2025-02-18,6,7,0.002828492783010006,False,,,
vlcsnap-2025-02-18-17h03m22s323.jpg,vlcsnap-2025-02-18-17h03m24s155.jpg,351,352,train,train,filename_date:2025-02-18,filename_date:2025-02-18,10,6,0.0028965356759727,False,,,
vlcsnap-2025-02-18-18h47m24s578.jpg,vlcsnap-2025-02-18-18h47m25s867.jpg,658,659,train,train,filename_date:2025-02-18,filename_date:2025-02-18,6,7,0.003021714510396123,False,,,
vlcsnap-2025-02-19-14h51m48s394.jpg,vlcsnap-2025-02-19-14h51m49s732.jpg,1372,1373,train,train,filename_date:2025-02-19,filename_date:2025-02-19,6,8,0.003045750083401799,False,,,
vlcsnap-2025-02-19-14h12m14s435.jpg,vlcsnap-2025-02-19-14h12m15s355.jpg,1018,1019,train,train,filename_date:2025-02-19,filename_date:2025-02-19,8,6,0.003068337682634592,False,,,
vlcsnap-2025-02-19-14h57m40s129.jpg,vlcsnap-2025-02-19-15h06m04s731.jpg,1411,1450,train,train,filename_date:2025-02-19,filename_date:2025-02-19,6,9,0.0030999365262687206,False,,,
vlcsnap-2025-02-19-14h57m37s456.jpg,vlcsnap-2025-02-19-15h06m00s407.jpg,1410,1448,train,train,filename_date:2025-02-19,filename_date:2025-02-19,8,6,0.003233805764466524,False,,,
vlcsnap-2025-02-18-23h13m48s064.jpg,vlcsnap-2025-02-18-23h13m50s113.jpg,727,728,train,train,filename_date:2025-02-18,filename_date:2025-02-18,6,6,0.0034450094681233168,False,,,
vlcsnap-2025-02-18-17h03m24s155.jpg,vlcsnap-2025-02-18-17h03m26s001.jpg,352,353,train,train,filename_date:2025-02-18,filename_date:2025-02-18,6,6,0.0036660251207649708,False,,,
vlcsnap-2025-02-18-18h47m15s656.jpg,vlcsnap-2025-02-18-18h47m17s251.jpg,652,653,train,train,filename_date:2025-02-18,filename_date:2025-02-18,6,6,0.0038877343758940697,False,,,
vlcsnap-2025-02-18-17h02m18s342.jpg,vlcsnap-2025-02-18-17h02m19s484.jpg,332,333,train,train,filename_date:2025-02-18,filename_date:2025-02-18,6,6,0.004046527203172445,False,,,
vlcsnap-2025-02-18-18h46m38s911.jpg,vlcsnap-2025-02-18-18h46m40s324.jpg,630,631,train,train,filename_date:2025-02-18,filename_date:2025-02-18,6,8,0.00406009703874588,False,,,
vlcsnap-2025-02-19-14h57m14s904.jpg,vlcsnap-2025-02-19-15h05m34s170.jpg,1408,1439,train,train,filename_date:2025-02-19,filename_date:2025-02-19,6,10,0.004093057010322809,False,,,
vlcsnap-2025-02-18-23h24m01s127.jpg,vlcsnap-2025-02-18-23h24m02s649.jpg,791,792,train,train,filename_date:2025-02-18,filename_date:2025-02-18,6,6,0.004106540698558092,False,,,
vlcsnap-2025-02-19-14h07m11s728.jpg,vlcsnap-2025-02-19-14h07m15s238.jpg,988,989,train,train,filename_date:2025-02-19,filename_date:2025-02-19,10,6,0.004191450774669647,False,,,
vlcsnap-2025-02-19-14h14m20s512.jpg,vlcsnap-2025-02-19-14h14m46s982.jpg,1049,1050,train,train,filename_date:2025-02-19,filename_date:2025-02-19,6,7,0.004240129608660936,False,,,
vlcsnap-2025-02-18-18h47m25s867.jpg,vlcsnap-2025-02-18-18h47m27s166.jpg,659,660,train,train,filename_date:2025-02-18,filename_date:2025-02-18,6,8,0.0042532989755272865,False,,,
vlcsnap-2025-02-19-15h07m32s936.jpg,vlcsnap-2025-02-19-15h07m34s342.jpg,1458,1459,train,train,filename_date:2025-02-19,filename_date:2025-02-19,6,8,0.004274331033229828,False,,,
vlcsnap-2025-02-18-18h33m34s959.jpg,vlcsnap-2025-02-18-18h33m35s972.jpg,518,519,train,train,filename_date:2025-02-18,filename_date:2025-02-18,6,10,0.004283555783331394,False,,,
vlcsnap-2025-02-18-17h02m46s063.jpg,vlcsnap-2025-02-18-17h02m47s744.jpg,341,342,train,train,filename_date:2025-02-18,filename_date:2025-02-18,6,15,0.0043520256876945496,False,,,
vlcsnap-2025-02-19-15h06m03s837.jpg,vlcsnap-2025-02-19-15h06m04s731.jpg,1449,1450,train,train,filename_date:2025-02-19,filename_date:2025-02-19,6,10,0.004423658829182386,False,,,
vlcsnap-00081.jpg,vlcsnap-00082.jpg,182,183,val,val,unknown_session,unknown_session,14,6,0.004571853205561638,False,,,
vlcsnap-2025-02-18-17h02m47s744.jpg,vlcsnap-2025-02-18-17h02m49s318.jpg,342,343,train,train,filename_date:2025-02-18,filename_date:2025-02-18,6,11,0.004782421980053186,False,,,
vlcsnap-2025-02-18-17h06m03s630.jpg,vlcsnap-2025-02-18-17h06m07s036.jpg,396,397,train,train,filename_date:2025-02-18,filename_date:2025-02-18,8,6,0.004791533574461937,False,,,
vlcsnap-2025-02-18-18h46m45s039.jpg,vlcsnap-2025-02-18-18h46m46s284.jpg,633,634,train,train,filename_date:2025-02-18,filename_date:2025-02-18,6,9,0.0048660170286893845,False,,,
vlcsnap-2025-02-18-23h15m29s560.jpg,vlcsnap-2025-02-18-23h15m30s977.jpg,753,754,train,train,filename_date:2025-02-18,filename_date:2025-02-18,6,8,0.00489684846252203,False,,,
vlcsnap-2025-02-18-23h25m13s140.jpg,vlcsnap-2025-02-18-23h25m16s322.jpg,816,818,train,train,filename_date:2025-02-18,filename_date:2025-02-18,6,7,0.004952929448336363,False,,,
vlcsnap-2025-02-19-14h12m12s513.jpg,vlcsnap-2025-02-19-14h12m14s435.jpg,1017,1018,train,train,filename_date:2025-02-19,filename_date:2025-02-19,6,8,0.00497479597106576,False,,,
vlcsnap-2025-02-18-17h02m58s718.jpg,vlcsnap-2025-02-18-17h03m00s440.jpg,346,347,train,train,filename_date:2025-02-18,filename_date:2025-02-18,6,7,0.004977887030690908,False,,,
vlcsnap-2025-02-19-14h15m14s413.jpg,vlcsnap-2025-02-19-14h15m15s354.jpg,1066,1067,train,train,filename_date:2025-02-19,filename_date:2025-02-19,8,6,0.005229652859270573,False,,,
vlcsnap-2025-02-18-18h33m32s561.jpg,vlcsnap-2025-02-18-18h33m33s896.jpg,516,517,train,train,filename_date:2025-02-18,filename_date:2025-02-18,6,7,0.0052335308864712715,False,,,
vlcsnap-2025-02-19-14h57m06s711.jpg,vlcsnap-2025-02-19-15h05m20s943.jpg,1406,1436,train,train,filename_date:2025-02-19,filename_date:2025-02-19,6,7,0.005274514202028513,False,,,
vlcsnap-2025-02-19-14h28m56s662.jpg,vlcsnap-2025-02-19-14h28m57s765.jpg,1271,1272,train,train,filename_date:2025-02-19,filename_date:2025-02-19,6,9,0.005290713626891375,False,,,
vlcsnap-2025-02-26-20h34m00s633.jpg,vlcsnap-2025-02-26-20h34m02s702.jpg,1702,1703,test,test,filename_date:2025-02-26,filename_date:2025-02-26,6,6,0.0053834193386137486,False,,,
vlcsnap-2025-02-19-14h13m41s592.jpg,vlcsnap-2025-02-19-14h13m43s273.jpg,1034,1035,train,train,filename_date:2025-02-19,filename_date:2025-02-19,6,8,0.005407008342444897,False,,,
vlcsnap-00029.jpg,vlcsnap-00030.jpg,131,132,val,val,unknown_session,unknown_session,6,6,0.005602259188890457,False,,,
vlcsnap-2025-02-26-20h34m26s807.jpg,vlcsnap-2025-02-26-20h34m28s085.jpg,1714,1715,test,test,filename_date:2025-02-26,filename_date:2025-02-26,6,10,0.005667531862854958,False,,,
vlcsnap-2025-02-19-14h18m52s728.jpg,vlcsnap-2025-02-19-14h18m57s265.jpg,1129,1130,train,train,filename_date:2025-02-19,filename_date:2025-02-19,6,14,0.005690319463610649,False,,,
vlcsnap-2025-02-19-15h03m06s067.jpg,vlcsnap-2025-02-19-15h03m07s795.jpg,1421,1422,train,train,filename_date:2025-02-19,filename_date:2025-02-19,10,6,0.005742503330111504,False,,,
vlcsnap-2025-02-19-14h22m00s796.jpg,vlcsnap-2025-02-19-14h22m02s558.jpg,1187,1188,train,train,filename_date:2025-02-19,filename_date:2025-02-19,6,7,0.005756994243711233,False,,,
vlcsnap-2025-02-18-17h06m01s508.jpg,vlcsnap-2025-02-18-17h06m02s504.jpg,394,395,train,train,filename_date:2025-02-18,filename_date:2025-02-18,6,6,0.005774508696049452,False,,,
vlcsnap-2025-02-18-17h01m51s484.jpg,vlcsnap-2025-02-18-17h01m53s564.jpg,324,325,train,train,filename_date:2025-02-18,filename_date:2025-02-18,10,6,0.0057916766963899136,False,,,
vlcsnap_2025-03-16-15h21m07s952.jpg,vlcsnap_2025-03-16-15h21m10s336.jpg,1925,1926,val,val,filename_date:2025-03-16,filename_date:2025-03-16,10,6,0.005941478535532951,False,,,
vlcsnap-2025-02-18-23h30m28s596.jpg,vlcsnap-2025-02-18-23h30m29s649.jpg,881,886,train,train,filename_date:2025-02-18,filename_date:2025-02-18,8,6,0.005985925439745188,False,,,
vlcsnap-2025-02-18-17h02m44s073.jpg,vlcsnap-2025-02-18-17h02m46s063.jpg,340,341,train,train,filename_date:2025-02-18,filename_date:2025-02-18,6,10,0.006002252455800772,False,,,
vlcsnap-2025-02-19-14h19m11s006.jpg,vlcsnap-2025-02-19-14h19m12s057.jpg,1138,1139,train,train,filename_date:2025-02-19,filename_date:2025-02-19,6,11,0.006036447361111641,False,,,
vlcsnap-2025-02-18-18h31m04s291.jpg,vlcsnap-2025-02-18-18h31m05s922.jpg,458,459,train,train,filename_date:2025-02-18,filename_date:2025-02-18,6,6,0.006052960176020861,False,,,
vlcsnap-2025-02-18-23h30m28s793.jpg,vlcsnap-2025-02-18-23h30m29s649.jpg,882,886,train,train,filename_date:2025-02-18,filename_date:2025-02-18,6,7,0.006176283583045006,False,,,
vlcsnap-2025-02-19-14h13m31s429.jpg,vlcsnap-2025-02-19-14h13m32s567.jpg,1026,1027,train,train,filename_date:2025-02-19,filename_date:2025-02-19,6,9,0.006196835543960333,False,,,
vlcsnap-2025-02-19-17h08m39s461.jpg,vlcsnap-2025-02-19-17h08m40s964.jpg,1614,1615,train,train,filename_date:2025-02-19,filename_date:2025-02-19,12,6,0.0063215140253305435,False,,,
vlcsnap-2025-02-18-18h47m09s147.jpg,vlcsnap-2025-02-18-18h47m10s448.jpg,648,649,train,train,filename_date:2025-02-18,filename_date:2025-02-18,8,6,0.0063238427974283695,False,,,
vlcsnap-2025-02-18-18h33m34s959.jpg,vlcsnap-2025-02-18-18h33m37s340.jpg,518,520,train,train,filename_date:2025-02-18,filename_date:2025-02-18,6,12,0.00641877856105566,False,,,
vlcsnap-00030.jpg,vlcsnap-00031.jpg,132,133,val,val,unknown_session,unknown_session,16,6,0.0064523061737418175,False,,,
vlcsnap-2025-02-18-18h45m39s322.jpg,vlcsnap-2025-02-18-18h45m41s037.jpg,613,614,train,train,filename_date:2025-02-18,filename_date:2025-02-18,14,6,0.006472697481513023,False,,,
vlcsnap-2025-02-19-14h14m48s694.jpg,vlcsnap-2025-02-19-14h14m49s913.jpg,1051,1052,train,train,filename_date:2025-02-19,filename_date:2025-02-19,6,7,0.006482650060206652,False,,,
vlcsnap-2025-02-19-14h08m40s522.jpg,vlcsnap-2025-02-19-14h08m42s822.jpg,991,993,train,train,filename_date:2025-02-19,filename_date:2025-02-19,6,7,0.006549070123583078,False,,,
vlcsnap-2025-02-18-18h36m05s347.jpg,vlcsnap-2025-02-18-18h36m06s732.jpg,541,542,train,train,filename_date:2025-02-18,filename_date:2025-02-18,6,9,0.006563922390341759,False,,,
vlcsnap-2025-02-26-20h40m24s413.jpg,vlcsnap-2025-02-26-20h40m48s337.jpg,1828,1832,test,test,filename_date:2025-02-26,filename_date:2025-02-26,6,9,0.00663974741473794,False,,,
vlcsnap-2025-02-18-18h45m42s458.jpg,vlcsnap-2025-02-18-18h45m43s851.jpg,615,616,train,train,filename_date:2025-02-18,filename_date:2025-02-18,12,6,0.0067335013300180435,False,,,
vlcsnap-2025-02-18-23h30m28s990.jpg,vlcsnap-2025-02-18-23h30m29s649.jpg,883,886,train,train,filename_date:2025-02-18,filename_date:2025-02-18,6,7,0.006798073649406433,False,,,
vlcsnap-2025-02-18-18h47m27s166.jpg,vlcsnap-2025-02-18-18h47m29s801.jpg,660,662,train,train,filename_date:2025-02-18,filename_date:2025-02-18,6,15,0.006832188460975885,False,,,
vlcsnap-2025-02-18-18h42m05s755.jpg,vlcsnap-2025-02-18-18h42m07s246.jpg,578,579,train,train,filename_date:2025-02-18,filename_date:2025-02-18,6,11,0.0068372879177331924,False,,,
vlcsnap-2025-02-19-14h14m52s036.jpg,vlcsnap-2025-02-19-14h14m53s268.jpg,1053,1054,train,train,filename_date:2025-02-19,filename_date:2025-02-19,6,8,0.006848721764981747,False,,,
vlcsnap-2025-02-19-14h50m09s851.jpg,vlcsnap-2025-02-19-14h50m11s149.jpg,1364,1365,train,train,filename_date:2025-02-19,filename_date:2025-02-19,6,6,0.0068898587487638,False,,,
vlcsnap-2025-02-18-18h48m21s217.jpg,vlcsnap-2025-02-18-18h48m22s424.jpg,675,676,train,train,filename_date:2025-02-18,filename_date:2025-02-18,6,9,0.0068970005959272385,False,,,
vlcsnap-2025-02-18-17h02m46s063.jpg,vlcsnap-2025-02-18-17h02m49s318.jpg,341,343,train,train,filename_date:2025-02-18,filename_date:2025-02-18,6,12,0.007015831768512726,False,,,
vlcsnap-2025-02-19-14h22m40s331.jpg,vlcsnap-2025-02-19-14h22m41s800.jpg,1208,1209,train,train,filename_date:2025-02-19,filename_date:2025-02-19,6,10,0.007032183930277824,False,,,
vlcsnap-2025-02-26-20h33m55s986.jpg,vlcsnap-2025-02-26-20h33m59s062.jpg,1700,1701,test,test,filename_date:2025-02-26,filename_date:2025-02-26,6,14,0.0071740043349564075,False,,,
vlcsnap-2025-02-18-23h14m17s752.jpg,vlcsnap-2025-02-18-23h14m22s569.jpg,737,739,train,train,filename_date:2025-02-18,filename_date:2025-02-18,12,6,0.007402963005006313,False,,,
vlcsnap-2025-02-19-14h31m39s906.jpg,vlcsnap-2025-02-19-14h31m40s773.jpg,1295,1296,train,train,filename_date:2025-02-19,filename_date:2025-02-19,6,9,0.007413641549646854,False,,,
vlcsnap-2025-02-19-14h06m44s323.jpg,vlcsnap-2025-02-19-14h06m48s938.jpg,982,985,train,train,filename_date:2025-02-19,filename_date:2025-02-19,6,6,0.00743130361661315,False,,,
vlcsnap-2025-02-18-23h15m35s771.jpg,vlcsnap-2025-02-18-23h15m38s268.jpg,756,758,train,train,filename_date:2025-02-18,filename_date:2025-02-18,12,6,0.007638228591531515,False,,,
vlcsnap-2025-02-19-15h08m40s310.jpg,vlcsnap-2025-02-19-15h08m47s330.jpg,1478,1480,train,train,filename_date:2025-02-19,filename_date:2025-02-19,6,10,0.007733470760285854,False,,,
vlcsnap-2025-02-19-14h13m25s152.jpg,vlcsnap-2025-02-19-14h13m26s006.jpg,1022,1023,train,train,filename_date:2025-02-19,filename_date:2025-02-19,6,9,0.0077387308701872826,False,,,
vlcsnap-2025-02-19-14h15m04s648.jpg,vlcsnap-2025-02-19-14h15m05s715.jpg,1062,1063,train,train,filename_date:2025-02-19,filename_date:2025-02-19,6,13,0.007765996735543013,False,,,
vlcsnap-2025-02-19-14h15m05s715.jpg,vlcsnap-2025-02-19-14h15m06s649.jpg,1063,1064,train,train,filename_date:2025-02-19,filename_date:2025-02-19,6,11,0.007777484133839607,False,,,
vlcsnap-2025-02-18-23h24m01s127.jpg,vlcsnap-2025-02-18-23h24m03s729.jpg,791,793,train,train,filename_date:2025-02-18,filename_date:2025-02-18,6,7,0.007787623442709446,False,,,
vlcsnap-2025-02-19-13h55m14s182.jpg,vlcsnap-2025-02-19-13h55m15s388.jpg,926,927,train,train,filename_date:2025-02-19,filename_date:2025-02-19,6,8,0.007795712910592556,False,,,
vlcsnap-2025-02-19-14h23m18s342.jpg,vlcsnap-2025-02-19-14h23m20s369.jpg,1215,1216,train,train,filename_date:2025-02-19,filename_date:2025-02-19,6,10,0.007938927039504051,False,,,
vlcsnap-2025-02-19-15h07m54s836.jpg,vlcsnap-2025-02-19-15h07m55s743.jpg,1463,1464,train,train,filename_date:2025-02-19,filename_date:2025-02-19,10,6,0.007954352535307407,False,,,
vlcsnap-2025-02-19-15h06m55s463.jpg,vlcsnap-2025-02-19-15h06m56s689.jpg,1455,1456,train,train,filename_date:2025-02-19,filename_date:2025-02-19,6,7,0.007975625805556774,False,,,
vlcsnap-2025-02-18-23h30m29s192.jpg,vlcsnap-2025-02-18-23h30m29s649.jpg,884,886,train,train,filename_date:2025-02-18,filename_date:2025-02-18,6,12,0.0081334775313735,False,,,
vlcsnap_2025-03-16-15h14m35s770.jpg,vlcsnap_2025-03-16-15h14m38s784.jpg,1870,1871,val,val,filename_date:2025-03-16,filename_date:2025-03-16,6,8,0.008295821025967598,False,,,
vlcsnap-2025-02-18-23h08m25s146.jpg,vlcsnap-2025-02-18-23h08m26s545.jpg,695,696,train,train,filename_date:2025-02-18,filename_date:2025-02-18,10,6,0.008301308378577232,False,,,
vlcsnap-2025-02-19-16h24m09s476.jpg,vlcsnap-2025-02-19-16h24m11s229.jpg,1550,1551,train,train,filename_date:2025-02-19,filename_date:2025-02-19,6,8,0.008308470249176025,False,,,
vlcsnap-2025-02-18-18h47m23s280.jpg,vlcsnap-2025-02-18-18h47m27s166.jpg,657,660,train,train,filename_date:2025-02-18,filename_date:2025-02-18,6,12,0.008342699147760868,False,,,
vlcsnap-2025-02-18-18h47m28s460.jpg,vlcsnap-2025-02-18-18h47m31s082.jpg,661,663,train,train,filename_date:2025-02-18,filename_date:2025-02-18,6,15,0.008388220332562923,False,,,
vlcsnap-2025-02-18-18h31m07s376.jpg,vlcsnap-2025-02-18-18h31m12s392.jpg,460,461,train,train,filename_date:2025-02-18,filename_date:2025-02-18,6,14,0.00840787123888731,False,,,
vlcsnap-2025-02-19-14h19m06s730.jpg,vlcsnap-2025-02-19-14h19m07s758.jpg,1135,1136,train,train,filename_date:2025-02-19,filename_date:2025-02-19,6,7,0.0084615433588624,False,,,
vlcsnap-2025-02-18-18h30m59s960.jpg,vlcsnap-2025-02-18-18h31m01s136.jpg,455,456,train,train,filename_date:2025-02-18,filename_date:2025-02-18,6,7,0.008509282022714615,False,,,
vlcsnap-2025-02-19-14h10m47s605.jpg,vlcsnap-2025-02-19-14h10m49s735.jpg,1005,1006,train,train,filename_date:2025-02-19,filename_date:2025-02-19,10,6,0.008543643169105053,False,,,
vlcsnap-2025-02-18-18h36m00s225.jpg,vlcsnap-2025-02-18-18h36m01s579.jpg,538,539,train,train,filename_date:2025-02-18,filename_date:2025-02-18,6,11,0.00863425899296999,False,,,
vlcsnap-2025-02-19-14h17m55s306.jpg,vlcsnap-2025-02-19-14h17m56s528.jpg,1108,1109,train,train,filename_date:2025-02-19,filename_date:2025-02-19,6,8,0.008889669552445412,False,,,
vlcsnap-2025-02-18-18h35m41s926.jpg,vlcsnap-2025-02-18-18h35m43s212.jpg,528,529,train,train,filename_date:2025-02-18,filename_date:2025-02-18,6,12,0.009000692516565323,False,,,
vlcsnap-2025-02-26-20h35m20s918.jpg,vlcsnap-2025-02-26-20h35m22s372.jpg,1735,1736,test,test,filename_date:2025-02-26,filename_date:2025-02-26,6,7,0.009137017652392387,False,,,
vlcsnap-2025-02-18-18h46m29s004.jpg,vlcsnap-2025-02-18-18h46m32s833.jpg,624,626,train,train,filename_date:2025-02-18,filename_date:2025-02-18,6,21,0.009150647558271885,False,,,
vlcsnap-2025-02-18-18h46m49s204.jpg,vlcsnap-2025-02-18-18h46m50s688.jpg,636,637,train,train,filename_date:2025-02-18,filename_date:2025-02-18,6,8,0.009220906533300877,False,,,
vlcsnap-2025-02-18-17h02m05s303.jpg,vlcsnap-2025-02-18-17h02m07s200.jpg,329,330,train,train,filename_date:2025-02-18,filename_date:2025-02-18,6,15,0.009308031760156155,False,,,
vlcsnap-2025-02-19-14h21m34s505.jpg,vlcsnap-2025-02-19-14h21m35s797.jpg,1177,1178,train,train,filename_date:2025-02-19,filename_date:2025-02-19,6,9,0.0093479473143816,False,,,
vlcsnap-2025-02-18-23h30m33s871.jpg,vlcsnap-2025-02-18-23h30m34s065.jpg,889,890,train,train,filename_date:2025-02-18,filename_date:2025-02-18,12,6,0.009365769103169441,False,,,
vlcsnap-2025-02-18-18h47m27s166.jpg,vlcsnap-2025-02-18-18h47m31s082.jpg,660,663,train,train,filename_date:2025-02-18,filename_date:2025-02-18,6,19,0.009415569715201855,False,,,
vlcsnap-2025-02-19-14h14m54s746.jpg,vlcsnap-2025-02-19-14h14m55s938.jpg,1055,1056,train,train,filename_date:2025-02-19,filename_date:2025-02-19,6,9,0.009494379162788391,False,,,
vlcsnap-2025-02-18-18h45m41s037.jpg,vlcsnap-2025-02-18-18h45m43s851.jpg,614,616,train,train,filename_date:2025-02-18,filename_date:2025-02-18,16,6,0.009503035806119442,False,,,
vlcsnap-2025-02-19-13h53m21s401.jpg,vlcsnap-2025-02-19-13h53m22s735.jpg,912,913,train,train,filename_date:2025-02-19,filename_date:2025-02-19,10,6,0.009665659628808498,False,,,
vlcsnap-2025-02-18-23h24m41s570.jpg,vlcsnap-2025-02-18-23h24m45s051.jpg,804,805,train,train,filename_date:2025-02-18,filename_date:2025-02-18,6,9,0.009677808731794357,False,,,
vlcsnap-2025-02-18-18h43m41s557.jpg,vlcsnap-2025-02-18-18h43m42s937.jpg,599,600,train,train,filename_date:2025-02-18,filename_date:2025-02-18,6,11,0.009746558032929897,False,,,
vlcsnap-2025-02-18-18h47m17s251.jpg,vlcsnap-2025-02-18-18h47m20s564.jpg,653,655,train,train,filename_date:2025-02-18,filename_date:2025-02-18,6,11,0.009750137105584145,False,,,
vlcsnap_2025-03-16-15h15m07s464.jpg,vlcsnap_2025-03-16-15h15m56s199.jpg,1878,1889,val,val,filename_date:2025-03-16,filename_date:2025-03-16,10,6,0.009885848499834538,False,,,
vlcsnap-2025-02-18-23h24m32s147.jpg,vlcsnap-2025-02-18-23h24m34s484.jpg,799,800,train,train,filename_date:2025-02-18,filename_date:2025-02-18,6,11,0.009899071417748928,False,,,
vlcsnap_2025-03-16-15h15m41s480.jpg,vlcsnap_2025-03-16-15h19m04s832.jpg,1884,1913,val,val,filename_date:2025-03-16,filename_date:2025-03-16,24,6,0.009961947798728943,False,,,
vlcsnap-2025-02-19-15h05m38s035.jpg,vlcsnap-2025-02-19-15h05m39s456.jpg,1441,1442,train,train,filename_date:2025-02-19,filename_date:2025-02-19,10,6,0.009978147223591805,False,,,
vlcsnap_2025-03-16-15h13m58s251.jpg,vlcsnap_2025-03-16-15h17m18s760.jpg,1866,1899,val,val,filename_date:2025-03-16,filename_date:2025-03-16,14,6,0.010048853233456612,False,,,
vlcsnap-2025-02-19-15h10m14s544.jpg,vlcsnap-2025-02-19-15h10m15s907.jpg,1488,1489,train,train,filename_date:2025-02-19,filename_date:2025-02-19,6,13,0.010207979939877987,False,,,
vlcsnap-2025-02-18-18h31m04s291.jpg,vlcsnap-2025-02-18-18h31m07s376.jpg,458,460,train,train,filename_date:2025-02-18,filename_date:2025-02-18,6,11,0.010215655900537968,False,,,
vlcsnap-2025-02-19-15h10m14s544.jpg,vlcsnap-2025-02-19-15h10m17s204.jpg,1488,1490,train,train,filename_date:2025-02-19,filename_date:2025-02-19,6,15,0.010224787518382072,False,,,
vlcsnap-2025-02-19-15h05m35s973.jpg,vlcsnap-2025-02-19-15h05m38s035.jpg,1440,1441,train,train,filename_date:2025-02-19,filename_date:2025-02-19,12,6,0.010249624028801918,False,,,
vlcsnap-2025-02-19-14h19m15s097.jpg,vlcsnap-2025-02-19-14h19m16s367.jpg,1140,1141,train,train,filename_date:2025-02-19,filename_date:2025-02-19,12,6,0.01038131769746542,False,,,
vlcsnap-2025-02-18-23h24m49s466.jpg,vlcsnap-2025-02-18-23h24m52s324.jpg,807,808,train,train,filename_date:2025-02-18,filename_date:2025-02-18,8,6,0.01042981632053852,False,,,
vlcsnap-00029.jpg,vlcsnap-00031.jpg,131,133,val,val,unknown_session,unknown_session,18,6,0.010598449036478996,False,,,
vlcsnap_2025-03-16-15h18m48s028.jpg,vlcsnap_2025-03-16-15h20m16s505.jpg,1910,1919,val,val,filename_date:2025-03-16,filename_date:2025-03-16,16,6,0.010619373060762882,False,,,
vlcsnap-2025-02-18-18h32m56s495.jpg,vlcsnap-2025-02-18-18h32m57s772.jpg,499,500,train,train,filename_date:2025-02-18,filename_date:2025-02-18,6,10,0.01063965167850256,False,,,
vlcsnap-2025-02-18-23h07m50s137.jpg,vlcsnap-2025-02-18-23h07m53s515.jpg,682,683,train,train,filename_date:2025-02-18,filename_date:2025-02-18,10,6,0.010812021791934967,False,,,
vlcsnap-2025-02-18-17h02m49s318.jpg,vlcsnap-2025-02-18-17h02m51s819.jpg,343,344,train,train,filename_date:2025-02-18,filename_date:2025-02-18,6,12,0.01083463430404663,False,,,
vlcsnap-2025-02-18-17h10m46s191.jpg,vlcsnap-2025-02-18-17h10m47s400.jpg,416,417,train,train,filename_date:2025-02-18,filename_date:2025-02-18,6,12,0.010846669785678387,False,,,
vlcsnap-2025-02-18-18h42m14s982.jpg,vlcsnap-2025-02-18-18h42m16s877.jpg,583,584,train,train,filename_date:2025-02-18,filename_date:2025-02-18,6,7,0.010890282690525055,False,,,
vlcsnap-2025-02-18-23h28m38s634.jpg,vlcsnap-2025-02-18-23h28m40s708.jpg,848,849,train,train,filename_date:2025-02-18,filename_date:2025-02-18,6,8,0.010907638818025589,False,,,
vlcsnap-2025-02-18-17h01m30s056.jpg,vlcsnap-2025-02-18-17h01m32s441.jpg,318,319,train,train,filename_date:2025-02-18,filename_date:2025-02-18,6,8,0.01091771014034748,False,,,
vlcsnap_2025-03-16-15h15m53s196.jpg,vlcsnap_2025-03-16-15h16m01s326.jpg,1888,1890,val,val,filename_date:2025-03-16,filename_date:2025-03-16,14,6,0.010967736132442951,False,,,
vlcsnap-2025-02-18-23h30m26s420.jpg,vlcsnap-2025-02-18-23h30m29s418.jpg,879,885,train,train,filename_date:2025-02-18,filename_date:2025-02-18,18,6,0.011052800342440605,False,,,
vlcsnap-2025-02-19-14h51m06s256.jpg,vlcsnap-2025-02-19-14h51m08s696.jpg,1366,1367,train,train,filename_date:2025-02-19,filename_date:2025-02-19,6,13,0.011054816655814648,False,,,
vlcsnap-2025-02-18-18h35m53s406.jpg,vlcsnap-2025-02-18-18h35m54s666.jpg,536,537,train,train,filename_date:2025-02-18,filename_date:2025-02-18,8,6,0.0112162996083498,False,,,
vlcsnap-2025-02-18-18h36m08s054.jpg,vlcsnap-2025-02-18-18h36m09s361.jpg,543,544,train,train,filename_date:2025-02-18,filename_date:2025-02-18,6,9,0.011253978125751019,False,,,
vlcsnap-2025-02-18-23h25m48s850.jpg,vlcsnap-2025-02-18-23h25m50s501.jpg,823,824,train,train,filename_date:2025-02-18,filename_date:2025-02-18,6,10,0.011403266340494156,False,,,
vlcsnap-2025-02-18-18h32m11s526.jpg,vlcsnap-2025-02-18-18h32m12s999.jpg,475,476,train,train,filename_date:2025-02-18,filename_date:2025-02-18,6,8,0.011551366187632084,False,,,
vlcsnap-2025-02-18-23h24m29s314.jpg,vlcsnap-2025-02-18-23h24m32s147.jpg,797,799,train,train,filename_date:2025-02-18,filename_date:2025-02-18,6,15,0.011667200364172459,False,,,
vlcsnap-2025-02-19-14h19m01s897.jpg,vlcsnap-2025-02-19-14h19m03s107.jpg,1132,1133,train,train,filename_date:2025-02-19,filename_date:2025-02-19,6,13,0.011742599308490753,False,,,
vlcsnap_2025-03-16-15h15m07s464.jpg,vlcsnap_2025-03-16-15h17m09s290.jpg,1878,1897,val,val,filename_date:2025-03-16,filename_date:2025-03-16,22,6,0.01198609545826912,False,,,
vlcsnap-2025-02-19-14h19m08s998.jpg,vlcsnap-2025-02-19-14h19m12s057.jpg,1137,1139,train,train,filename_date:2025-02-19,filename_date:2025-02-19,10,6,0.012018415145576,False,,,
vlcsnap-2025-02-19-14h13m38s815.jpg,vlcsnap-2025-02-19-14h13m43s273.jpg,1032,1035,train,train,filename_date:2025-02-19,filename_date:2025-02-19,6,13,0.0120353689417243,False,,,
vlcsnap-2025-02-26-20h37m01s800.jpg,vlcsnap-2025-02-26-20h37m03s369.jpg,1770,1771,test,test,filename_date:2025-02-26,filename_date:2025-02-26,6,11,0.012218091636896133,False,,,
vlcsnap-2025-02-26-20h33m02s336.jpg,vlcsnap-2025-02-26-20h33m04s400.jpg,1679,1680,test,test,filename_date:2025-02-26,filename_date:2025-02-26,6,10,0.012277616187930107,False,,,
vlcsnap-2025-02-19-14h17m55s306.jpg,vlcsnap-2025-02-19-14h17m58s126.jpg,1108,1110,train,train,filename_date:2025-02-19,filename_date:2025-02-19,6,8,0.012356799095869064,False,,,
vlcsnap-2025-02-19-14h13m56s676.jpg,vlcsnap-2025-02-19-14h13m58s032.jpg,1045,1046,train,train,filename_date:2025-02-19,filename_date:2025-02-19,12,6,0.012452743016183376,False,,,
vlcsnap-2025-02-18-17h10m32s587.jpg,vlcsnap-2025-02-18-17h10m35s079.jpg,411,412,train,train,filename_date:2025-02-18,filename_date:2025-02-18,6,11,0.012459252029657364,False,,,
vlcsnap-2025-02-26-20h35m10s274.jpg,vlcsnap-2025-02-26-20h35m11s448.jpg,1729,1730,test,test,filename_date:2025-02-26,filename_date:2025-02-26,6,7,0.012470024637877941,False,,,
vlcsnap_2025-03-16-15h18m37s334.jpg,vlcsnap_2025-03-16-15h20m16s505.jpg,1907,1919,val,val,filename_date:2025-03-16,filename_date:2025-03-16,18,6,0.012505967170000076,False,,,
vlcsnap-2025-02-19-14h29m50s117.jpg,vlcsnap-2025-02-19-14h29m52s169.jpg,1283,1285,train,train,filename_date:2025-02-19,filename_date:2025-02-19,14,6,0.012524397112429142,False,,,
vlcsnap_2025-03-16-15h17m18s760.jpg,vlcsnap_2025-03-16-15h19m02s496.jpg,1899,1912,val,val,filename_date:2025-03-16,filename_date:2025-03-16,28,6,0.012641031295061111,False,,,
vlcsnap-2025-02-18-18h30m38s489.jpg,vlcsnap-2025-02-18-18h30m39s702.jpg,445,446,train,train,filename_date:2025-02-18,filename_date:2025-02-18,6,10,0.012708093039691448,False,,,
vlcsnap-2025-02-19-14h17m55s306.jpg,vlcsnap-2025-02-19-14h17m59s275.jpg,1108,1111,train,train,filename_date:2025-02-19,filename_date:2025-02-19,6,9,0.01271119061857462,False,,,
vlcsnap-2025-02-26-20h36m25s381.jpg,vlcsnap-2025-02-26-20h36m26s812.jpg,1759,1760,test,test,filename_date:2025-02-26,filename_date:2025-02-26,6,14,0.012783451937139034,False,,,
vlcsnap-2025-02-19-14h57m05s927.jpg,vlcsnap-2025-02-19-15h05m19s330.jpg,1405,1435,train,train,filename_date:2025-02-19,filename_date:2025-02-19,10,6,0.012812755070626736,False,,,
vlcsnap-2025-02-19-14h19m07s758.jpg,vlcsnap-2025-02-19-14h19m08s998.jpg,1136,1137,train,train,filename_date:2025-02-19,filename_date:2025-02-19,6,11,0.013017202727496624,False,,,
vlcsnap_2025-03-16-15h17m09s290.jpg,vlcsnap_2025-03-16-15h21m03s270.jpg,1897,1924,val,val,filename_date:2025-03-16,filename_date:2025-03-16,20,6,0.013141126371920109,False,,,
vlcsnap-2025-02-19-14h18m13s117.jpg,vlcsnap-2025-02-19-14h18m14s188.jpg,1117,1118,train,train,filename_date:2025-02-19,filename_date:2025-02-19,6,10,0.013190960511565208,False,,,
vlcsnap-2025-02-19-14h13m40s117.jpg,vlcsnap-2025-02-19-14h13m43s273.jpg,1033,1035,train,train,filename_date:2025-02-19,filename_date:2025-02-19,6,10,0.01328495517373085,False,,,
vlcsnap-00038.jpg,vlcsnap-00039.jpg,140,141,val,val,unknown_session,unknown_session,16,6,0.013294185511767864,False,,,
vlcsnap_2025-03-16-15h15m46s340.jpg,vlcsnap_2025-03-16-15h15m53s196.jpg,1886,1888,val,val,filename_date:2025-03-16,filename_date:2025-03-16,12,6,0.013391964137554169,False,,,
vlcsnap-2025-02-19-14h13m40s117.jpg,vlcsnap-2025-02-19-14h13m44s278.jpg,1033,1036,train,train,filename_date:2025-02-19,filename_date:2025-02-19,6,12,0.01353951171040535,False,,,
vlcsnap-2025-02-19-14h14m59s902.jpg,vlcsnap-2025-02-19-14h15m01s088.jpg,1059,1060,train,train,filename_date:2025-02-19,filename_date:2025-02-19,10,6,0.01357446052134037,False,,,
vlcsnap_2025-03-16-15h17m03s874.jpg,vlcsnap_2025-03-16-15h17m18s760.jpg,1896,1899,val,val,filename_date:2025-03-16,filename_date:2025-03-16,18,6,0.013616837561130524,False,,,
vlcsnap_2025-03-16-15h14m50s746.jpg,vlcsnap_2025-03-16-15h14m53s345.jpg,1874,1875,val,val,filename_date:2025-03-16,filename_date:2025-03-16,8,6,0.013659965246915817,False,,,
vlcsnap_2025-03-16-15h14m57s465.jpg,vlcsnap_2025-03-16-15h17m03s874.jpg,1876,1896,val,val,filename_date:2025-03-16,filename_date:2025-03-16,18,6,0.013663295656442642,False,,,
vlcsnap-2025-02-19-14h57m26s963.jpg,vlcsnap-2025-02-19-15h05m35s973.jpg,1409,1440,train,train,filename_date:2025-02-19,filename_date:2025-02-19,6,11,0.014024781063199043,False,,,
vlcsnap-2025-02-26-20h32m55s236.jpg,vlcsnap-2025-02-26-20h32m58s106.jpg,1676,1677,test,test,filename_date:2025-02-26,filename_date:2025-02-26,6,11,0.014080602675676346,False,,,
vlcsnap_2025-03-16-15h15m56s199.jpg,vlcsnap_2025-03-16-15h21m03s270.jpg,1889,1924,val,val,filename_date:2025-03-16,filename_date:2025-03-16,24,6,0.014137218706309795,False,,,
vlcsnap-2025-02-19-14h22m04s298.jpg,vlcsnap-2025-02-19-14h22m08s636.jpg,1189,1192,train,train,filename_date:2025-02-19,filename_date:2025-02-19,6,14,0.01430299412459135,False,,,
vlcsnap_2025-03-16-15h13m58s251.jpg,vlcsnap_2025-03-16-15h18m22s918.jpg,1866,1903,val,val,filename_date:2025-03-16,filename_date:2025-03-16,18,6,0.014322416856884956,False,,,
vlcsnap-2025-02-18-18h33m44s511.jpg,vlcsnap-2025-02-18-18h33m45s570.jpg,525,526,train,train,filename_date:2025-02-18,filename_date:2025-02-18,6,8,0.014358705841004848,False,,,
vlcsnap_2025-03-16-15h17m18s760.jpg,vlcsnap_2025-03-16-15h19m38s185.jpg,1899,1917,val,val,filename_date:2025-03-16,filename_date:2025-03-16,30,6,0.014523353427648544,False,,,
vlcsnap-2025-02-19-15h10m18s648.jpg,vlcsnap-2025-02-19-15h10m20s504.jpg,1491,1492,train,train,filename_date:2025-02-19,filename_date:2025-02-19,6,13,0.01457353588193655,False,,,
vlcsnap_2025-03-16-15h15m53s196.jpg,vlcsnap_2025-03-16-15h17m18s760.jpg,1888,1899,val,val,filename_date:2025-03-16,filename_date:2025-03-16,20,6,0.014711356721818447,False,,,
vlcsnap-2025-02-18-18h36m55s083.jpg,vlcsnap-2025-02-18-18h36m56s301.jpg,561,562,train,train,filename_date:2025-02-18,filename_date:2025-02-18,6,12,0.014753954485058784,False,,,
vlcsnap_2025-03-16-15h21m10s336.jpg,vlcsnap_2025-03-16-15h21m12s648.jpg,1926,1927,val,val,filename_date:2025-03-16,filename_date:2025-03-16,18,6,0.015020085498690605,False,,,
vlcsnap-2025-02-19-15h07m58s501.jpg,vlcsnap-2025-02-19-15h08m00s922.jpg,1466,1468,train,train,filename_date:2025-02-19,filename_date:2025-02-19,6,6,0.015022160485386848,False,,,
vlcsnap-00042.jpg,vlcsnap_2025-03-16-15h16m01s326.jpg,144,1890,val,val,unknown_session,filename_date:2025-03-16,18,6,0.015035998076200485,False,,,
vlcsnap-2025-02-19-15h10m24s357.jpg,vlcsnap-2025-02-19-15h10m25s854.jpg,1494,1495,train,train,filename_date:2025-02-19,filename_date:2025-02-19,14,6,0.015043801628053188,False,,,
vlcsnap-00037.jpg,vlcsnap_2025-03-16-15h15m53s196.jpg,139,1888,val,val,unknown_session,filename_date:2025-03-16,18,6,0.015133857727050781,False,,,
vlcsnap_2025-03-16-15h20m16s505.jpg,vlcsnap_2025-03-16-15h20m55s801.jpg,1919,1923,val,val,filename_date:2025-03-16,filename_date:2025-03-16,22,6,0.015160628594458103,False,,,
vlcsnap-00032.jpg,vlcsnap_2025-03-16-15h17m18s760.jpg,134,1899,val,val,unknown_session,filename_date:2025-03-16,16,6,0.015192174352705479,False,,,
vlcsnap_2025-03-16-15h17m18s760.jpg,vlcsnap_2025-03-16-15h18m22s918.jpg,1899,1903,val,val,filename_date:2025-03-16,filename_date:2025-03-16,24,6,0.015232903882861137,False,,,
vlcsnap-2025-02-19-13h53m13s598.jpg,vlcsnap-2025-02-19-13h53m16s389.jpg,908,910,train,train,filename_date:2025-02-19,filename_date:2025-02-19,16,6,0.015317033044993877,False,,,
vlcsnap-00032.jpg,vlcsnap-00042.jpg,134,144,val,val,unknown_session,unknown_session,16,6,0.015329213812947273,False,,,
vlcsnap-00042.jpg,vlcsnap_2025-03-16-15h17m30s232.jpg,144,1900,val,val,unknown_session,filename_date:2025-03-16,12,6,0.015335102565586567,False,,,
vlcsnap-00028.jpg,vlcsnap-00030.jpg,130,132,val,val,unknown_session,unknown_session,14,6,0.015339674428105354,False,,,
vlcsnap_2025-03-16-15h15m07s464.jpg,vlcsnap_2025-03-16-15h21m03s270.jpg,1878,1924,val,val,filename_date:2025-03-16,filename_date:2025-03-16,24,6,0.015351293608546257,False,,,
vlcsnap_2025-03-16-15h20m14s119.jpg,vlcsnap_2025-03-16-15h20m55s801.jpg,1918,1923,val,val,filename_date:2025-03-16,filename_date:2025-03-16,20,6,0.015390334650874138,False,,,
vlcsnap_2025-03-16-15h15m46s340.jpg,vlcsnap_2025-03-16-15h19m38s185.jpg,1886,1917,val,val,filename_date:2025-03-16,filename_date:2025-03-16,26,6,0.015394306741654873,False,,,
vlcsnap_2025-03-16-15h19m19s343.jpg,vlcsnap_2025-03-16-15h21m07s952.jpg,1915,1925,val,val,filename_date:2025-03-16,filename_date:2025-03-16,18,6,0.015420564450323582,False,,,
vlcsnap_2025-03-16-15h14m02s970.jpg,vlcsnap_2025-03-16-15h20m55s801.jpg,1867,1923,val,val,filename_date:2025-03-16,filename_date:2025-03-16,24,6,0.015474710613489151,False,,,
vlcsnap_2025-03-16-15h13m58s251.jpg,vlcsnap_2025-03-16-15h19m38s185.jpg,1866,1917,val,val,filename_date:2025-03-16,filename_date:2025-03-16,22,6,0.01551329717040062,False,,,
vlcsnap_2025-03-16-15h19m38s185.jpg,vlcsnap_2025-03-16-15h20m55s801.jpg,1917,1923,val,val,filename_date:2025-03-16,filename_date:2025-03-16,20,6,0.015556137077510357,False,,,
vlcsnap_2025-03-16-15h14m02s970.jpg,vlcsnap_2025-03-16-15h17m30s232.jpg,1867,1900,val,val,filename_date:2025-03-16,filename_date:2025-03-16,16,6,0.015652047470211983,False,,,
vlcsnap_2025-03-16-15h17m18s760.jpg,vlcsnap_2025-03-16-15h20m16s505.jpg,1899,1919,val,val,filename_date:2025-03-16,filename_date:2025-03-16,20,6,0.01565607823431492,False,,,
vlcsnap-2025-02-26-20h32m19s876.jpg,vlcsnap-2025-02-26-20h32m24s691.jpg,1665,1667,test,test,filename_date:2025-02-26,filename_date:2025-02-26,6,10,0.015806876122951508,False,,,
vlcsnap-2025-02-18-17h05m43s813.jpg,vlcsnap-2025-02-18-17h05m45s656.jpg,390,391,train,train,filename_date:2025-02-18,filename_date:2025-02-18,6,12,0.016043342649936676,False,,,
vlcsnap_2025-03-16-15h17m18s760.jpg,vlcsnap_2025-03-16-15h20m14s119.jpg,1899,1918,val,val,filename_date:2025-03-16,filename_date:2025-03-16,20,6,0.016113420948386192,False,,,
vlcsnap_2025-03-16-15h19m14s872.jpg,vlcsnap_2025-03-16-15h21m07s952.jpg,1914,1925,val,val,filename_date:2025-03-16,filename_date:2025-03-16,18,6,0.01612049713730812,False,,,
vlcsnap_2025-03-16-15h13m58s251.jpg,vlcsnap_2025-03-16-15h15m46s340.jpg,1866,1886,val,val,filename_date:2025-03-16,filename_date:2025-03-16,22,6,0.016217222437262535,False,,,
vlcsnap-2025-02-19-13h53m09s268.jpg,vlcsnap-2025-02-19-13h53m10s535.jpg,905,906,train,train,filename_date:2025-02-19,filename_date:2025-02-19,10,6,0.016286123543977737,False,,,
vlcsnap_2025-03-16-15h15m07s464.jpg,vlcsnap_2025-03-16-15h20m18s580.jpg,1878,1920,val,val,filename_date:2025-03-16,filename_date:2025-03-16,22,6,0.0162946954369545,False,,,
vlcsnap_2025-03-16-15h14m57s465.jpg,vlcsnap_2025-03-16-15h20m14s119.jpg,1876,1918,val,val,filename_date:2025-03-16,filename_date:2025-03-16,20,6,0.01630055531859398,False,,,
vlcsnap_2025-03-16-15h15m07s464.jpg,vlcsnap_2025-03-16-15h20m26s297.jpg,1878,1921,val,val,filename_date:2025-03-16,filename_date:2025-03-16,24,6,0.01630610227584839,False,,,
vlcsnap_2025-03-16-15h17m09s290.jpg,vlcsnap_2025-03-16-15h21m07s952.jpg,1897,1925,val,val,filename_date:2025-03-16,filename_date:2025-03-16,26,6,0.01641317829489708,False,,,
vlcsnap_2025-03-16-15h13m58s251.jpg,vlcsnap_2025-03-16-15h18m48s028.jpg,1866,1910,val,val,filename_date:2025-03-16,filename_date:2025-03-16,22,6,0.016585929319262505,False,,,
vlcsnap_2025-03-16-15h17m18s760.jpg,vlcsnap_2025-03-16-15h18m48s028.jpg,1899,1910,val,val,filename_date:2025-03-16,filename_date:2025-03-16,26,6,0.01659395731985569,False,,,
vlcsnap-00037.jpg,vlcsnap-00041.jpg,139,143,val,val,unknown_session,unknown_session,24,6,0.016614798456430435,False,,,
vlcsnap-2025-02-19-14h21m49s364.jpg,vlcsnap-2025-02-19-14h21m50s699.jpg,1184,1185,train,train,filename_date:2025-02-19,filename_date:2025-02-19,6,17,0.016642538830637932,False,,,
vlcsnap_2025-03-16-15h17m03s874.jpg,vlcsnap_2025-03-16-15h20m16s505.jpg,1896,1919,val,val,filename_date:2025-03-16,filename_date:2025-03-16,20,6,0.016667094081640244,False,,,
vlcsnap_2025-03-16-15h21m03s270.jpg,vlcsnap_2025-03-16-15h21m10s336.jpg,1924,1926,val,val,filename_date:2025-03-16,filename_date:2025-03-16,22,6,0.016726307570934296,False,,,
vlcsnap_2025-03-16-15h13m58s251.jpg,vlcsnap_2025-03-16-15h20m16s505.jpg,1866,1919,val,val,filename_date:2025-03-16,filename_date:2025-03-16,20,6,0.01673559844493866,False,,,
vlcsnap-2025-02-19-14h19m06s730.jpg,vlcsnap-2025-02-19-14h19m08s998.jpg,1135,1137,train,train,filename_date:2025-02-19,filename_date:2025-02-19,6,8,0.016809267923235893,False,,,
vlcsnap_2025-03-16-15h13m58s251.jpg,vlcsnap_2025-03-16-15h20m14s119.jpg,1866,1918,val,val,filename_date:2025-03-16,filename_date:2025-03-16,20,6,0.01686510257422924,False,,,
vlcsnap-00037.jpg,vlcsnap-00042.jpg,139,144,val,val,unknown_session,unknown_session,26,6,0.016896219924092293,False,,,
vlcsnap_2025-03-16-15h15m56s199.jpg,vlcsnap_2025-03-16-15h21m07s952.jpg,1889,1925,val,val,filename_date:2025-03-16,filename_date:2025-03-16,28,6,0.01693076826632023,False,,,
vlcsnap_2025-03-16-15h14m57s465.jpg,vlcsnap_2025-03-16-15h20m16s505.jpg,1876,1919,val,val,filename_date:2025-03-16,filename_date:2025-03-16,22,6,0.01703018881380558,False,,,
vlcsnap_2025-03-16-15h13m58s251.jpg,vlcsnap_2025-03-16-15h15m53s196.jpg,1866,1888,val,val,filename_date:2025-03-16,filename_date:2025-03-16,18,6,0.017038753256201744,False,,,
vlcsnap-2025-02-18-18h36m52s335.jpg,vlcsnap-2025-02-18-18h36m53s784.jpg,559,560,train,train,filename_date:2025-02-18,filename_date:2025-02-18,6,11,0.0170759130269289,False,,,
vlcsnap-00042.jpg,vlcsnap_2025-03-16-15h13m58s251.jpg,144,1866,val,val,unknown_session,filename_date:2025-03-16,16,6,0.017220381647348404,False,,,
vlcsnap_2025-03-16-15h14m57s465.jpg,vlcsnap_2025-03-16-15h18m37s334.jpg,1876,1907,val,val,filename_date:2025-03-16,filename_date:2025-03-16,18,6,0.017306514084339142,False,,,
vlcsnap_2025-03-16-15h14m02s970.jpg,vlcsnap_2025-03-16-15h17m03s874.jpg,1867,1896,val,val,filename_date:2025-03-16,filename_date:2025-03-16,16,6,0.017351265996694565,False,,,
vlcsnap_2025-03-16-15h13m58s251.jpg,vlcsnap_2025-03-16-15h18m37s334.jpg,1866,1907,val,val,filename_date:2025-03-16,filename_date:2025-03-16,14,6,0.01740005984902382,False,,,
vlcsnap-2025-02-19-14h16m57s393.jpg,vlcsnap-2025-02-19-14h16m59s137.jpg,1083,1084,train,train,filename_date:2025-02-19,filename_date:2025-02-19,6,18,0.017408462241292,False,,,
vlcsnap_2025-03-16-15h14m57s465.jpg,vlcsnap_2025-03-16-15h18m22s918.jpg,1876,1903,val,val,filename_date:2025-03-16,filename_date:2025-03-16,18,6,0.017470169812440872,False,,,
vlcsnap-2025-02-19-14h19m01s897.jpg,vlcsnap-2025-02-19-14h19m05s064.jpg,1132,1134,train,train,filename_date:2025-02-19,filename_date:2025-02-19,6,16,0.01748693734407425,False,,,
vlcsnap_2025-03-16-15h14m47s822.jpg,vlcsnap_2025-03-16-15h14m53s345.jpg,1873,1875,val,val,filename_date:2025-03-16,filename_date:2025-03-16,14,6,0.01777956262230873,False,,,
vlcsnap-2025-02-19-14h22m59s159.jpg,vlcsnap-2025-02-19-14h23m00s963.jpg,1212,1213,train,train,filename_date:2025-02-19,filename_date:2025-02-19,6,18,0.01778799667954445,False,,,
vlcsnap_2025-03-16-15h15m53s196.jpg,vlcsnap_2025-03-16-15h20m55s801.jpg,1888,1923,val,val,filename_date:2025-03-16,filename_date:2025-03-16,22,6,0.0177898108959198,False,,,
vlcsnap_2025-03-16-15h15m43s873.jpg,vlcsnap_2025-03-16-15h21m03s270.jpg,1885,1924,val,val,filename_date:2025-03-16,filename_date:2025-03-16,26,6,0.017860420048236847,False,,,
vlcsnap-00042.jpg,vlcsnap_2025-03-16-15h17m18s760.jpg,144,1899,val,val,unknown_session,filename_date:2025-03-16,18,6,0.017939047887921333,False,,,
vlcsnap-00030.jpg,vlcsnap_2025-03-16-15h25m06s492.jpg,132,1957,val,val,unknown_session,filename_date:2025-03-16,18,6,0.018202176317572594,False,,,
vlcsnap-2025-02-19-14h14m19s541.jpg,vlcsnap-2025-02-19-14h14m49s913.jpg,1048,1052,train,train,filename_date:2025-02-19,filename_date:2025-02-19,6,13,0.018237745389342308,False,,,
vlcsnap_2025-03-16-15h15m07s464.jpg,vlcsnap_2025-03-16-15h19m04s832.jpg,1878,1913,val,val,filename_date:2025-03-16,filename_date:2025-03-16,26,6,0.018428735435009003,False,,,
vlcsnap_2025-03-16-15h20m18s580.jpg,vlcsnap_2025-03-16-15h21m03s270.jpg,1920,1924,val,val,filename_date:2025-03-16,filename_date:2025-03-16,24,6,0.018447980284690857,False,,,
vlcsnap-2025-02-19-15h08m06s801.jpg,vlcsnap-2025-02-19-15h08m08s106.jpg,1472,1473,train,train,filename_date:2025-02-19,filename_date:2025-02-19,6,10,0.018544375896453857,False,,,
vlcsnap-2025-02-19-14h21m40s743.jpg,vlcsnap-2025-02-19-14h21m43s583.jpg,1179,1181,train,train,filename_date:2025-02-19,filename_date:2025-02-19,6,18,0.01855234056711197,False,,,
vlcsnap_2025-03-16-15h19m04s832.jpg,vlcsnap_2025-03-16-15h21m03s270.jpg,1913,1924,val,val,filename_date:2025-03-16,filename_date:2025-03-16,22,6,0.01855400949716568,False,,,
vlcsnap_2025-03-16-15h15m41s480.jpg,vlcsnap_2025-03-16-15h21m03s270.jpg,1884,1924,val,val,filename_date:2025-03-16,filename_date:2025-03-16,24,6,0.018595119938254356,False,,,
vlcsnap_2025-03-16-15h17m18s760.jpg,vlcsnap_2025-03-16-15h18m37s334.jpg,1899,1907,val,val,filename_date:2025-03-16,filename_date:2025-03-16,24,6,0.018613768741488457,False,,,
vlcsnap_2025-03-16-15h18m22s918.jpg,vlcsnap_2025-03-16-15h20m55s801.jpg,1903,1923,val,val,filename_date:2025-03-16,filename_date:2025-03-16,24,6,0.018651654943823814,False,,,
vlcsnap_2025-03-16-15h14m41s830.jpg,vlcsnap_2025-03-16-15h14m47s822.jpg,1872,1873,val,val,filename_date:2025-03-16,filename_date:2025-03-16,10,6,0.01878032460808754,False,,,
vlcsnap-2025-02-19-14h15m59s720.jpg,vlcsnap-2025-02-19-14h16m00s854.jpg,1073,1074,train,train,filename_date:2025-02-19,filename_date:2025-02-19,6,9,0.01880807802081108,False,,,
vlcsnap_2025-03-16-15h17m18s760.jpg,vlcsnap_2025-03-16-15h20m55s801.jpg,1899,1923,val,val,filename_date:2025-03-16,filename_date:2025-03-16,22,6,0.0188138447701931,False,,,
vlcsnap_2025-03-16-15h17m03s874.jpg,vlcsnap_2025-03-16-15h19m02s496.jpg,1896,1912,val,val,filename_date:2025-03-16,filename_date:2025-03-16,22,6,0.018855854868888855,False,,,
vlcsnap_2025-03-16-15h15m43s873.jpg,vlcsnap_2025-03-16-15h20m26s297.jpg,1885,1921,val,val,filename_date:2025-03-16,filename_date:2025-03-16,28,6,0.018951941281557083,False,,,
vlcsnap-2025-02-19-13h53m24s120.jpg,vlcsnap-2025-02-19-13h53m27s318.jpg,914,916,train,train,filename_date:2025-02-19,filename_date:2025-02-19,18,6,0.019061485305428505,False,,,
vlcsnap-2025-02-19-14h16m33s629.jpg,vlcsnap-2025-02-19-14h16m49s024.jpg,1078,1080,train,train,filename_date:2025-02-19,filename_date:2025-02-19,6,9,0.019231285899877548,False,,,
vlcsnap-2025-02-19-14h21m06s191.jpg,vlcsnap-2025-02-19-14h21m07s603.jpg,1169,1170,train,train,filename_date:2025-02-19,filename_date:2025-02-19,6,11,0.01929038017988205,False,,,
vlcsnap_2025-03-16-15h20m26s297.jpg,vlcsnap_2025-03-16-15h21m03s270.jpg,1921,1924,val,val,filename_date:2025-03-16,filename_date:2025-03-16,22,6,0.019335411489009857,False,,,
vlcsnap-2025-02-19-14h18m57s265.jpg,vlcsnap-2025-02-19-14h19m03s107.jpg,1130,1133,train,train,filename_date:2025-02-19,filename_date:2025-02-19,6,16,0.019401559606194496,False,,,
vlcsnap-00032.jpg,vlcsnap_2025-03-16-15h13m58s251.jpg,134,1866,val,val,unknown_session,filename_date:2025-03-16,20,6,0.019445793703198433,False,,,
vlcsnap-2025-02-18-18h35m46s956.jpg,vlcsnap-2025-02-18-18h35m48s739.jpg,532,533,train,train,filename_date:2025-02-18,filename_date:2025-02-18,6,13,0.019706957042217255,False,,,
vlcsnap_2025-03-16-15h15m07s464.jpg,vlcsnap_2025-03-16-15h15m43s873.jpg,1878,1885,val,val,filename_date:2025-03-16,filename_date:2025-03-16,20,6,0.019722547382116318,False,,,
vlcsnap_2025-03-16-15h16m01s326.jpg,vlcsnap_2025-03-16-15h19m38s185.jpg,1890,1917,val,val,filename_date:2025-03-16,filename_date:2025-03-16,24,6,0.019752059131860733,False,,,
vlcsnap-2025-02-19-13h52m29s173.jpg,vlcsnap-2025-02-19-13h53m02s335.jpg,892,901,train,train,filename_date:2025-02-19,filename_date:2025-02-19,16,6,0.019764361903071404,False,,,
vlcsnap_2025-03-16-15h17m03s874.jpg,vlcsnap_2025-03-16-15h18m58s066.jpg,1896,1911,val,val,filename_date:2025-03-16,filename_date:2025-03-16,18,6,0.019926831126213074,False,,,
vlcsnap_2025-03-16-15h15m56s199.jpg,vlcsnap_2025-03-16-15h19m04s832.jpg,1889,1913,val,val,filename_date:2025-03-16,filename_date:2025-03-16,30,6,0.020024608820676804,False,,,
vlcsnap-00030.jpg,vlcsnap_2025-03-16-15h17m09s290.jpg,132,1897,val,val,unknown_session,filename_date:2025-03-16,20,6,0.020317165181040764,False,,,
vlcsnap-00037.jpg,vlcsnap_2025-03-16-15h13m58s251.jpg,139,1866,val,val,unknown_session,filename_date:2025-03-16,26,6,0.020578939467668533,False,,,
vlcsnap_2025-03-16-15h17m03s874.jpg,vlcsnap_2025-03-16-15h19m36s147.jpg,1896,1916,val,val,filename_date:2025-03-16,filename_date:2025-03-16,24,6,0.020702634006738663,False,,,
vlcsnap_2025-03-16-15h15m07s464.jpg,vlcsnap_2025-03-16-15h15m41s480.jpg,1878,1884,val,val,filename_date:2025-03-16,filename_date:2025-03-16,20,6,0.020714296028017998,False,,,
vlcsnap_2025-03-16-15h16m01s326.jpg,vlcsnap_2025-03-16-15h20m14s119.jpg,1890,1918,val,val,filename_date:2025-03-16,filename_date:2025-03-16,24,6,0.02093372493982315,False,,,
vlcsnap-2025-02-19-14h06m18s450.jpg,vlcsnap-2025-02-19-14h07m10s853.jpg,979,987,train,train,filename_date:2025-02-19,filename_date:2025-02-19,28,6,0.021164285019040108,False,,,
vlcsnap_2025-03-16-15h15m46s340.jpg,vlcsnap_2025-03-16-15h18m22s918.jpg,1886,1903,val,val,filename_date:2025-03-16,filename_date:2025-03-16,28,6,0.021280458196997643,False,,,
vlcsnap-00031.jpg,vlcsnap_2025-03-16-15h17m09s290.jpg,133,1897,val,val,unknown_session,filename_date:2025-03-16,20,6,0.02128692716360092,False,,,
vlcsnap_2025-03-16-15h14m57s465.jpg,vlcsnap_2025-03-16-15h19m02s496.jpg,1876,1912,val,val,filename_date:2025-03-16,filename_date:2025-03-16,22,6,0.02135123871266842,False,,,
vlcsnap-00031.jpg,vlcsnap_2025-03-16-15h15m43s873.jpg,133,1885,val,val,unknown_session,filename_date:2025-03-16,26,6,0.02141343243420124,False,,,
vlcsnap-00029.jpg,vlcsnap_2025-03-16-15h15m43s873.jpg,131,1885,val,val,unknown_session,filename_date:2025-03-16,26,6,0.02144365757703781,False,,,
vlcsnap-00037.jpg,vlcsnap_2025-03-16-15h20m55s801.jpg,139,1923,val,val,unknown_session,filename_date:2025-03-16,28,6,0.021491875872015953,False,,,
vlcsnap-2025-02-19-15h10m17s204.jpg,vlcsnap-2025-02-19-15h10m18s648.jpg,1490,1491,train,train,filename_date:2025-02-19,filename_date:2025-02-19,6,13,0.0215031486004591,False,,,
vlcsnap-2025-02-19-14h54m39s529.jpg,vlcsnap-2025-02-19-14h59m27s203.jpg,1396,1417,train,train,filename_date:2025-02-19,filename_date:2025-02-19,22,6,0.021553384140133858,False,,,
vlcsnap_2025-03-16-15h17m03s874.jpg,vlcsnap_2025-03-16-15h19m38s185.jpg,1896,1917,val,val,filename_date:2025-03-16,filename_date:2025-03-16,24,6,0.021594084799289703,False,,,
vlcsnap-00030.jpg,vlcsnap_2025-03-16-15h15m43s873.jpg,132,1885,val,val,unknown_session,filename_date:2025-03-16,26,6,0.021610919386148453,False,,,
vlcsnap_2025-03-16-15h13m58s251.jpg,vlcsnap_2025-03-16-15h16m01s326.jpg,1866,1890,val,val,filename_date:2025-03-16,filename_date:2025-03-16,22,6,0.021650293841958046,False,,,
vlcsnap-00030.jpg,vlcsnap_2025-03-16-15h21m03s270.jpg,132,1924,val,val,unknown_session,filename_date:2025-03-16,32,6,0.02168668620288372,False,,,
vlcsnap-00007.jpg,vlcsnap-00032.jpg,109,134,val,val,unknown_session,unknown_session,22,6,0.021851927042007446,False,,,
vlcsnap_2025-03-16-15h14m57s465.jpg,vlcsnap_2025-03-16-15h15m53s196.jpg,1876,1888,val,val,filename_date:2025-03-16,filename_date:2025-03-16,18,6,0.02217327058315277,False,,,
vlcsnap_2025-03-16-15h13m58s251.jpg,vlcsnap_2025-03-16-15h20m55s801.jpg,1866,1923,val,val,filename_date:2025-03-16,filename_date:2025-03-16,26,6,0.022194722667336464,False,,,
vlcsnap_2025-03-16-15h16m01s326.jpg,vlcsnap_2025-03-16-15h18m22s918.jpg,1890,1903,val,val,filename_date:2025-03-16,filename_date:2025-03-16,24,6,0.022339625284075737,False,,,
vlcsnap_2025-03-16-15h15m46s340.jpg,vlcsnap_2025-03-16-15h20m55s801.jpg,1886,1923,val,val,filename_date:2025-03-16,filename_date:2025-03-16,30,6,0.02251318283379078,False,,,
vlcsnap-00028.jpg,vlcsnap_2025-03-16-15h17m09s290.jpg,130,1897,val,val,unknown_session,filename_date:2025-03-16,20,6,0.022552011534571648,False,,,
vlcsnap_2025-03-16-15h15m46s340.jpg,vlcsnap_2025-03-16-15h20m14s119.jpg,1886,1918,val,val,filename_date:2025-03-16,filename_date:2025-03-16,28,6,0.02264118567109108,False,,,
vlcsnap-2025-02-18-23h30m25s629.jpg,vlcsnap-2025-02-18-23h30m33s376.jpg,878,887,train,train,filename_date:2025-02-18,filename_date:2025-02-18,16,6,0.0226861871778965,False,,,
vlcsnap-2025-02-19-14h15m37s010.jpg,vlcsnap-2025-02-19-14h15m39s290.jpg,1068,1069,train,train,filename_date:2025-02-19,filename_date:2025-02-19,6,10,0.02277103066444397,False,,,
vlcsnap_2025-03-16-15h14m57s465.jpg,vlcsnap_2025-03-16-15h17m18s760.jpg,1876,1899,val,val,filename_date:2025-03-16,filename_date:2025-03-16,18,6,0.022874601185321808,False,,,
vlcsnap-00042.jpg,vlcsnap_2025-03-16-15h20m55s801.jpg,144,1923,val,val,unknown_session,filename_date:2025-03-16,22,6,0.022927535697817802,False,,,
vlcsnap_2025-03-16-15h14m57s465.jpg,vlcsnap_2025-03-16-15h19m38s185.jpg,1876,1917,val,val,filename_date:2025-03-16,filename_date:2025-03-16,26,6,0.022929320111870766,False,,,
vlcsnap-2025-02-19-14h17m52s707.jpg,vlcsnap-2025-02-19-14h19m08s998.jpg,1107,1137,train,train,filename_date:2025-02-19,filename_date:2025-02-19,6,14,0.023785317316651344,False,,,
vlcsnap-00037.jpg,vlcsnap_2025-03-16-15h18m22s918.jpg,139,1903,val,val,unknown_session,filename_date:2025-03-16,26,6,0.02398410625755787,False,,,
vlcsnap-00037.jpg,vlcsnap_2025-03-16-15h19m02s496.jpg,139,1912,val,val,unknown_session,filename_date:2025-03-16,28,6,0.02417256124317646,False,,,
vlcsnap-00028.jpg,vlcsnap_2025-03-16-15h19m14s872.jpg,130,1914,val,val,unknown_session,filename_date:2025-03-16,20,6,0.02439471147954464,False,,,
vlcsnap-2025-02-26-20h32m17s640.jpg,vlcsnap-2025-02-26-20h32m21s935.jpg,1664,1666,test,test,filename_date:2025-02-26,filename_date:2025-02-26,6,13,0.024418087676167488,False,,,
vlcsnap_2025-03-16-15h17m30s232.jpg,vlcsnap_2025-03-16-15h18m48s028.jpg,1900,1910,val,val,filename_date:2025-03-16,filename_date:2025-03-16,26,6,0.024475978687405586,False,,,
vlcsnap-00042.jpg,vlcsnap_2025-03-16-15h17m03s874.jpg,144,1896,val,val,unknown_session,filename_date:2025-03-16,16,6,0.024629009887576103,False,,,
vlcsnap-00029.jpg,vlcsnap_2025-03-16-15h19m14s872.jpg,131,1914,val,val,unknown_session,filename_date:2025-03-16,24,6,0.02470235340297222,False,,,
vlcsnap-00037.jpg,vlcsnap_2025-03-16-15h20m14s119.jpg,139,1918,val,val,unknown_session,filename_date:2025-03-16,26,6,0.024800492450594902,False,,,
vlcsnap-2025-02-19-14h52m23s948.jpg,vlcsnap-2025-02-19-14h52m58s804.jpg,1385,1389,train,train,filename_date:2025-02-19,filename_date:2025-02-19,6,14,0.025075234472751617,False,,,
vlcsnap-00032.jpg,vlcsnap_2025-03-16-15h16m01s326.jpg,134,1890,val,val,unknown_session,filename_date:2025-03-16,24,6,0.0251829382032156,False,,,
vlcsnap-00032.jpg,vlcsnap_2025-03-16-15h19m02s496.jpg,134,1912,val,val,unknown_session,filename_date:2025-03-16,28,6,0.025183958932757378,False,,,
vlcsnap-2025-02-19-14h16m33s629.jpg,vlcsnap-2025-02-19-14h18m47s024.jpg,1078,1126,train,train,filename_date:2025-02-19,filename_date:2025-02-19,6,18,0.025378834456205368,False,,,
vlcsnap_2025-03-16-15h26m50s403.jpg,vlcsnap_2025-03-16-15h26m53s008.jpg,1974,1975,val,val,filename_date:2025-03-16,filename_date:2025-03-16,18,6,0.025380976498126984,False,,,
vlcsnap-00032.jpg,vlcsnap_2025-03-16-15h15m53s196.jpg,134,1888,val,val,unknown_session,filename_date:2025-03-16,26,6,0.02540871873497963,False,,,
vlcsnap_2025-03-16-15h15m43s873.jpg,vlcsnap_2025-03-16-15h21m07s952.jpg,1885,1925,val,val,filename_date:2025-03-16,filename_date:2025-03-16,28,6,0.02541274204850197,False,,,
vlcsnap_2025-03-16-15h13m58s251.jpg,vlcsnap_2025-03-16-15h14m57s465.jpg,1866,1876,val,val,filename_date:2025-03-16,filename_date:2025-03-16,18,6,0.025449100881814957,False,,,
vlcsnap-00037.jpg,vlcsnap_2025-03-16-15h20m16s505.jpg,139,1919,val,val,unknown_session,filename_date:2025-03-16,26,6,0.025839434936642647,False,,,
vlcsnap-00031.jpg,vlcsnap_2025-03-16-15h19m19s343.jpg,133,1915,val,val,unknown_session,filename_date:2025-03-16,26,6,0.026034506037831306,False,,,
vlcsnap-2025-02-19-13h55m45s135.jpg,vlcsnap-2025-02-19-13h55m47s384.jpg,930,931,train,train,filename_date:2025-02-19,filename_date:2025-02-19,6,8,0.026047173887491226,False,,,
vlcsnap-2025-02-19-14h26m59s160.jpg,vlcsnap-2025-02-19-14h28m24s310.jpg,1254,1265,train,train,filename_date:2025-02-19,filename_date:2025-02-19,20,6,0.026237938553094864,False,,,
vlcsnap-00031.jpg,vlcsnap_2025-03-16-15h19m14s872.jpg,133,1914,val,val,unknown_session,filename_date:2025-03-16,28,6,0.026328636333346367,False,,,
vlcsnap-2025-02-19-14h00m39s870.jpg,vlcsnap-2025-02-19-14h00m47s155.jpg,951,953,train,train,filename_date:2025-02-19,filename_date:2025-02-19,20,6,0.02638193964958191,False,,,
vlcsnap-00007.jpg,vlcsnap_2025-03-16-15h16m01s326.jpg,109,1890,val,val,unknown_session,filename_date:2025-03-16,22,6,0.02646438032388687,False,,,
vlcsnap-00029.jpg,vlcsnap_2025-03-16-15h19m19s343.jpg,131,1915,val,val,unknown_session,filename_date:2025-03-16,24,6,0.026479074731469154,False,,,
vlcsnap-00030.jpg,vlcsnap_2025-03-16-15h19m04s832.jpg,132,1913,val,val,unknown_session,filename_date:2025-03-16,30,6,0.026649942621588707,False,,,
vlcsnap_2025-03-16-15h13m58s251.jpg,vlcsnap_2025-03-16-15h17m30s232.jpg,1866,1900,val,val,filename_date:2025-03-16,filename_date:2025-03-16,20,6,0.02666277065873146,False,,,
vlcsnap-00029.jpg,vlcsnap_2025-03-16-15h15m48s964.jpg,131,1887,val,val,unknown_session,filename_date:2025-03-16,26,6,0.02675212360918522,False,,,
vlcsnap-00037.jpg,vlcsnap_2025-03-16-15h19m38s185.jpg,139,1917,val,val,unknown_session,filename_date:2025-03-16,34,6,0.026756402105093002,False,,,
vlcsnap_2025-03-16-15h17m57s358.jpg,vlcsnap_2025-03-16-15h18m44s104.jpg,1902,1909,val,val,filename_date:2025-03-16,filename_date:2025-03-16,16,6,0.027337951585650444,False,,,
vlcsnap-00028.jpg,vlcsnap_2025-03-16-15h19m19s343.jpg,130,1915,val,val,unknown_session,filename_date:2025-03-16,20,6,0.027499862015247345,False,,,
vlcsnap_2025-03-16-15h17m30s232.jpg,vlcsnap_2025-03-16-15h20m14s119.jpg,1900,1918,val,val,filename_date:2025-03-16,filename_date:2025-03-16,24,6,0.027603186666965485,False,,,
vlcsnap-2025-02-19-14h00m39s870.jpg,vlcsnap-2025-02-19-14h00m45s970.jpg,951,952,train,train,filename_date:2025-02-19,filename_date:2025-02-19,20,6,0.02760343998670578,False,,,
vlcsnap-00037.jpg,vlcsnap_2025-03-16-15h18m37s334.jpg,139,1907,val,val,unknown_session,filename_date:2025-03-16,26,6,0.027682917192578316,False,,,
vlcsnap-00007.jpg,vlcsnap_2025-03-16-15h17m18s760.jpg,109,1899,val,val,unknown_session,filename_date:2025-03-16,26,6,0.027761386707425117,False,,,
vlcsnap-00032.jpg,vlcsnap_2025-03-16-15h19m38s185.jpg,134,1917,val,val,unknown_session,filename_date:2025-03-16,30,6,0.027817901223897934,False,,,
vlcsnap-00042.jpg,vlcsnap_2025-03-16-15h14m57s465.jpg,144,1876,val,val,unknown_session,filename_date:2025-03-16,20,6,0.028154406696558,False,,,
vlcsnap-00032.jpg,vlcsnap_2025-03-16-15h18m22s918.jpg,134,1903,val,val,unknown_session,filename_date:2025-03-16,24,6,0.028183434158563614,False,,,
vlcsnap_2025-03-16-15h17m30s232.jpg,vlcsnap_2025-03-16-15h18m22s918.jpg,1900,1903,val,val,filename_date:2025-03-16,filename_date:2025-03-16,26,6,0.02819700725376606,False,,,
vlcsnap-00028.jpg,vlcsnap_2025-03-16-15h19m04s832.jpg,130,1913,val,val,unknown_session,filename_date:2025-03-16,28,6,0.02822641283273697,False,,,
vlcsnap-2025-02-19-13h52m41s173.jpg,vlcsnap-2025-02-19-13h53m16s389.jpg,894,910,train,train,filename_date:2025-02-19,filename_date:2025-02-19,18,6,0.028802312910556793,False,,,
vlcsnap_2025-03-16-15h17m30s232.jpg,vlcsnap_2025-03-16-15h18m58s066.jpg,1900,1911,val,val,filename_date:2025-03-16,filename_date:2025-03-16,26,6,0.02887984737753868,False,,,
vlcsnap-00028.jpg,vlcsnap_2025-03-16-15h15m48s964.jpg,130,1887,val,val,unknown_session,filename_date:2025-03-16,24,6,0.029078582301735878,False,,,
vlcsnap-2025-02-19-13h53m22s735.jpg,vlcsnap-2025-02-19-14h06m46s071.jpg,913,983,train,train,filename_date:2025-02-19,filename_date:2025-02-19,18,6,0.02928619273006916,False,,,
vlcsnap-2025-02-19-15h06m54s076.jpg,vlcsnap-2025-02-19-17h03m42s580.jpg,1454,1583,train,train,filename_date:2025-02-19,filename_date:2025-02-19,6,16,0.029410656541585922,False,,,
vlcsnap-00029.jpg,vlcsnap_2025-03-16-15h20m26s297.jpg,131,1921,val,val,unknown_session,filename_date:2025-03-16,20,6,0.029758235439658165,False,,,
vlcsnap-00028.jpg,vlcsnap_2025-03-16-15h20m26s297.jpg,130,1921,val,val,unknown_session,filename_date:2025-03-16,16,6,0.03023705817759037,False,,,
vlcsnap-00032.jpg,vlcsnap_2025-03-16-15h20m14s119.jpg,134,1918,val,val,unknown_session,filename_date:2025-03-16,20,6,0.030240032821893692,False,,,
vlcsnap-2025-02-19-13h53m22s735.jpg,vlcsnap-2025-02-19-14h06m47s953.jpg,913,984,train,train,filename_date:2025-02-19,filename_date:2025-02-19,22,6,0.030332617461681366,False,,,
vlcsnap-00032.jpg,vlcsnap_2025-03-16-15h17m03s874.jpg,134,1896,val,val,unknown_session,filename_date:2025-03-16,16,6,0.03038737177848816,False,,,
vlcsnap-2025-02-19-15h05m45s997.jpg,vlcsnap-2025-02-19-15h05m48s501.jpg,1443,1445,train,train,filename_date:2025-02-19,filename_date:2025-02-19,6,11,0.030453430488705635,False,,,
vlcsnap-2025-02-19-14h00m34s961.jpg,vlcsnap-2025-02-19-14h00m47s155.jpg,948,953,train,train,filename_date:2025-02-19,filename_date:2025-02-19,16,6,0.030459582805633545,False,,,
vlcsnap_2025-03-16-15h15m07s464.jpg,vlcsnap_2025-03-16-15h21m17s354.jpg,1878,1929,val,val,filename_date:2025-03-16,filename_date:2025-03-16,22,6,0.030505262315273285,False,,,
vlcsnap-00041.jpg,vlcsnap_2025-03-16-15h18m48s028.jpg,143,1910,val,val,unknown_session,filename_date:2025-03-16,26,6,0.030722707509994507,False,,,
vlcsnap-00042.jpg,vlcsnap_2025-03-16-15h15m46s340.jpg,144,1886,val,val,unknown_session,filename_date:2025-03-16,24,6,0.03072340600192547,False,,,
vlcsnap-00039.jpg,vlcsnap_2025-03-16-15h15m01s204.jpg,141,1877,val,val,unknown_session,filename_date:2025-03-16,14,6,0.030774394050240517,False,,,
vlcsnap-00032.jpg,vlcsnap_2025-03-16-15h15m46s340.jpg,134,1886,val,val,unknown_session,filename_date:2025-03-16,30,6,0.03081211820244789,False,,,
vlcsnap-00007.jpg,vlcsnap_2025-03-16-15h17m30s232.jpg,109,1900,val,val,unknown_session,filename_date:2025-03-16,30,6,0.030910968780517578,False,,,
vlcsnap-00007.jpg,vlcsnap_2025-03-16-15h14m02s970.jpg,109,1867,val,val,unknown_session,filename_date:2025-03-16,30,6,0.030996445566415787,False,,,
vlcsnap-00045.jpg,vlcsnap-00082.jpg,146,183,val,val,unknown_session,unknown_session,20,6,0.031367938965559006,False,,,
vlcsnap_2025-03-16-15h17m30s232.jpg,vlcsnap_2025-03-16-15h19m36s147.jpg,1900,1916,val,val,filename_date:2025-03-16,filename_date:2025-03-16,30,6,0.03168738633394241,False,,,
vlcsnap-00029.jpg,vlcsnap_2025-03-16-15h20m18s580.jpg,131,1920,val,val,unknown_session,filename_date:2025-03-16,24,6,0.03242923319339752,False,,,
vlcsnap_2025-03-16-15h15m20s219.jpg,vlcsnap_2025-03-16-15h18m58s066.jpg,1881,1911,val,val,filename_date:2025-03-16,filename_date:2025-03-16,18,6,0.03268040716648102,False,,,
vlcsnap-00028.jpg,vlcsnap_2025-03-16-15h20m18s580.jpg,130,1920,val,val,unknown_session,filename_date:2025-03-16,20,6,0.03275197744369507,False,,,
vlcsnap-00007.jpg,vlcsnap_2025-03-16-15h17m03s874.jpg,109,1896,val,val,unknown_session,filename_date:2025-03-16,26,6,0.03278745710849762,False,,,
vlcsnap_2025-03-16-15h14m11s414.jpg,vlcsnap_2025-03-16-15h18m28s053.jpg,1868,1904,val,val,filename_date:2025-03-16,filename_date:2025-03-16,24,6,0.033159349113702774,False,,,
vlcsnap-00041.jpg,vlcsnap_2025-03-16-15h18m58s066.jpg,143,1911,val,val,unknown_session,filename_date:2025-03-16,20,6,0.03325392305850983,False,,,
vlcsnap-00041.jpg,vlcsnap_2025-03-16-15h14m57s465.jpg,143,1876,val,val,unknown_session,filename_date:2025-03-16,24,6,0.03363262489438057,False,,,
vlcsnap-00007.jpg,vlcsnap_2025-03-16-15h13m58s251.jpg,109,1866,val,val,unknown_session,filename_date:2025-03-16,32,6,0.03408763185143471,False,,,
vlcsnap-00041.jpg,vlcsnap_2025-03-16-15h19m36s147.jpg,143,1916,val,val,unknown_session,filename_date:2025-03-16,24,6,0.03414401412010193,False,,,
vlcsnap-2025-02-19-14h59m07s946.jpg,vlcsnap-2025-02-19-17h01m22s346.jpg,1414,1569,train,train,filename_date:2025-02-19,filename_date:2025-02-19,24,6,0.03565317392349243,False,,,
vlcsnap-2025-02-19-14h59m07s946.jpg,vlcsnap-2025-02-19-14h59m33s317.jpg,1414,1418,train,train,filename_date:2025-02-19,filename_date:2025-02-19,22,6,0.03611236810684204,False,,,
vlcsnap_2025-03-16-15h15m20s219.jpg,vlcsnap_2025-03-16-15h20m14s119.jpg,1881,1918,val,val,filename_date:2025-03-16,filename_date:2025-03-16,20,6,0.03623813018202782,False,,,
vlcsnap-00041.jpg,vlcsnap_2025-03-16-15h20m16s505.jpg,143,1919,val,val,unknown_session,filename_date:2025-03-16,24,6,0.036249712109565735,False,,,
vlcsnap_2025-03-16-15h15m20s219.jpg,vlcsnap_2025-03-16-15h19m36s147.jpg,1881,1916,val,val,filename_date:2025-03-16,filename_date:2025-03-16,16,6,0.03660891205072403,False,,,
vlcsnap_2025-03-16-15h15m20s219.jpg,vlcsnap_2025-03-16-15h18m22s918.jpg,1881,1903,val,val,filename_date:2025-03-16,filename_date:2025-03-16,16,6,0.03680562973022461,False,,,
vlcsnap_2025-03-16-15h15m20s219.jpg,vlcsnap_2025-03-16-15h20m16s505.jpg,1881,1919,val,val,filename_date:2025-03-16,filename_date:2025-03-16,20,6,0.03686513379216194,False,,,
vlcsnap-00032.jpg,vlcsnap_2025-03-16-15h18m37s334.jpg,134,1907,val,val,unknown_session,filename_date:2025-03-16,26,6,0.03691374510526657,False,,,
vlcsnap-2025-02-19-14h00m39s870.jpg,vlcsnap-2025-02-19-14h06m28s504.jpg,951,980,train,train,filename_date:2025-02-19,filename_date:2025-02-19,24,6,0.03731200471520424,False,,,
vlcsnap-00007.jpg,vlcsnap_2025-03-16-15h19m02s496.jpg,109,1912,val,val,unknown_session,filename_date:2025-03-16,30,6,0.03754330053925514,False,,,
vlcsnap-00007.jpg,vlcsnap_2025-03-16-15h19m36s147.jpg,109,1916,val,val,unknown_session,filename_date:2025-03-16,30,6,0.03764118254184723,False,,,
vlcsnap-2025-02-19-14h00m38s656.jpg,vlcsnap-2025-02-19-14h06m28s504.jpg,950,980,train,train,filename_date:2025-02-19,filename_date:2025-02-19,26,6,0.037658147513866425,False,,,
vlcsnap_2025-03-16-15h20m26s297.jpg,vlcsnap_2025-03-16-15h25m06s492.jpg,1921,1957,val,val,filename_date:2025-03-16,filename_date:2025-03-16,20,6,0.0378350131213665,False,,,
vlcsnap-00007.jpg,vlcsnap_2025-03-16-15h18m58s066.jpg,109,1911,val,val,unknown_session,filename_date:2025-03-16,28,6,0.039129771292209625,False,,,
vlcsnap-00082.jpg,vlcsnap-00083.jpg,183,184,val,val,unknown_session,unknown_session,8,7,0.003804792882874608,False,,,
vlcsnap-00078.jpg,vlcsnap-00082.jpg,179,183,val,val,unknown_session,unknown_session,8,7,0.00632232753559947,False,,,
vlcsnap-2025-02-18-23h08m23s671.jpg,vlcsnap-2025-02-18-23h08m25s146.jpg,694,695,train,train,filename_date:2025-02-18,filename_date:2025-02-18,8,7,0.006407404784113169,False,,,
vlcsnap-2025-02-18-23h30m28s793.jpg,vlcsnap-2025-02-18-23h30m29s192.jpg,882,884,train,train,filename_date:2025-02-18,filename_date:2025-02-18,8,7,0.006571137811988592,False,,,
vlcsnap-2025-02-18-18h47m02s443.jpg,vlcsnap-2025-02-18-18h47m04s939.jpg,644,645,train,train,filename_date:2025-02-18,filename_date:2025-02-18,8,7,0.0067965444177389145,False,,,
vlcsnap-2025-02-18-18h47m29s801.jpg,vlcsnap-2025-02-18-18h47m32s390.jpg,662,664,train,train,filename_date:2025-02-18,filename_date:2025-02-18,8,7,0.0068510849960148335,False,,,
vlcsnap-2025-02-19-15h10m43s692.jpg,vlcsnap-2025-02-19-15h10m45s082.jpg,1500,1501,train,train,filename_date:2025-02-19,filename_date:2025-02-19,8,7,0.008906837552785873,False,,,
vlcsnap-2025-02-19-14h14m46s982.jpg,vlcsnap-2025-02-19-14h14m48s694.jpg,1050,1051,train,train,filename_date:2025-02-19,filename_date:2025-02-19,8,7,0.0090969018638134,False,,,
vlcsnap-2025-02-19-14h52m19s141.jpg,vlcsnap-2025-02-19-14h52m20s419.jpg,1383,1384,train,train,filename_date:2025-02-19,filename_date:2025-02-19,8,7,0.010732384398579597,False,,,
vlcsnap-2025-02-18-18h32m43s729.jpg,vlcsnap-2025-02-18-18h32m45s434.jpg,492,493,train,train,filename_date:2025-02-18,filename_date:2025-02-18,8,7,0.013090626336634159,False,,,
vlcsnap-2025-02-19-14h06m47s953.jpg,vlcsnap-2025-02-19-14h06m58s511.jpg,984,986,train,train,filename_date:2025-02-19,filename_date:2025-02-19,8,7,0.01757420413196087,False,,,
vlcsnap-2025-02-19-14h06m46s071.jpg,vlcsnap-2025-02-19-14h06m58s511.jpg,983,986,train,train,filename_date:2025-02-19,filename_date:2025-02-19,8,7,0.01872064359486103,False,,,
vlcsnap-2025-02-18-18h47m23s280.jpg,vlcsnap-2025-02-18-18h47m24s578.jpg,657,658,train,train,filename_date:2025-02-18,filename_date:2025-02-18,8,9,0.0032671864610165358,False,,,
vlcsnap-2025-02-18-18h47m32s390.jpg,vlcsnap-2025-02-18-18h47m33s727.jpg,664,665,train,train,filename_date:2025-02-18,filename_date:2025-02-18,8,9,0.0038766609504818916,False,,,
vlcsnap-2025-02-18-17h02m17s009.jpg,vlcsnap-2025-02-18-17h02m18s342.jpg,331,332,train,train,filename_date:2025-02-18,filename_date:2025-02-18,8,8,0.0039358860813081264,False,,,
vlcsnap-2025-02-19-14h17m05s509.jpg,vlcsnap-2025-02-19-14h17m06s663.jpg,1087,1088,train,train,filename_date:2025-02-19,filename_date:2025-02-19,8,11,0.003949382808059454,False,,,
vlcsnap-2025-02-19-17h01m36s808.jpg,vlcsnap-2025-02-19-17h01m38s740.jpg,1570,1571,train,train,filename_date:2025-02-19,filename_date:2025-02-19,8,10,0.003999136388301849,False,,,
vlcsnap-2025-02-19-14h13m49s185.jpg,vlcsnap-2025-02-19-14h13m50s269.jpg,1039,1040,train,train,filename_date:2025-02-19,filename_date:2025-02-19,8,9,0.004038110841065645,False,,,
vlcsnap-2025-02-18-23h24m37s734.jpg,vlcsnap-2025-02-18-23h24m39s634.jpg,802,803,train,train,filename_date:2025-02-18,filename_date:2025-02-18,8,10,0.004052828531712294,False,,,
vlcsnap-2025-02-18-18h47m22s071.jpg,vlcsnap-2025-02-18-18h47m23s280.jpg,656,657,train,train,filename_date:2025-02-18,filename_date:2025-02-18,8,12,0.004458214621990919,False,,,
vlcsnap-2025-02-18-23h13m52s540.jpg,vlcsnap-2025-02-18-23h13m56s767.jpg,729,731,train,train,filename_date:2025-02-18,filename_date:2025-02-18,8,13,0.004458468407392502,False,,,
vlcsnap-2025-02-18-18h47m33s727.jpg,vlcsnap-2025-02-18-18h47m35s081.jpg,665,666,train,train,filename_date:2025-02-18,filename_date:2025-02-18,8,9,0.004660907667130232,False,,,
vlcsnap-2025-02-19-14h10m35s990.jpg,vlcsnap-2025-02-19-14h10m37s406.jpg,1002,1003,train,train,filename_date:2025-02-19,filename_date:2025-02-19,8,9,0.004715454299002886,False,,,
vlcsnap-2025-02-18-17h03m22s323.jpg,vlcsnap-2025-02-18-17h03m26s001.jpg,351,353,train,train,filename_date:2025-02-18,filename_date:2025-02-18,8,10,0.004991249646991491,False,,,
vlcsnap-2025-02-18-23h13m28s466.jpg,vlcsnap-2025-02-18-23h13m29s907.jpg,722,723,train,train,filename_date:2025-02-18,filename_date:2025-02-18,8,14,0.005039054434746504,False,,,
vlcsnap-2025-02-18-18h36m40s884.jpg,vlcsnap-2025-02-18-18h36m42s188.jpg,553,554,train,train,filename_date:2025-02-18,filename_date:2025-02-18,8,11,0.005171569064259529,False,,,
vlcsnap-2025-02-18-18h47m23s280.jpg,vlcsnap-2025-02-18-18h47m25s867.jpg,657,659,train,train,filename_date:2025-02-18,filename_date:2025-02-18,8,12,0.005303155165165663,False,,,
vlcsnap-2025-02-18-18h46m32s833.jpg,vlcsnap-2025-02-18-18h46m34s348.jpg,626,627,train,train,filename_date:2025-02-18,filename_date:2025-02-18,8,14,0.005406854674220085,False,,,
vlcsnap-2025-02-19-14h57m44s637.jpg,vlcsnap-2025-02-19-15h06m10s398.jpg,1412,1451,train,train,filename_date:2025-02-19,filename_date:2025-02-19,8,10,0.005543448030948639,False,,,
vlcsnap-2025-02-18-18h46m34s348.jpg,vlcsnap-2025-02-18-18h46m36s059.jpg,627,628,train,train,filename_date:2025-02-18,filename_date:2025-02-18,8,11,0.005667498335242271,False,,,
vlcsnap-2025-02-19-13h59m33s924.jpg,vlcsnap-2025-02-19-13h59m35s605.jpg,943,944,train,train,filename_date:2025-02-19,filename_date:2025-02-19,8,9,0.005694805644452572,False,,,
vlcsnap-2025-02-19-14h57m14s904.jpg,vlcsnap-2025-02-19-15h05m31s134.jpg,1408,1437,train,train,filename_date:2025-02-19,filename_date:2025-02-19,8,9,0.005726837553083897,False,,,
vlcsnap-2025-02-18-17h05m15s149.jpg,vlcsnap-2025-02-18-17h05m19s801.jpg,378,379,train,train,filename_date:2025-02-18,filename_date:2025-02-18,8,11,0.005892665591090918,False,,,
vlcsnap-2025-02-18-18h36m39s442.jpg,vlcsnap-2025-02-18-18h36m40s884.jpg,552,553,train,train,filename_date:2025-02-18,filename_date:2025-02-18,8,11,0.0060040014795959,False,,,
vlcsnap-2025-02-19-17h04m47s362.jpg,vlcsnap-2025-02-19-17h04m49s140.jpg,1592,1593,train,train,filename_date:2025-02-19,filename_date:2025-02-19,8,14,0.006160858552902937,False,,,
vlcsnap-2025-02-18-18h46m27s425.jpg,vlcsnap-2025-02-18-18h46m30s755.jpg,623,625,train,train,filename_date:2025-02-18,filename_date:2025-02-18,8,11,0.006508220918476582,False,,,
vlcsnap-2025-02-18-18h46m40s324.jpg,vlcsnap-2025-02-18-18h46m45s039.jpg,631,633,train,train,filename_date:2025-02-18,filename_date:2025-02-18,8,13,0.00755534740164876,False,,,
vlcsnap-2025-02-18-23h07m47s847.jpg,vlcsnap-2025-02-18-23h07m50s137.jpg,681,682,train,train,filename_date:2025-02-18,filename_date:2025-02-18,8,10,0.007667016703635454,False,,,
vlcsnap-00078.jpg,vlcsnap-00083.jpg,179,184,val,val,unknown_session,unknown_session,8,10,0.00789656862616539,False,,,
vlcsnap-2025-02-19-13h53m01s070.jpg,vlcsnap-2025-02-19-13h53m02s335.jpg,900,901,train,train,filename_date:2025-02-19,filename_date:2025-02-19,8,12,0.008123512379825115,False,,,
vlcsnap-2025-02-19-14h14m49s913.jpg,vlcsnap-2025-02-19-14h14m52s036.jpg,1052,1053,train,train,filename_date:2025-02-19,filename_date:2025-02-19,8,8,0.008185961283743382,False,,,
vlcsnap-2025-02-18-18h46m16s677.jpg,vlcsnap-2025-02-18-18h46m19s659.jpg,619,621,train,train,filename_date:2025-02-18,filename_date:2025-02-18,8,14,0.008199176751077175,False,,,
vlcsnap-2025-02-18-18h47m10s448.jpg,vlcsnap-2025-02-18-18h47m13s411.jpg,649,651,train,train,filename_date:2025-02-18,filename_date:2025-02-18,8,8,0.008258008398115635,False,,,
vlcsnap-2025-02-19-14h14m53s268.jpg,vlcsnap-2025-02-19-14h14m54s746.jpg,1054,1055,train,train,filename_date:2025-02-19,filename_date:2025-02-19,8,11,0.008259570226073265,False,,,
vlcsnap-2025-02-18-17h02m17s009.jpg,vlcsnap-2025-02-18-17h02m19s484.jpg,331,333,train,train,filename_date:2025-02-18,filename_date:2025-02-18,8,8,0.008358229883015156,False,,,
vlcsnap-2025-02-18-18h47m25s867.jpg,vlcsnap-2025-02-18-18h47m28s460.jpg,659,661,train,train,filename_date:2025-02-18,filename_date:2025-02-18,8,12,0.008389748632907867,False,,,
vlcsnap-2025-02-18-17h02m34s894.jpg,vlcsnap-2025-02-18-17h02m44s073.jpg,339,340,train,train,filename_date:2025-02-18,filename_date:2025-02-18,8,12,0.0084808599203825,False,,,
vlcsnap-2025-02-18-17h06m02s504.jpg,vlcsnap-2025-02-18-17h06m07s036.jpg,395,397,train,train,filename_date:2025-02-18,filename_date:2025-02-18,8,9,0.00848474446684122,False,,,
vlcsnap-2025-02-19-14h19m00s660.jpg,vlcsnap-2025-02-19-14h19m01s897.jpg,1131,1132,train,train,filename_date:2025-02-19,filename_date:2025-02-19,8,8,0.00850304588675499,False,,,
vlcsnap-2025-02-26-20h31m51s717.jpg,vlcsnap-2025-02-26-20h31m54s793.jpg,1660,1661,test,test,filename_date:2025-02-26,filename_date:2025-02-26,8,15,0.008727814070880413,False,,,
vlcsnap-2025-02-18-18h47m15s656.jpg,vlcsnap-2025-02-18-18h47m18s976.jpg,652,654,train,train,filename_date:2025-02-18,filename_date:2025-02-18,8,10,0.009067961014807224,False,,,
vlcsnap-2025-02-19-14h13m41s592.jpg,vlcsnap-2025-02-19-14h13m44s278.jpg,1034,1036,train,train,filename_date:2025-02-19,filename_date:2025-02-19,8,8,0.009078706614673138,False,,,
vlcsnap-2025-02-19-17h03m45s777.jpg,vlcsnap-2025-02-19-17h03m47s237.jpg,1584,1585,train,train,filename_date:2025-02-19,filename_date:2025-02-19,8,13,0.009105945937335491,False,,,
vlcsnap-2025-02-19-14h57m01s838.jpg,vlcsnap-2025-02-19-15h05m14s423.jpg,1404,1434,train,train,filename_date:2025-02-19,filename_date:2025-02-19,8,12,0.009160446003079414,False,,,
vlcsnap-2025-02-26-20h38m01s129.jpg,vlcsnap-2025-02-26-20h38m02s518.jpg,1794,1795,test,test,filename_date:2025-02-26,filename_date:2025-02-26,8,11,0.009202297776937485,False,,,
vlcsnap-2025-02-19-14h19m08s998.jpg,vlcsnap-2025-02-19-14h19m11s006.jpg,1137,1138,train,train,filename_date:2025-02-19,filename_date:2025-02-19,8,11,0.009320307523012161,False,,,
vlcsnap-2025-02-26-20h34m17s883.jpg,vlcsnap-2025-02-26-20h34m19s554.jpg,1709,1710,test,test,filename_date:2025-02-26,filename_date:2025-02-26,8,15,0.00936558935791254,False,,,
vlcsnap-2025-02-18-18h31m01s136.jpg,vlcsnap-2025-02-18-18h31m02s378.jpg,456,457,train,train,filename_date:2025-02-18,filename_date:2025-02-18,8,8,0.00943578127771616,False,,,
vlcsnap-2025-02-19-14h24m12s307.jpg,vlcsnap-2025-02-19-14h24m13s530.jpg,1223,1224,train,train,filename_date:2025-02-19,filename_date:2025-02-19,8,8,0.009452574886381626,False,,,
vlcsnap-2025-02-18-17h05m19s801.jpg,vlcsnap-2025-02-18-17h05m21s401.jpg,379,380,train,train,filename_date:2025-02-18,filename_date:2025-02-18,8,10,0.009492303244769573,False,,,
vlcsnap-2025-02-19-14h13m38s815.jpg,vlcsnap-2025-02-19-14h13m41s592.jpg,1032,1034,train,train,filename_date:2025-02-19,filename_date:2025-02-19,8,11,0.009624764323234558,False,,,
vlcsnap-2025-02-18-17h02m44s073.jpg,vlcsnap-2025-02-18-17h02m47s744.jpg,340,342,train,train,filename_date:2025-02-18,filename_date:2025-02-18,8,13,0.009812084957957268,False,,,
vlcsnap-2025-02-19-17h03m26s014.jpg,vlcsnap-2025-02-19-17h03m28s017.jpg,1578,1579,train,train,filename_date:2025-02-19,filename_date:2025-02-19,8,19,0.009864121675491333,False,,,
vlcsnap-2025-02-19-14h30m10s427.jpg,vlcsnap-2025-02-19-14h30m11s265.jpg,1287,1288,train,train,filename_date:2025-02-19,filename_date:2025-02-19,8,13,0.009903449565172195,False,,,
vlcsnap-2025-02-19-14h13m31s429.jpg,vlcsnap-2025-02-19-14h13m33s567.jpg,1026,1028,train,train,filename_date:2025-02-19,filename_date:2025-02-19,8,9,0.010158867575228214,False,,,
vlcsnap-2025-02-18-23h25m00s029.jpg,vlcsnap-2025-02-18-23h25m01s474.jpg,811,812,train,train,filename_date:2025-02-18,filename_date:2025-02-18,8,10,0.010244564153254032,False,,,
vlcsnap-2025-02-18-18h36m06s732.jpg,vlcsnap-2025-02-18-18h36m08s054.jpg,542,543,train,train,filename_date:2025-02-18,filename_date:2025-02-18,8,9,0.010262472555041313,False,,,
vlcsnap-2025-02-18-18h47m23s280.jpg,vlcsnap-2025-02-18-18h47m29s801.jpg,657,662,train,train,filename_date:2025-02-18,filename_date:2025-02-18,8,15,0.010353357531130314,False,,,
vlcsnap-2025-02-18-18h47m23s280.jpg,vlcsnap-2025-02-18-18h47m28s460.jpg,657,661,train,train,filename_date:2025-02-18,filename_date:2025-02-18,8,14,0.010476592928171158,False,,,
vlcsnap-2025-02-18-18h36m56s301.jpg,vlcsnap-2025-02-18-18h36m57s439.jpg,562,563,train,train,filename_date:2025-02-18,filename_date:2025-02-18,8,11,0.010485397651791573,False,,,
vlcsnap-2025-02-19-14h22m05s489.jpg,vlcsnap-2025-02-19-14h22m06s610.jpg,1190,1191,train,train,filename_date:2025-02-19,filename_date:2025-02-19,8,17,0.010499868541955948,False,,,
vlcsnap-00053.jpg,vlcsnap-00054.jpg,154,155,val,val,unknown_session,unknown_session,8,12,0.010586686432361603,False,,,
vlcsnap-2025-02-18-17h05m03s303.jpg,vlcsnap-2025-02-18-17h05m06s728.jpg,375,376,train,train,filename_date:2025-02-18,filename_date:2025-02-18,8,13,0.010696740821003914,False,,,
vlcsnap-2025-02-19-14h18m47s024.jpg,vlcsnap-2025-02-19-14h18m48s452.jpg,1126,1127,train,train,filename_date:2025-02-19,filename_date:2025-02-19,8,12,0.010708628222346306,False,,,
vlcsnap-2025-02-26-20h36m07s853.jpg,vlcsnap-2025-02-26-20h36m09s289.jpg,1749,1750,test,test,filename_date:2025-02-26,filename_date:2025-02-26,8,16,0.010870605707168579,False,,,
vlcsnap-2025-02-19-14h14m49s913.jpg,vlcsnap-2025-02-19-14h14m53s268.jpg,1052,1054,train,train,filename_date:2025-02-19,filename_date:2025-02-19,8,12,0.010971715673804283,False,,,
vlcsnap-2025-02-19-14h14m53s268.jpg,vlcsnap-2025-02-19-14h14m55s938.jpg,1054,1056,train,train,filename_date:2025-02-19,filename_date:2025-02-19,8,8,0.011036460287868977,False,,,
vlcsnap-2025-02-18-18h36m04s163.jpg,vlcsnap-2025-02-18-18h36m05s347.jpg,540,541,train,train,filename_date:2025-02-18,filename_date:2025-02-18,8,9,0.0110675860196352,False,,,
vlcsnap-2025-02-19-14h21m59s343.jpg,vlcsnap-2025-02-19-14h22m00s796.jpg,1186,1187,train,train,filename_date:2025-02-19,filename_date:2025-02-19,8,13,0.01111625786870718,False,,,
vlcsnap-2025-02-19-14h14m52s036.jpg,vlcsnap-2025-02-19-14h14m54s746.jpg,1053,1055,train,train,filename_date:2025-02-19,filename_date:2025-02-19,8,13,0.01127609796822071,False,,,
vlcsnap-2025-02-18-23h28m40s708.jpg,vlcsnap-2025-02-18-23h28m42s438.jpg,849,850,train,train,filename_date:2025-02-18,filename_date:2025-02-18,8,8,0.011478064581751823,False,,,
vlcsnap-2025-02-19-14h24m38s339.jpg,vlcsnap-2025-02-19-14h24m40s628.jpg,1233,1234,train,train,filename_date:2025-02-19,filename_date:2025-02-19,8,12,0.011522270739078522,False,,,
vlcsnap-2025-02-19-14h49m34s670.jpg,vlcsnap-2025-02-19-14h49m35s695.jpg,1360,1361,train,train,filename_date:2025-02-19,filename_date:2025-02-19,8,11,0.011602502316236496,False,,,
vlcsnap-2025-02-19-13h56m05s774.jpg,vlcsnap-2025-02-19-13h56m06s574.jpg,939,940,train,train,filename_date:2025-02-19,filename_date:2025-02-19,8,8,0.011646769940853119,False,,,
vlcsnap-2025-02-18-23h18m27s262.jpg,vlcsnap-2025-02-18-23h18m34s130.jpg,782,784,train,train,filename_date:2025-02-18,filename_date:2025-02-18,8,11,0.011854923330247402,False,,,
vlcsnap-2025-02-19-14h22m02s558.jpg,vlcsnap-2025-02-19-14h22m04s298.jpg,1188,1189,train,train,filename_date:2025-02-19,filename_date:2025-02-19,8,19,0.012010945938527584,False,,,
vlcsnap-2025-02-18-18h42m19s999.jpg,vlcsnap-2025-02-18-18h42m21s488.jpg,586,587,train,train,filename_date:2025-02-18,filename_date:2025-02-18,8,10,0.012188434600830078,False,,,
vlcsnap-2025-02-18-18h30m24s122.jpg,vlcsnap-2025-02-18-18h30m25s530.jpg,438,439,train,train,filename_date:2025-02-18,filename_date:2025-02-18,8,11,0.012323452159762383,False,,,
vlcsnap-2025-02-19-14h13m40s117.jpg,vlcsnap-2025-02-19-14h13m41s592.jpg,1033,1034,train,train,filename_date:2025-02-19,filename_date:2025-02-19,8,16,0.012336301617324352,False,,,
vlcsnap-2025-02-19-14h57m00s992.jpg,vlcsnap-2025-02-19-14h57m01s838.jpg,1403,1404,train,train,filename_date:2025-02-19,filename_date:2025-02-19,8,10,0.012338710948824883,False,,,
vlcsnap-2025-02-19-14h22m31s721.jpg,vlcsnap-2025-02-19-14h22m32s888.jpg,1203,1204,train,train,filename_date:2025-02-19,filename_date:2025-02-19,8,14,0.012362105771899223,False,,,
vlcsnap-2025-02-18-17h06m27s551.jpg,vlcsnap-2025-02-18-17h06m30s085.jpg,405,407,train,train,filename_date:2025-02-18,filename_date:2025-02-18,8,15,0.012574603781104088,False,,,
vlcsnap-2025-02-18-17h06m27s551.jpg,vlcsnap-2025-02-18-17h10m25s907.jpg,405,408,train,train,filename_date:2025-02-18,filename_date:2025-02-18,8,15,0.012593100778758526,False,,,
vlcsnap-2025-02-19-14h13m58s032.jpg,vlcsnap-2025-02-19-14h13m59s420.jpg,1046,1047,train,train,filename_date:2025-02-19,filename_date:2025-02-19,8,9,0.012634316459298134,False,,,
vlcsnap-2025-02-18-23h24m30s869.jpg,vlcsnap-2025-02-18-23h24m34s484.jpg,798,800,train,train,filename_date:2025-02-18,filename_date:2025-02-18,8,16,0.012654013931751251,False,,,
vlcsnap-2025-02-19-15h09m51s230.jpg,vlcsnap-2025-02-19-15h09m52s738.jpg,1484,1485,train,train,filename_date:2025-02-19,filename_date:2025-02-19,8,16,0.01277231890708208,False,,,
vlcsnap-2025-02-19-14h17m56s528.jpg,vlcsnap-2025-02-19-14h17m58s126.jpg,1109,1110,train,train,filename_date:2025-02-19,filename_date:2025-02-19,8,8,0.012951544485986233,False,,,
vlcsnap-2025-02-19-14h13m38s815.jpg,vlcsnap-2025-02-19-14h13m44s278.jpg,1032,1036,train,train,filename_date:2025-02-19,filename_date:2025-02-19,8,15,0.01299883984029293,False,,,
vlcsnap-2025-02-19-14h11m58s667.jpg,vlcsnap-2025-02-19-14h12m00s177.jpg,1014,1015,train,train,filename_date:2025-02-19,filename_date:2025-02-19,8,8,0.013001316227018833,False,,,
vlcsnap-2025-02-19-14h16m59s137.jpg,vlcsnap-2025-02-19-14h17m00s831.jpg,1084,1085,train,train,filename_date:2025-02-19,filename_date:2025-02-19,8,14,0.013087080791592598,False,,,
vlcsnap-2025-02-18-18h36m10s641.jpg,vlcsnap-2025-02-18-18h36m11s989.jpg,545,546,train,train,filename_date:2025-02-18,filename_date:2025-02-18,8,9,0.013113914057612419,False,,,
vlcsnap-2025-02-18-18h33m08s042.jpg,vlcsnap-2025-02-18-18h33m09s423.jpg,505,506,train,train,filename_date:2025-02-18,filename_date:2025-02-18,8,12,0.013148268684744835,False,,,
vlcsnap-2025-02-19-15h05m13s265.jpg,vlcsnap-2025-02-19-15h05m14s423.jpg,1433,1434,train,train,filename_date:2025-02-19,filename_date:2025-02-19,8,14,0.013310279697179794,False,,,
vlcsnap-2025-02-19-14h13m33s567.jpg,vlcsnap-2025-02-19-14h13m36s072.jpg,1028,1030,train,train,filename_date:2025-02-19,filename_date:2025-02-19,8,13,0.013627823442220688,False,,,
vlcsnap-00040.jpg,vlcsnap-00041.jpg,142,143,val,val,unknown_session,unknown_session,8,11,0.013695654459297657,False,,,
vlcsnap-00034.jpg,vlcsnap-00035.jpg,136,137,val,val,unknown_session,unknown_session,8,9,0.013733319006860256,False,,,
vlcsnap-2025-02-19-14h18m45s459.jpg,vlcsnap-2025-02-19-14h18m47s024.jpg,1125,1126,train,train,filename_date:2025-02-19,filename_date:2025-02-19,8,16,0.013774971477687359,False,,,
vlcsnap-2025-02-18-18h33m43s419.jpg,vlcsnap-2025-02-18-18h33m44s511.jpg,524,525,train,train,filename_date:2025-02-18,filename_date:2025-02-18,8,10,0.013823729008436203,False,,,
vlcsnap-2025-02-19-14h14m52s036.jpg,vlcsnap-2025-02-19-14h14m55s938.jpg,1053,1056,train,train,filename_date:2025-02-19,filename_date:2025-02-19,8,10,0.013974640518426895,False,,,
vlcsnap-2025-02-18-18h36m51s018.jpg,vlcsnap-2025-02-18-18h36m52s335.jpg,558,559,train,train,filename_date:2025-02-18,filename_date:2025-02-18,8,14,0.013989705592393875,False,,,
vlcsnap-2025-02-19-14h18m57s265.jpg,vlcsnap-2025-02-19-14h19m01s897.jpg,1130,1132,train,train,filename_date:2025-02-19,filename_date:2025-02-19,8,15,0.014035981148481369,False,,,
vlcsnap-2025-02-18-17h01m30s056.jpg,vlcsnap-2025-02-18-17h01m34s533.jpg,318,320,train,train,filename_date:2025-02-18,filename_date:2025-02-18,8,11,0.014129210263490677,False,,,
vlcsnap-2025-02-18-18h47m04s939.jpg,vlcsnap-2025-02-18-18h47m11s736.jpg,645,650,train,train,filename_date:2025-02-18,filename_date:2025-02-18,8,10,0.014216840267181396,False,,,
vlcsnap-2025-02-19-14h18m52s728.jpg,vlcsnap-2025-02-19-14h19m01s897.jpg,1129,1132,train,train,filename_date:2025-02-19,filename_date:2025-02-19,8,13,0.014219324104487896,False,,,
vlcsnap-2025-02-19-14h20m27s927.jpg,vlcsnap-2025-02-19-14h20m30s517.jpg,1164,1165,train,train,filename_date:2025-02-19,filename_date:2025-02-19,8,21,0.014288862235844135,False,,,
vlcsnap-2025-02-19-14h56m49s906.jpg,vlcsnap-2025-02-19-14h56m50s870.jpg,1398,1399,train,train,filename_date:2025-02-19,filename_date:2025-02-19,8,9,0.014362131245434284,False,,,
vlcsnap-2025-02-19-15h10m21s566.jpg,vlcsnap-2025-02-19-15h10m24s357.jpg,1493,1494,train,train,filename_date:2025-02-19,filename_date:2025-02-19,8,13,0.01450305711477995,False,,,
vlcsnap-2025-02-18-23h24m47s512.jpg,vlcsnap-2025-02-18-23h24m49s466.jpg,806,807,train,train,filename_date:2025-02-18,filename_date:2025-02-18,8,20,0.014519335702061653,False,,,
vlcsnap-2025-02-18-18h32m09s795.jpg,vlcsnap-2025-02-18-18h32m11s526.jpg,474,475,train,train,filename_date:2025-02-18,filename_date:2025-02-18,8,12,0.014528072439134121,False,,,
vlcsnap-2025-02-26-20h34m21s541.jpg,vlcsnap-2025-02-26-20h34m22s994.jpg,1711,1712,test,test,filename_date:2025-02-26,filename_date:2025-02-26,8,11,0.014572466723620892,False,,,
vlcsnap-2025-02-19-14h28m09s822.jpg,vlcsnap-2025-02-19-14h28m10s843.jpg,1263,1264,train,train,filename_date:2025-02-19,filename_date:2025-02-19,8,9,0.014677847735583782,False,,,
vlcsnap-2025-02-19-14h19m03s107.jpg,vlcsnap-2025-02-19-14h19m05s064.jpg,1133,1134,train,train,filename_date:2025-02-19,filename_date:2025-02-19,8,13,0.01471539307385683,False,,,
vlcsnap-2025-02-18-23h24m58s564.jpg,vlcsnap-2025-02-18-23h25m01s474.jpg,810,812,train,train,filename_date:2025-02-18,filename_date:2025-02-18,8,17,0.014740650542080402,False,,,
vlcsnap-2025-02-26-20h36m19s818.jpg,vlcsnap-2025-02-26-20h36m21s506.jpg,1756,1757,test,test,filename_date:2025-02-26,filename_date:2025-02-26,8,15,0.014771835878491402,False,,,
vlcsnap-2025-02-19-14h56m49s906.jpg,vlcsnap-2025-02-19-15h05m02s468.jpg,1398,1429,train,train,filename_date:2025-02-19,filename_date:2025-02-19,8,8,0.01478689443320036,False,,,
vlcsnap-2025-02-18-18h32m40s189.jpg,vlcsnap-2025-02-18-18h32m41s732.jpg,490,491,train,train,filename_date:2025-02-18,filename_date:2025-02-18,8,11,0.01490098051726818,False,,,
vlcsnap-2025-02-19-15h07m57s285.jpg,vlcsnap-2025-02-19-15h07m59s774.jpg,1465,1467,train,train,filename_date:2025-02-19,filename_date:2025-02-19,8,12,0.01502309087663889,False,,,
vlcsnap-2025-02-18-18h33m40s988.jpg,vlcsnap-2025-02-18-18h33m44s511.jpg,522,525,train,train,filename_date:2025-02-18,filename_date:2025-02-18,8,10,0.015046697109937668,False,,,
vlcsnap-2025-02-19-14h16m33s629.jpg,vlcsnap-2025-02-19-14h16m35s287.jpg,1078,1079,train,train,filename_date:2025-02-19,filename_date:2025-02-19,8,8,0.01516854576766491,False,,,
vlcsnap-2025-02-26-20h34m50s947.jpg,vlcsnap-2025-02-26-20h34m52s238.jpg,1721,1722,test,test,filename_date:2025-02-26,filename_date:2025-02-26,8,18,0.01548510417342186,False,,,
vlcsnap-2025-02-26-20h32m21s935.jpg,vlcsnap-2025-02-26-20h32m24s691.jpg,1666,1667,test,test,filename_date:2025-02-26,filename_date:2025-02-26,8,19,0.015543748624622822,False,,,
vlcsnap-2025-02-19-14h26m51s034.jpg,vlcsnap-2025-02-19-17h03m45s777.jpg,1251,1584,train,train,filename_date:2025-02-19,filename_date:2025-02-19,8,17,0.01596076786518097,False,,,
vlcsnap-2025-02-19-15h11m02s002.jpg,vlcsnap-2025-02-19-15h11m03s288.jpg,1505,1506,train,train,filename_date:2025-02-19,filename_date:2025-02-19,8,13,0.015987154096364975,False,,,
vlcsnap-2025-02-18-18h30m22s081.jpg,vlcsnap-2025-02-18-18h30m24s122.jpg,437,438,train,train,filename_date:2025-02-18,filename_date:2025-02-18,8,12,0.016025567427277565,False,,,
vlcsnap-2025-02-18-18h32m27s822.jpg,vlcsnap-2025-02-18-18h32m29s091.jpg,484,485,train,train,filename_date:2025-02-18,filename_date:2025-02-18,8,10,0.016123972833156586,False,,,
vlcsnap-2025-02-18-18h32m38s603.jpg,vlcsnap-2025-02-18-18h32m40s189.jpg,489,490,train,train,filename_date:2025-02-18,filename_date:2025-02-18,8,13,0.01613549329340458,False,,,
vlcsnap-2025-02-19-14h19m07s758.jpg,vlcsnap-2025-02-19-14h19m12s057.jpg,1136,1139,train,train,filename_date:2025-02-19,filename_date:2025-02-19,8,13,0.01617896743118763,False,,,
vlcsnap-2025-02-18-18h47m04s939.jpg,vlcsnap-2025-02-18-18h47m18s976.jpg,645,654,train,train,filename_date:2025-02-18,filename_date:2025-02-18,8,15,0.016214029863476753,False,,,
vlcsnap-2025-02-18-23h28m31s267.jpg,vlcsnap-2025-02-18-23h28m35s937.jpg,844,846,train,train,filename_date:2025-02-18,filename_date:2025-02-18,8,14,0.016216499730944633,False,,,
vlcsnap-2025-02-18-18h32m22s087.jpg,vlcsnap-2025-02-18-18h32m24s533.jpg,480,482,train,train,filename_date:2025-02-18,filename_date:2025-02-18,8,10,0.016244862228631973,False,,,
vlcsnap-2025-02-19-14h17m29s266.jpg,vlcsnap-2025-02-19-14h17m30s779.jpg,1094,1095,train,train,filename_date:2025-02-19,filename_date:2025-02-19,8,11,0.01637718267738819,False,,,
vlcsnap-2025-02-18-18h33m42s285.jpg,vlcsnap-2025-02-18-18h33m44s511.jpg,523,525,train,train,filename_date:2025-02-18,filename_date:2025-02-18,8,9,0.01650293543934822,False,,,
vlcsnap-2025-02-19-14h18m39s521.jpg,vlcsnap-2025-02-19-14h18m40s892.jpg,1122,1123,train,train,filename_date:2025-02-19,filename_date:2025-02-19,8,11,0.01684044487774372,False,,,
vlcsnap-2025-02-19-15h10m37s208.jpg,vlcsnap-2025-02-19-15h10m38s494.jpg,1496,1497,train,train,filename_date:2025-02-19,filename_date:2025-02-19,8,13,0.016973666846752167,False,,,
vlcsnap_2025-03-16-15h14m35s770.jpg,vlcsnap_2025-03-16-15h14m53s345.jpg,1870,1875,val,val,filename_date:2025-03-16,filename_date:2025-03-16,8,16,0.01745617389678955,False,,,
vlcsnap-2025-02-19-14h53m03s993.jpg,vlcsnap-2025-02-19-14h53m05s215.jpg,1391,1392,train,train,filename_date:2025-02-19,filename_date:2025-02-19,8,21,0.01748059131205082,False,,,
vlcsnap-2025-02-19-15h10m15s907.jpg,vlcsnap-2025-02-19-15h10m18s648.jpg,1489,1491,train,train,filename_date:2025-02-19,filename_date:2025-02-19,8,15,0.017520053312182426,False,,,
vlcsnap-2025-02-19-15h10m18s648.jpg,vlcsnap-2025-02-19-15h10m25s854.jpg,1491,1495,train,train,filename_date:2025-02-19,filename_date:2025-02-19,8,11,0.01761852577328682,False,,,
vlcsnap-2025-02-18-18h33m06s501.jpg,vlcsnap-2025-02-18-18h33m08s042.jpg,504,505,train,train,filename_date:2025-02-18,filename_date:2025-02-18,8,9,0.017736895009875298,False,,,
vlcsnap-2025-02-19-14h21m42s258.jpg,vlcsnap-2025-02-19-14h21m43s583.jpg,1180,1181,train,train,filename_date:2025-02-19,filename_date:2025-02-19,8,21,0.018055204302072525,False,,,
vlcsnap-00033.jpg,vlcsnap-00034.jpg,135,136,val,val,unknown_session,unknown_session,8,9,0.018265612423419952,False,,,
vlcsnap-2025-02-19-14h59m21s547.jpg,vlcsnap-2025-02-19-14h59m27s203.jpg,1416,1417,train,train,filename_date:2025-02-19,filename_date:2025-02-19,8,18,0.018415801227092743,False,,,
vlcsnap-2025-02-19-14h16m00s854.jpg,vlcsnap-2025-02-19-14h16m01s927.jpg,1074,1075,train,train,filename_date:2025-02-19,filename_date:2025-02-19,8,15,0.018474912270903587,False,,,
vlcsnap-2025-02-19-14h57m37s456.jpg,vlcsnap-2025-02-19-15h06m04s731.jpg,1410,1450,train,train,filename_date:2025-02-19,filename_date:2025-02-19,8,19,0.0185027327388525,False,,,
vlcsnap-2025-02-19-17h05m50s087.jpg,vlcsnap-2025-02-19-17h05m51s656.jpg,1608,1609,train,train,filename_date:2025-02-19,filename_date:2025-02-19,8,15,0.018986782059073448,False,,,
vlcsnap-2025-02-26-20h34m19s554.jpg,vlcsnap-2025-02-26-20h34m22s994.jpg,1710,1712,test,test,filename_date:2025-02-26,filename_date:2025-02-26,8,13,0.019064782187342644,False,,,
vlcsnap-2025-02-19-14h19m06s730.jpg,vlcsnap-2025-02-19-14h19m12s057.jpg,1135,1139,train,train,filename_date:2025-02-19,filename_date:2025-02-19,8,14,0.01909397728741169,False,,,
vlcsnap-2025-02-18-17h10m58s171.jpg,vlcsnap-2025-02-18-17h10m59s358.jpg,421,422,train,train,filename_date:2025-02-18,filename_date:2025-02-18,8,18,0.01962381601333618,False,,,
vlcsnap-2025-02-19-14h59m39s791.jpg,vlcsnap-2025-02-19-15h06m00s407.jpg,1419,1448,train,train,filename_date:2025-02-19,filename_date:2025-02-19,8,17,0.019644729793071747,False,,,
vlcsnap-2025-02-18-18h36m04s163.jpg,vlcsnap-2025-02-18-18h36m06s732.jpg,540,542,train,train,filename_date:2025-02-18,filename_date:2025-02-18,8,12,0.019744036719202995,False,,,
vlcsnap-2025-02-18-17h05m21s401.jpg,vlcsnap-2025-02-18-17h05m25s811.jpg,380,383,train,train,filename_date:2025-02-18,filename_date:2025-02-18,8,10,0.019799644127488136,False,,,
vlcsnap-2025-02-19-14h21m59s343.jpg,vlcsnap-2025-02-19-14h57m05s927.jpg,1186,1405,train,train,filename_date:2025-02-19,filename_date:2025-02-19,8,13,0.01986781880259514,False,,,
vlcsnap-2025-02-19-14h15m43s397.jpg,vlcsnap-2025-02-19-14h15m45s159.jpg,1070,1071,train,train,filename_date:2025-02-19,filename_date:2025-02-19,8,10,0.02046918123960495,False,,,
vlcsnap-2025-02-19-14h21m59s343.jpg,vlcsnap-2025-02-19-17h09m21s575.jpg,1186,1622,train,train,filename_date:2025-02-19,filename_date:2025-02-19,8,21,0.020654790103435516,False,,,
vlcsnap-2025-02-19-15h10m14s544.jpg,vlcsnap-2025-02-19-15h10m18s648.jpg,1488,1491,train,train,filename_date:2025-02-19,filename_date:2025-02-19,8,10,0.020705264061689377,False,,,
vlcsnap-2025-02-19-13h53m06s133.jpg,vlcsnap-2025-02-19-13h53m07s405.jpg,903,904,train,train,filename_date:2025-02-19,filename_date:2025-02-19,8,9,0.021131223067641258,False,,,
vlcsnap-2025-02-19-14h52m06s971.jpg,vlcsnap-2025-02-19-14h52m08s273.jpg,1378,1379,train,train,filename_date:2025-02-19,filename_date:2025-02-19,8,12,0.02175321988761425,False,,,
vlcsnap-2025-02-18-18h32m27s822.jpg,vlcsnap-2025-02-18-18h32m30s860.jpg,484,486,train,train,filename_date:2025-02-18,filename_date:2025-02-18,8,22,0.02194911800324917,False,,,
vlcsnap_2025-03-16-15h26m53s008.jpg,vlcsnap_2025-03-16-15h26m56s149.jpg,1975,1976,val,val,filename_date:2025-03-16,filename_date:2025-03-16,8,9,0.022350486367940903,False,,,
vlcsnap-2025-02-19-14h18m39s521.jpg,vlcsnap-2025-02-19-14h18m42s334.jpg,1122,1124,train,train,filename_date:2025-02-19,filename_date:2025-02-19,8,13,0.022483080625534058,False,,,
vlcsnap-2025-02-26-20h33m21s359.jpg,vlcsnap-2025-02-26-20h33m23s476.jpg,1687,1688,test,test,filename_date:2025-02-26,filename_date:2025-02-26,8,16,0.02266860008239746,False,,,
vlcsnap-2025-02-19-14h18m57s265.jpg,vlcsnap-2025-02-19-14h19m05s064.jpg,1130,1134,train,train,filename_date:2025-02-19,filename_date:2025-02-19,8,13,0.023193083703517914,False,,,
vlcsnap_2025-03-16-15h24m17s765.jpg,vlcsnap_2025-03-16-15h24m20s121.jpg,1953,1954,val,val,filename_date:2025-03-16,filename_date:2025-03-16,8,12,0.023361556231975555,False,,,
vlcsnap-2025-02-26-20h37m24s099.jpg,vlcsnap-2025-02-26-20h37m30s649.jpg,1781,1783,test,test,filename_date:2025-02-26,filename_date:2025-02-26,8,23,0.0233746524900198,False,,,
vlcsnap-2025-02-26-20h32m50s120.jpg,vlcsnap-2025-02-26-20h32m51s983.jpg,1674,1675,test,test,filename_date:2025-02-26,filename_date:2025-02-26,8,18,0.02356741577386856,False,,,
vlcsnap-2025-02-18-17h01m16s802.jpg,vlcsnap-2025-02-18-17h01m19s628.jpg,315,316,train,train,filename_date:2025-02-18,filename_date:2025-02-18,8,9,0.02410126104950905,False,,,
vlcsnap-2025-02-26-20h36m07s853.jpg,vlcsnap-2025-02-26-20h42m00s262.jpg,1749,1857,test,test,filename_date:2025-02-26,filename_date:2025-02-26,8,22,0.024150900542736053,False,,,
vlcsnap-2025-02-19-14h49m10s566.jpg,vlcsnap-2025-02-19-14h49m13s735.jpg,1352,1353,train,train,filename_date:2025-02-19,filename_date:2025-02-19,8,21,0.024830933660268784,False,,,
vlcsnap-2025-02-19-14h51m06s256.jpg,vlcsnap-2025-02-19-14h59m07s946.jpg,1366,1414,train,train,filename_date:2025-02-19,filename_date:2025-02-19,8,11,0.025049736723303795,False,,,
vlcsnap-2025-02-19-14h28m24s310.jpg,vlcsnap-2025-02-19-14h28m25s460.jpg,1265,1266,train,train,filename_date:2025-02-19,filename_date:2025-02-19,8,8,0.02622121199965477,False,,,
vlcsnap-2025-02-19-15h05m06s028.jpg,vlcsnap-2025-02-19-15h05m07s275.jpg,1430,1431,train,train,filename_date:2025-02-19,filename_date:2025-02-19,8,9,0.026400770992040634,False,,,
vlcsnap-2025-02-19-15h07m58s501.jpg,vlcsnap-2025-02-19-15h08m03s174.jpg,1466,1469,train,train,filename_date:2025-02-19,filename_date:2025-02-19,8,11,0.026481453329324722,False,,,
vlcsnap-2025-02-19-14h21m04s606.jpg,vlcsnap-2025-02-19-14h21m07s603.jpg,1168,1170,train,train,filename_date:2025-02-19,filename_date:2025-02-19,8,14,0.02694876492023468,False,,,
vlcsnap-2025-02-19-14h16m57s393.jpg,vlcsnap-2025-02-19-14h17m00s831.jpg,1083,1085,train,train,filename_date:2025-02-19,filename_date:2025-02-19,8,20,0.02727905847132206,False,,,
vlcsnap-2025-02-19-15h07m57s285.jpg,vlcsnap-2025-02-19-15h08m03s174.jpg,1465,1469,train,train,filename_date:2025-02-19,filename_date:2025-02-19,8,14,0.02778352051973343,False,,,
vlcsnap-2025-02-19-14h17m52s707.jpg,vlcsnap-2025-02-19-14h19m06s730.jpg,1107,1135,train,train,filename_date:2025-02-19,filename_date:2025-02-19,8,16,0.028142042458057404,False,,,
vlcsnap-2025-02-19-14h18m52s728.jpg,vlcsnap-2025-02-19-14h21m43s583.jpg,1129,1181,train,train,filename_date:2025-02-19,filename_date:2025-02-19,8,20,0.028195172548294067,False,,,
vlcsnap-2025-02-19-15h05m32s965.jpg,vlcsnap-2025-02-19-15h06m54s076.jpg,1438,1454,train,train,filename_date:2025-02-19,filename_date:2025-02-19,8,14,0.028879530727863312,False,,,
vlcsnap-00131.jpg,vlcsnap-00132.jpg,232,233,val,val,unknown_session,unknown_session,8,12,0.029704948887228966,False,,,
vlcsnap-2025-02-26-20h32m47s212.jpg,vlcsnap-2025-02-26-20h35m11s448.jpg,1673,1730,test,test,filename_date:2025-02-26,filename_date:2025-02-26,8,23,0.029830731451511383,False,,,
vlcsnap-2025-02-26-20h39m57s724.jpg,vlcsnap-2025-02-26-20h40m04s974.jpg,1823,1824,test,test,filename_date:2025-02-26,filename_date:2025-02-26,8,12,0.029870709404349327,False,,,
vlcsnap-2025-02-19-14h18m45s459.jpg,vlcsnap-2025-02-19-14h19m07s758.jpg,1125,1136,train,train,filename_date:2025-02-19,filename_date:2025-02-19,8,14,0.030337456613779068,False,,,
vlcsnap-2025-02-19-14h16m49s024.jpg,vlcsnap-2025-02-19-14h18m47s024.jpg,1080,1126,train,train,filename_date:2025-02-19,filename_date:2025-02-19,8,19,0.030422240495681763,False,,,
vlcsnap-2025-02-19-14h51m06s256.jpg,vlcsnap-2025-02-19-14h52m55s921.jpg,1366,1387,train,train,filename_date:2025-02-19,filename_date:2025-02-19,8,14,0.030570460483431816,False,,,
vlcsnap-2025-02-19-14h57m05s927.jpg,vlcsnap-2025-02-19-17h14m06s154.jpg,1405,1641,train,train,filename_date:2025-02-19,filename_date:2025-02-19,8,15,0.031132612377405167,False,,,
vlcsnap-2025-02-19-14h27m12s180.jpg,vlcsnap-2025-02-19-14h30m22s196.jpg,1257,1290,train,train,filename_date:2025-02-19,filename_date:2025-02-19,8,14,0.031228652223944664,False,,,
vlcsnap-2025-02-19-14h17m04s279.jpg,vlcsnap-2025-02-19-14h21m35s797.jpg,1086,1178,train,train,filename_date:2025-02-19,filename_date:2025-02-19,8,15,0.031544625759124756,False,,,
vlcsnap-2025-02-19-14h51m08s696.jpg,vlcsnap-2025-02-19-14h59m07s946.jpg,1367,1414,train,train,filename_date:2025-02-19,filename_date:2025-02-19,8,14,0.03172166272997856,False,,,
vlcsnap-00107.jpg,vlcsnap-00108.jpg,208,209,val,val,unknown_session,unknown_session,8,13,0.032565146684646606,False,,,
vlcsnap-2025-02-19-14h48m54s951.jpg,vlcsnap-2025-02-19-14h48m56s199.jpg,1347,1348,train,train,filename_date:2025-02-19,filename_date:2025-02-19,8,16,0.03284900635480881,False,,,
vlcsnap-2025-02-19-14h22m05s489.jpg,vlcsnap-2025-02-19-15h05m19s330.jpg,1190,1435,train,train,filename_date:2025-02-19,filename_date:2025-02-19,8,18,0.03337204083800316,False,,,
vlcsnap-2025-02-19-14h14m52s036.jpg,vlcsnap-2025-02-19-14h19m01s897.jpg,1053,1132,train,train,filename_date:2025-02-19,filename_date:2025-02-19,8,18,0.03362619876861572,False,,,
vlcsnap-2025-02-19-14h17m45s679.jpg,vlcsnap-2025-02-19-14h18m04s533.jpg,1103,1113,train,train,filename_date:2025-02-19,filename_date:2025-02-19,8,12,0.0336955301463604,False,,,
vlcsnap-2025-02-19-14h17m06s663.jpg,vlcsnap-2025-02-19-14h21m35s797.jpg,1088,1178,train,train,filename_date:2025-02-19,filename_date:2025-02-19,8,19,0.03415244445204735,False,,,
vlcsnap-2025-02-19-14h21m50s699.jpg,vlcsnap-2025-02-19-14h28m25s460.jpg,1185,1266,train,train,filename_date:2025-02-19,filename_date:2025-02-19,8,20,0.03423411026597023,False,,,
vlcsnap-2025-02-19-15h10m14s544.jpg,vlcsnap-2025-02-19-17h03m26s014.jpg,1488,1578,train,train,filename_date:2025-02-19,filename_date:2025-02-19,8,20,0.03535788506269455,False,,,
vlcsnap-2025-02-19-14h17m35s419.jpg,vlcsnap-2025-02-19-14h21m40s743.jpg,1097,1179,train,train,filename_date:2025-02-19,filename_date:2025-02-19,8,27,0.03877776861190796,False,,,
vlcsnap-2025-02-19-14h14m54s746.jpg,vlcsnap-2025-02-19-14h18m57s265.jpg,1055,1130,train,train,filename_date:2025-02-19,filename_date:2025-02-19,8,20,0.039499398320913315,False,,,
