id,file_name,group,source_group,split,sha256,label_sha256
1,20250216_164325.jpg,filename_date:2025-02-16,filename_date:2025-02-16,test,151f8fb2f423b089478644643315e2429dc2dccfb2d86541b1c19ada358a92ce,c31e168a57df3043adcb4805793387c2b8fbe8d2e443af032cdaebe1ea53cad7
2,20250216_164521.jpg,filename_date:2025-02-16,filename_date:2025-02-16,test,742a73746d15947639f57253643dfb525244b37b54ac4a1fca40f7ac2d09db1d,88d51a254a7702088883dd19016a173ae32469169063d5ad70c53d79093b91e0
3,20250216_164541.jpg,filename_date:2025-02-16,filename_date:2025-02-16,test,8d7fb54fbfc9b82877144a8bf32067732ca47a90470102d4d9c598cea9c7f9e5,3540c8fe209be45f47216be64cc835e6e487c93a29d7f409df6ef5023a9d08e4
4,20250219_164649.jpg,filename_date:2025-02-19,filename_date:2025-02-19,train,85b058e5d3fd279c47682196942ee70e7b9e2f1f2c88ced6e78ad27111b9cfdf,86ef652be4499b49b04e8ef4c833efe51a5e380b8d6daf7199a59b7c9bfde9ca
5,20250219_164714.jpg,filename_date:2025-02-19,filename_date:2025-02-19,train,c8937937c809481e02034c55d94db3b420017ea26dddfd0b9f5e179025c02ba9,c94452c34f03fbc02ab128a5cb9c200b3e024405bd86410340c7b3b1cc4c8763
6,20250219_164738.jpg,filename_date:2025-02-19,filename_date:2025-02-19,train,40b25cd5613dbf0fc2dd2e5f419f71d3b7bc9bbb77299f29da4a61089a0973de,ddf5754c7d58552a78fa2ce7002a14945db027fa4d4bd5cfcd8c82b68e4c044b
7,20250219_164746.jpg,filename_date:2025-02-19,filename_date:2025-02-19,train,6e35a611b13be7ab9d3d1149e87ee62b67d59d0e6b7fbc0346cf133d61f56850,fcbae94b39aa3f43b08c8ce15cb82d5d208e4fdf4b67f9c81d99372c2c122adf
8,20250219_164754.jpg,filename_date:2025-02-19,filename_date:2025-02-19,train,850d718118196b426cbb142c222b90104b95ed277c5c89f656cda1d678059706,cd510b777459d876313ae2428b5033de7bd9fb6bb49d5f956543755d72b8b442
9,20250219_164756.jpg,filename_date:2025-02-19,filename_date:2025-02-19,train,f472dee394260fe66347471786c632f2aaf2004a3175c16f8237a41128388408,f73523fdd69e49603fdbb55cc0f75585c6efce9c3750aa101dae444405da19b6
10,20250219_164807.jpg,filename_date:2025-02-19,filename_date:2025-02-19,train,4ea360eaaf4154ecea3025d010c8894dbd98310303765a032f25504b917ba673,b0f387b90c15cd5ed9223772fbc21c2e6c5937d3106da8e6b5179b6ffd01faeb
11,20250219_164813.jpg,filename_date:2025-02-19,filename_date:2025-02-19,train,4c33b9ecab017a15866d0e42d60e4b75e0b59d118b55ddd4ac9ce5d1d3edcd7c,6edbd5b5dc0076e16dd9489caf486843f5bcb85fc73f8040507d62e577ec1374
12,20250219_164823.jpg,filename_date:2025-02-19,filename_date:2025-02-19,train,4aaab6a9c5d0cdd1d80a1b850d9a6fa847521d2f7b416fdccf5a122caf70298d,7f7c4494747c8c24d0f939a8802ee57206fc1cc760bb347362eba59df968658c
13,20250219_164829.jpg,filename_date:2025-02-19,filename_date:2025-02-19,train,7656db7dbbee58e43d574d90e2c21bfec3f55783add88f87c7ba784377ac0b36,4bcdf09ab444e12920adbba7f464a2b6344a9aa09fec27438d3f8e381f2b59eb
14,20250219_164838.jpg,filename_date:2025-02-19,filename_date:2025-02-19,train,03a4775ae89c8e394c96e2ab74b22b519bb2ebe0afaf0d78c9805ea3d2ad75df,fb5e13449c59212a69a831272658714f6bfe4606588913c6c816e815a6f15986
15,20250219_164848.jpg,filename_date:2025-02-19,filename_date:2025-02-19,train,9e64d29bc311864c920e75c38aee05e701f045c153296bc65b1aa1e7661f936c,c1aaab5e16ff4e2458ba30957f2294be3121545ce7aca6ce5cc020db275a4dfc
16,20250219_164855.jpg,filename_date:2025-02-19,filename_date:2025-02-19,train,68208b13d5498fb691ea6ae5e28881578dfe448f68fc77d1dec920b88d1f8bb9,6f0d57cf6f9f954b0ef1b090c93de562292806300f9fffe5862ec2a19e845238
17,20250219_164905.jpg,filename_date:2025-02-19,filename_date:2025-02-19,train,3f037f0a4346ea278e3d3cb43e4c649db4b3e80304a6a932d882a067daca252b,651fc519381ef8b75f56119c8e7a70ef7b4daac001b607cfaad22bab896fc98b
18,20250219_164912.jpg,filename_date:2025-02-19,filename_date:2025-02-19,train,ce87ecfc5903ba587fdb05bdf02b817e4fe0fe0c172dfba44f282bc25d54a8e3,5093f4141949d73d87d72c0658c7904e316496c37b5f68b93e7f9e2186fab198
19,20250219_164919.jpg,filename_date:2025-02-19,filename_date:2025-02-19,train,15150a6a9d764a951b5e32090840fcad0eb7c7a373050e33ea6599abc1026fda,9d37b75bd0159522258b2f7c0177b689167e4367f518e8e110c5ce1087cf7c40
20,20250219_165015.jpg,filename_date:2025-02-19,filename_date:2025-02-19,train,0c83e339f6e45433bae6369c7c6a9e764945df74a5657e88522abec0e1e693c5,027c8a619f68551ec05422a90bc58e01e17d32f969a1552e867a50c106359f1d
21,20250219_165038.jpg,filename_date:2025-02-19,filename_date:2025-02-19,train,83517f9573da24ef633b7a1d1e27de8d349f1401e2a2b52682f3c0e9a13e9472,5dfb3b2471233c3dff7a89174598891c106ba001534c1644b162e0167b636392
22,20250219_165042.jpg,filename_date:2025-02-19,filename_date:2025-02-19,train,e3f95322842403faf525949d4c07d0635e2b36198f468a0d5800f1495b57780d,ab387b59a786adff8141323b272231cd3286e56019cc24f6147cd3b860d66d16
23,20250219_165049.jpg,filename_date:2025-02-19,filename_date:2025-02-19,train,61a2677e626e4d2035884707c9b1d05e852b6b248797843e149f3de349c8d696,76dca814714ae2baae2d0b9bf5229e0e92a96e37b2075d09618fc394e7af8166
24,20250219_165056.jpg,filename_date:2025-02-19,filename_date:2025-02-19,train,90af5c4a5437980669e733beda0b4e92a9f431acd750a282936dc0d309f2588a,bb05b33e0fbd8a545914a469c103bfc5b73f87fda1705c9747d3d68ffdbaa521
25,20250219_165100.jpg,filename_date:2025-02-19,filename_date:2025-02-19,train,54199f31ec6463467515878043edc542f37f4c350381aaf103ed76bebbfd2072,f9c968d93ddab05ca13dd4f63c8e4327cc13eba05e89894aad41a12325ec4522
26,20250219_165225.jpg,filename_date:2025-02-19,filename_date:2025-02-19,train,55fb02f0772f76a106a2e5e18892cb52d214826769f391bfd54b23d2fa3dc2bb,dd7f941349db30c908cc9e7381b6eb556c7833b77e53858952c8358876eff77d
27,20250219_165329.jpg,filename_date:2025-02-19,filename_date:2025-02-19,train,aaacd60c306e1cce81ed130e5c6cd93ac79c4f0c30aa204bb89b938dfd115366,5470b2cf80313e6583b64473693c84773fb4410650b829d5b82b629616d53b2b
28,20250219_165333.jpg,filename_date:2025-02-19,filename_date:2025-02-19,train,f8b7a933c3f14f40d127849931e80b37d099ea7249664d6a11ad2ff9d1ea0056,19ce7cca742ca1b829b6d795e0888c1f39078bebd32d4f38fd4ecd2f28a1b1d8
29,20250219_165339.jpg,filename_date:2025-02-19,filename_date:2025-02-19,train,9971686cc833e5d30bcdf1b26dde955ec06109503fcd4ec8b4db7ba0f40b2299,513c9471ee748ae48ec30f6dd03b6db346b4b81eb010c3bbaf1e60a0ac98d9dc
30,20250219_165344.jpg,filename_date:2025-02-19,filename_date:2025-02-19,train,45dce4c993654b111fec069a02d02f60b6b79035332c8edae04d4a87d92d9090,ea2ca32bfd172b1af3ad767e91466c019a2ff6e164997272344a14ffdfa13e77
31,20250219_165351.jpg,filename_date:2025-02-19,filename_date:2025-02-19,train,c32defb134b09da39e05030f59e02e21a8728a683d1e414853f8b942cfcc68de,e4e57e396b6c5cd5be0be05a40edef2c32b618b4cb6a7d551c9a35334974bc09
32,20250219_165403.jpg,filename_date:2025-02-19,filename_date:2025-02-19,train,39685b563be9f139e180532bb84b5667c755c4b9b9e8dc5347bcb563b4280e09,965db200d2df65a9d1a5dd199e7194c0975ffea7ff2120e7ff51519e72149a92
33,20250219_165411.jpg,filename_date:2025-02-19,filename_date:2025-02-19,train,f694aabb158a68345b857fd2ca2e1c771aaa106c43439d0959b5d43d5ed39ea1,460b226011a6c795f4f11e86985b0ef638afe8fccebe06db0ab39297e136e20b
34,20250219_165420.jpg,filename_date:2025-02-19,filename_date:2025-02-19,train,1c3e97580ff6180b30c3bcaa725e4a5497b7cb882d2bbd7f168a615d910b0b22,7d3f5f37100ae7c77c44bd16b8f5186c52f90f888e1fcbb87ca8cb690e982aae
35,20250219_165424.jpg,filename_date:2025-02-19,filename_date:2025-02-19,train,c75eba99bfc652544d91e7cddf4b7ec6e3f3b92b450a526f1b727ca9a5b93955,9bc507a92c5783a66856fa066f387d1e35462184221518c0d5b66edaa7950aa0
36,20250219_165436.jpg,filename_date:2025-02-19,filename_date:2025-02-19,train,ee9b0fb7d421dc7e2f63d811ae91d7de6adca1560c45ea0e39756278dd95c505,d8d1765fd2e84314cc3bf0117deb01c9dc4e6b8b3061cd2532b51c615fbcc8ca
37,20250219_165644.jpg,filename_date:2025-02-19,filename_date:2025-02-19,train,a605f7dcc1eb3e54084b8b183235029f9c86fa108a958e90dcd9d1c7a96cb8c6,78fe9063b98d9de40153d5a8f45d0666f4f128c407bb9aaff1b3b6a59bea75a9
38,20250219_165652.jpg,filename_date:2025-02-19,filename_date:2025-02-19,train,19551aaefeefff4965db32e17c5b172231008bc9f873891bbc0e7097afcdab84,3e90ce54ea5f6ae031973a7461dff7f6e94a6745fa32692a33137bd98466c25d
39,20250219_165709.jpg,filename_date:2025-02-19,filename_date:2025-02-19,train,7c37c84fc111c8bce810d358af965def4b95959783ba8d5ec9e0f8a346f5037e,d764cf07c0d20c12ff5dbcfcda034e206c28f8907ba3a9efeb3949af9e7fb426
40,20250219_165753.jpg,filename_date:2025-02-19,filename_date:2025-02-19,train,a321f2e5dfa0f52d2e63c11b657a2d73a0afc1f7e3de2ecf54147a328bcd7271,2b2a9db650d36ababdaff2d4a2a5cb044ff61f8ebc309aa9a949dd41db3f543a
41,20250219_165827.jpg,filename_date:2025-02-19,filename_date:2025-02-19,train,1fb0377461b077a65248f788b345d0b7504a5b6a85c27fcc828369dd2ca2a10b,0d1071b1918db6c0dbbd4ae5272b81ca877755f7250f55d39946632cec1d63db
42,20250219_165832.jpg,filename_date:2025-02-19,filename_date:2025-02-19,train,2eda4c4318b5eb9f498b945c6cea3ef8cbdbbc58bade230b62b80237cd9dc360,0ca8668b345c17ad0c5e4c87f4faaeac8b72b82e5913085e9f5d4c95017b440c
43,20250219_170253.jpg,filename_date:2025-02-19,filename_date:2025-02-19,train,76f1da2cf26f91671e404c0b69ec63757f1121ec5b6774f2717f0fe14d5f0b54,64d4e8e3da8c4e13c31c326ecb38822016beb914e68016731d6ebf24a7fcd5d6
44,20250219_170258.jpg,filename_date:2025-02-19,filename_date:2025-02-19,train,b6406cabe3318d9bf6f18e0269a63f09e9fbd7d773274e332a232bd5ec848129,2a94804509fe170e0d97f162eb45fb693c3248a265a985fc3b301e55bbee113e
45,20250219_170318.jpg,filename_date:2025-02-19,filename_date:2025-02-19,train,24f48121acb7f154af0e6ba1a6734e7234f6cd25aff7191e3fecc6448103b7e9,7b46f86a10e336d643e18e27b8f75dc339ddd8ab4e7226b714114b7fafda230b
46,20250219_170332.jpg,filename_date:2025-02-19,filename_date:2025-02-19,train,66f3c84eda0158efc9f360f0f2fef304407b51642af5401159c496e25382f359,75c61d722643ec815a8b843d2dbb11a54ed779824f38eed0eb4f1d51c2750b95
47,20250219_170341.jpg,filename_date:2025-02-19,filename_date:2025-02-19,train,39a6d7062c251b256551c8ad1269a6d41b4f07ac16007189664553ef9f28c5cf,ae78a95d192767f955936d754c6d7a1a53619a1fcfe0e09717e5994083162471
48,20250219_170346.jpg,filename_date:2025-02-19,filename_date:2025-02-19,train,a00b67f8cda2044080f9d8784946b081c5b7cda571d920cab675ab0e66c15fe5,3fcbb2825bc491a84c5e9d3dfa143a3a1dc9c9da26a406777d78b527d515620b
49,20250219_170509.jpg,filename_date:2025-02-19,filename_date:2025-02-19,train,054856e0102724d6ef7d495a705f376ed3e943e2f6c20f1a2627f832ec0e149a,6cc434e38e11b03f1fe784af5a1e6282f93744c65dad542bc8a8859b1f884463
50,20250219_170513.jpg,filename_date:2025-02-19,filename_date:2025-02-19,train,97b536606345b2e83526a2d3cb1cde08ea0d1cab7bf2a2384e9e919a81314f9a,07f72c4be032782f1dbea384ce77f5894501170c632c5496efab503147655b16
51,20250219_170526.jpg,filename_date:2025-02-19,filename_date:2025-02-19,train,2f5f765e566542f6dfd7d517088fc9cf7889578bcbf01adc8b19f545b6679564,6e814292e69a9e3a7c862c330335e70e33afeca0a1d30347f74a6499a05c626f
52,20250219_170531.jpg,filename_date:2025-02-19,filename_date:2025-02-19,train,a3218aa2e2627a700cf58b978193b920f26e351135708a7f03a40b08673ee8d6,c451ca5bebf57cfc6c84d9d136db0e00fc725aab1da59e684be83e0b2044077c
53,20250219_170541.jpg,filename_date:2025-02-19,filename_date:2025-02-19,train,a2302197a794e512123999d54d8a34b9a82c2169daa26d3164610a9868eaebdf,a6d9b4e875e0885a6234334529bb932168f052403ec9634c417bf03cf826eb7e
54,20250219_170545.jpg,filename_date:2025-02-19,filename_date:2025-02-19,train,e15ab24a49573a0967ce203a4bcfa252bff23384aeaa921b65366c03a4c01955,00bf6bf87d0b9b7bd6d9fd0aba3ea3a10fdf6c61a918870cf553d3e04179793e
55,20250219_170556.jpg,filename_date:2025-02-19,filename_date:2025-02-19,train,d6715cd71d367e72a7849e53a328010b44356b2a107957d0133b19184eced965,60f225738f02ff1be6b577684c07b66f12eecf051a498a4a4bf1c2700029f951
56,20250219_170603.jpg,filename_date:2025-02-19,filename_date:2025-02-19,train,e7beecd02e9ec48c841da362fc15a174c21503603c4ad204bb6a0f718a2f19f2,7f746e90103803c5f3e684aa301479e5b99532617dcb6cd3ebb1cfe40bcad2f5
57,20250219_170613.jpg,filename_date:2025-02-19,filename_date:2025-02-19,train,e81ab3d4787fc08d61a0d6d1e40894196e3ec68d639a7ded1f5469410840128a,6380882d4d366ec7e394d1d97ad9b73e0b810402c14e92e4ee2acfae5af6f3d9
58,20250219_170619.jpg,filename_date:2025-02-19,filename_date:2025-02-19,train,fe8f103b8c7e9e63060100d4be442aeff5574568259a828ab6896022f33e2133,c203aafeab8c4bae724b92d9df5df7ef36912191c7a1ad09f32bb59e55da25ee
59,20250219_170828.jpg,filename_date:2025-02-19,filename_date:2025-02-19,train,ccfc298464a918390a6e98eb76ef65c3d7ab33d52548aa294acd95824da19939,228c2c8324dcf4310cdf3878cafe2662fccbde798f5f7c967ed52218dc212766
60,20250219_170838.jpg,filename_date:2025-02-19,filename_date:2025-02-19,train,84e64260491f9d0391c28285aa212a087843d549acb332478144d3f2a7ba7574,a482994fbc912a32047af0b9af312a715ce308834051adaa930a8b27a441a3c4
61,20250219_170858.jpg,filename_date:2025-02-19,filename_date:2025-02-19,train,4ec76d57f8da2aed4439681886148dc30658fe80e727261df08abebf7123bd69,ba703dd6722b3da2ea4db5e1c721a84f4c6f715be653eeb7818dbbc9e471a049
62,20250219_170909.jpg,filename_date:2025-02-19,filename_date:2025-02-19,train,d45550e07ee89db99cde41dc415ff50f51b80c36dc32bb727d8209241bf41ad7,8034463dbce9553c537e55231c773c7aa118c68252b68c383791773a7ab28dbe
63,20250219_171056.jpg,filename_date:2025-02-19,filename_date:2025-02-19,train,e6739e06aa8e267b66776a763ec92fbd110fc1e678ec83effcf8a21ef64363fc,ecc9f3558d78f0ac367720b5dd3543ea92adfaa6b2f02bf6dda463dcb2a863a9
64,20250223_104730.jpg,filename_date:2025-02-23,filename_date:2025-02-23,test,92b0b6d67e525d58c41e6b60f8bd8742ebb6a3a7ba9e706ec5f57fd65bab427b,c74ee3596f894dd10b11fe52c47add9fe14a51da7997230983a9577663438e47
65,20250223_104743.jpg,filename_date:2025-02-23,filename_date:2025-02-23,test,a480f05d3a8afaf39b23188f26eadbea78bd7a60fc2ef5dec67dd7e863b47d29,9c8dc60a0205dfb769f883609d9d798d19ccb1a10d1f34ede996e5cbab3b9584
66,20250223_104750.jpg,filename_date:2025-02-23,filename_date:2025-02-23,test,888d7012c218d8a8902d2f50b176f6044d0ef6f4cab70debadc158fcb511bbaa,301e9b84a766f6211af6120996631f5028f8b271bff533d1d6450f1775bb501b
67,20250223_143815.jpg,filename_date:2025-02-23,filename_date:2025-02-23,test,fb77e85d26da2cebffc0596199f15112ee17a9e1a0e0cb81018c0ee1424d7d82,33e4c19515bf4bf70701a3bd67a8d1bef256090edadfd435427bb9a378401352
68,20250223_143826.jpg,filename_date:2025-02-23,filename_date:2025-02-23,test,5b4bbb57718814936da5290eb0c97a8f9d0b99d889392d96dc2c738f8ad107d1,1213d030101560310370b9492e8aff0687a9a681588efd62b6a0929f8467ad10
69,20250223_143834.jpg,filename_date:2025-02-23,filename_date:2025-02-23,test,60123542ebb202e3751daa814142b9109289436ef9944a19df6679626fa2131d,8ca55242ab41f37b6dd32ef59b9d311778c97152487c0dff5819108b89d128e2
70,20250223_143847.jpg,filename_date:2025-02-23,filename_date:2025-02-23,test,f3ea20353b6bc0411e9492833e0f88eb1f8c3e4b27e04a47c16599bbc8b78800,6406fd81ba3c076a7c2ca63e8ceb6494bbf1873293fcebbd694a68ae4c9de5b4
71,20250223_143902.jpg,filename_date:2025-02-23,filename_date:2025-02-23,test,9f94defc54828e03e56677db12902f7d260a7bddfc9d857c97bb40773404c941,20b9125d3905cfc32801e5c42e3d1100fb37b6f8f4b078ffdfd0f52684088903
72,20250223_143908.jpg,filename_date:2025-02-23,filename_date:2025-02-23,test,d0fac5643ed543f61d866f1053784a6ecedbec452d7d61a5b958bc512aac159b,16f2df1acfe0e24151f2684ef52a28c25a0a5507fad4ba5509cd62c5a641fd9a
73,20250223_143917.jpg,filename_date:2025-02-23,filename_date:2025-02-23,test,c6c7dc2e51d6f87e732a2a2c958297d289fd1534dff6d243dc3594f945058bcb,d9e3581177c7637902592b6036466227b036686c3227c20bebdf866afbc099a7
74,20250223_143928.jpg,filename_date:2025-02-23,filename_date:2025-02-23,test,96eb4740c167c56641aff4a42da1c0e6d8f8dff173afc31f16677d40d1d06588,5d1acdc8d9c06767e5f8de6137d29828b7fc11e37abc71a30b32f0cb807c3390
75,20250223_143943.jpg,filename_date:2025-02-23,filename_date:2025-02-23,test,fb5032c8006afb9e4d4fbcfb7b06eb712e2877331e7adbb59ff46e74bcf13aba,9b379b5053dea5e73b72a66cc7e80f4260458dee6ce52ab798da0181951c4323
76,20250223_143954.jpg,filename_date:2025-02-23,filename_date:2025-02-23,test,25bfc69818a19fb114cd3bec99cf1fe9c187f3f11233fc76d74d9ff4a22a15b0,a34de2ad83b78e552a685014ffe57f4c989cab452b546c31543f88431fc6cac4
77,20250223_143958.jpg,filename_date:2025-02-23,filename_date:2025-02-23,test,290d63c8deb11523d49d886de2fafa3070c4f5f6f472535b925cde51f6080bec,bbfe2c4bbd4502c63c2959a5e198e2aaf3c7d63a8fe24fd950e87b3e4fe37948
78,20250223_144012.jpg,filename_date:2025-02-23,filename_date:2025-02-23,test,91abee54a8ae3ba1ca58ff7fc2a8d6f51df151f894c52029896507af108f2f28,03c8a8a756438fa8c1adc9d6ff356279110469af024423b8623e3cc6aa4dc7f5
79,20250223_144019.jpg,filename_date:2025-02-23,filename_date:2025-02-23,test,666c1b03224fb3b1c4dcf2bcba9fbdd4746fba1e3f1837df73007345eb389717,bf095b3608d248b1288598b10a365dca6ffebf9ba5b27a085cb5341a0d11264c
80,20250223_144025.jpg,filename_date:2025-02-23,filename_date:2025-02-23,test,dca1e2dda6878e79a419b886a826ebfcb96fba600e0035ab40f9123beed42c94,c87a083151a2b2b6b5afd9c0093bff2b22672b85188d4794de51ede6178a4099
81,20250223_144041.jpg,filename_date:2025-02-23,filename_date:2025-02-23,test,d0d82e8de4a501ae3fe4b36a4f51f01998b7a0a5032bb0da63b7e44f7993b669,5193992a0f8c2dc7b0ceb99b6168025ed2c3e6944692c755b4921d7bf9b491bd
82,20250223_144121.jpg,filename_date:2025-02-23,filename_date:2025-02-23,test,5062c98e3c91f4aaa6df77178a09b76f6d784c5b9c01848617ca170f4c827278,6929e421e1663c7ae1f31ca37f277bdf256952637dd6892f54dd11e51a3ac45d
83,20250223_144138.jpg,filename_date:2025-02-23,filename_date:2025-02-23,test,c6ffcffc2b5b88dededfd8e811863491bf53226321685d351e5bedc05c6b8841,251706c6fc09b121695e0414f4e98495f7f3314c31c0a9e3501cca079d9e9fb2
84,20250223_144145.jpg,filename_date:2025-02-23,filename_date:2025-02-23,test,851f13687d4e2b0df6063397ed98338229263255eef1569ef41f7b633df508b7,87fca7931ebc65f325a2b6c9ec8c0275e055e61ee647693eb4c7419bad1a2757
85,20250223_144154.jpg,filename_date:2025-02-23,filename_date:2025-02-23,test,0daab364f0f1a0c2a3f82e0c5f95510b958c8b5ed780f7cf06338fc4cc949558,688ff72213749a97c7bcc49d6911ad9badc4d8ea924a7cc66548f9e1286118fd
86,20250223_144159.jpg,filename_date:2025-02-23,filename_date:2025-02-23,test,9bfef4a434123467c8d81fec20272b9961eec0b732339f9689be7705df685a34,0b4121a8625d6c2c788c0b1c3d94215cb8601f5e04c56bda7cfe5460434b0230
87,20250223_144234.jpg,filename_date:2025-02-23,filename_date:2025-02-23,test,040995ccc42be317dbf004522d9d9d5123b7cb63c86d45787e994f26205b3e96,e21f43ec98bac42725283bcdccc637056bfffb3b97d8518f25cfbe36d9da879f
88,20250223_144242.jpg,filename_date:2025-02-23,filename_date:2025-02-23,test,bdc39c04592ed4a6443827e477bc0180801d85948a2eb042b15dd44ceebfc7a2,a357e1cbf0c646b819f0c928f0f998b4f32ecc5a2b8ab9e9fc631f8c0be79e53
89,20250223_144246.jpg,filename_date:2025-02-23,filename_date:2025-02-23,test,fbe628b8e258770a1005fcc2571e76840590653831a938c9bdb2823a22d77b2d,e3b235c5f7930e9ada408b36407d89b9e913084d006e16ea7ef87a016e303282
90,20250223_144304.jpg,filename_date:2025-02-23,filename_date:2025-02-23,test,54d82c63db4ce914dd242af0b197191fca80d56486beb7ca7e72abf3c4f92652,8d9700f94e39c1bebba7984b0ecbf682bd92efa2fe9b57feecdd1091572c7d7b
91,20250223_144310.jpg,filename_date:2025-02-23,filename_date:2025-02-23,test,accd1385d6d329152f0b9123b831a32f84a3ecf7385fecafb7b842b7d002b97c,f5b27c6a7f5c34c4da636acfccbc882acd993f8f7078bc8b11c17735df95a2b4
92,20250223_144352.jpg,filename_date:2025-02-23,filename_date:2025-02-23,test,132996a692060d783b898d66904c3287345359cd134376402e5525b79b403f3b,cc7065a34893cf5415f26674058ba656450cf0229a1935007897dd8ef42423bd
93,20250223_144821.jpg,filename_date:2025-02-23,filename_date:2025-02-23,test,fe41764ef21523d9f81f76466b2e220865c9033cff03e862c705d048be761d6d,b11fc6d3fb85a3177ab0e9ef2d77b5feec4c8590109f3a1f0076b968fc10f9b1
94,20250223_144828.jpg,filename_date:2025-02-23,filename_date:2025-02-23,test,3fb0c850b0e368ac12f1e96f01fa71b70d0d7e68a205dde88f414799110f8e86,fe8316577bd23e1fd4bb0b4bea0ff4f1958aae69979443c7a2f8a3939d1c4da9
95,20250223_144836.jpg,filename_date:2025-02-23,filename_date:2025-02-23,test,ae348f343c361fc3131ad0f664d515daf2d7bd4a8030a3aea9b64520f3834094,fbffe20dcd453303145793fd9fb5da4e38bcf6ab0eefff6a6870e28c8c3f734d
96,20250223_144843.jpg,filename_date:2025-02-23,filename_date:2025-02-23,test,dc93b77e79a69e50b7d05e1dd0b9e0381cd782bb19fc41b4a13c89ce0b782e7a,f7076e1922d807b92cb5bb0837efdfa3f77166dca9c1c44d65d21f5b8ea2082c
97,20250223_144853.jpg,filename_date:2025-02-23,filename_date:2025-02-23,test,20035e9d4c420bdebe128f1c67adf30051aa5dd4f4571720ddf071b8e963c04b,ded317b1c80497fa235ad21f5f028adea5ecad9c8f3d1dc21286011f44c45438
98,20250223_144906.jpg,filename_date:2025-02-23,filename_date:2025-02-23,test,2696b235619c08e4a7e2d66a1dc689a77de6f41ce0aacfcf5e6d0e5b40b2c4e4,65d24d209bca465dbfbd82ed280618150b834898d5dc633543087d1c1515f0b7
99,20250223_144911.jpg,filename_date:2025-02-23,filename_date:2025-02-23,test,67a965b601e7a3e1d502988116a1bee77d07ac504392ac83440364dd74130c14,67f899e2eb4479afba677c5303a38ed3664ab64148d29f499a16624c2cfe892f
100,20250223_144934.jpg,filename_date:2025-02-23,filename_date:2025-02-23,test,7e1f3a22facd1a8f2fa03809a9e75785b9aa0c5d6b9c84a33028e315b6bffd71,bf8983ad74f9df4e7a113964e2b3c24631ada36e2f53a1c9cacb0d6e749bb6b0
101,20250223_144944.jpg,filename_date:2025-02-23,filename_date:2025-02-23,test,4b7f101bd6381d8ab060905d7a39556111344a46b89a49216437ff431d784707,229e669972691aaa765a59e9f246bbc0ec95e8d075d92f30e843dd383e1945e7
102,20250223_144948.jpg,filename_date:2025-02-23,filename_date:2025-02-23,test,06ffbe6f305f6a8b52240e41e3a0d58889aacbd9904a6e40c164542e548646ae,acbe06c151b9afaf345ca39569cef9dc53bd3a4e0efe287e5e29dc137e24d2e4
103,vlcsnap-00001.jpg,unknown_session,unknown_session,val,60214d471bc8f3e6b4ad0268d149ab650d8eb3bb3df08e71017c38f7f9540ea9,a635742110d5b50a256b327a77e5e74e8fdc373b1fe1873ac9d103f9a1bf9cb4
104,vlcsnap-00002.jpg,unknown_session,unknown_session,val,fc5a1b862d965f94c4d99ceb6d810bdc7ca611b9369a17a130fa37889a8a483c,ebfdcf6a5ba9fb631b5e4ba16b663f1b35f7b109ae4813d4e868eb09754c74e3
105,vlcsnap-00003.jpg,unknown_session,unknown_session,val,92152d5a3d45c0bdf7c4d71fd2663df04b4d9e9de9c2ee19e0bc290cc42773ee,db8eb83cee2ce47a6509b08a370a25fee35813fc8c57265c0b8040423ebc1049
106,vlcsnap-00004.jpg,unknown_session,unknown_session,val,2f60922e4fc4c12419ce65800db839871b79ec13a8821384b88cb8a059cfd539,8e3f0c4ac2a166d8d74e22a68e5ea7e64d670c06eb327ba23bdf2f622df6b582
107,vlcsnap-00005.jpg,unknown_session,unknown_session,val,faa0c23b76028119d06a73617ab20032b1d9ec4e7b9ff71622c9d5b65079c152,5e57ad16191ada41bd3d255f15ef97eb3014b032aa6d38e9b3efa35e34e640bf
108,vlcsnap-00006.jpg,unknown_session,unknown_session,val,31f1c2984ed56b7db073ce08a3a355b351a0c98f133aaf0f56d920ca2b303bbe,cd053bb0b95982647ffe58bff7da7b7da743db586fb0a480e09d4b3c7561d5c9
109,vlcsnap-00007.jpg,unknown_session,unknown_session,val,bb27db687763bee2da996103d22b0454fd067636fbd999dfcd24081befe12618,723e328a10db3c0b632c9df1f853cee10cec0e89724ac76c149cd9abfcc72bce
110,vlcsnap-00008.jpg,unknown_session,unknown_session,val,a61c367703b4bd5fae02ea966b037b1a0e5d484ce5fca9d1cab52975578f6058,6b3758b37e95ce6fff9b7b87a9cfd6896155ad6d2be0e53bbe0a5de839af5655
111,vlcsnap-00009.jpg,unknown_session,unknown_session,val,afc1d6d68c44c4ecc206443da952f562350fbdf5145100468f0cc64f2b8aaaf5,6736959f2838f6a1a15af80934917df83f22d62035736b684a9627810d3dee42
112,vlcsnap-00010.jpg,unknown_session,unknown_session,val,e24f1c84b29723e3d7d7809c9267b9ff10bb34bf890c4354394daa05996b3870,df0bb416ab60085ae4078bb8228dfa3a7e9b99dba9689c2127788dd82e4d15d7
113,vlcsnap-00011.jpg,unknown_session,unknown_session,val,faa587a841c88b22c1d4ee288956303995cb91acbf1befb830874a11692dd872,c18386d187d7d573ad380f71fff42d6580911f7fce04e085c3584d6ccea4b115
114,vlcsnap-00012.jpg,unknown_session,unknown_session,val,e3655e977f9ad9b2c4c1b782ca068492546d95b30615d5bdbc1163b7e199683a,b8b761ddd965af75eab0456fdf0e8f5369a67c3b88b39435dc00eb09dfbf1a77
115,vlcsnap-00013.jpg,unknown_session,unknown_session,val,81beb940e944141aa8064b3ff2ee4e002e6ce3c8515d2e8512c152046cbd7eef,7e0cf62f3c2425cab0f15233dd359dc38ff72fd6a24c993807aad767a2ffc550
116,vlcsnap-00014.jpg,unknown_session,unknown_session,val,9f56fc5e8a09058bdded4070688c4a679a75f2df251a5f8053889e8f2eb6bf05,c01807a7c587c7d8a0f3f5d8ebfbdfd0dcf1553f4eb6710988f03f3ed546c30a
117,vlcsnap-00015.jpg,unknown_session,unknown_session,val,9bdcdf6e640b0c9983446ab1c01423ce2ac6154eedbb71fbbcb6994142f1f509,144313e93d808a2314af16a5285693764d8377fdd2cd5217a44c5bef3f1e1565
118,vlcsnap-00016.jpg,unknown_session,unknown_session,val,4379c8ce3da11c6db22e749eb4d4c0699a8f564737078cbf8fb4b9ed3ba96318,1c6ecae416d1f7ddadc9b7fd5140133dca65f79dd4d4eff51d40e6111c0abed9
119,vlcsnap-00017.jpg,unknown_session,unknown_session,val,cf4059ff3143bc724f4115638fb2c39f21b6b20f3a84ff9895ac038de57d33a1,ea5357889eef787499bee3654a41219374967e854854867b36429c9b97aa01cf
120,vlcsnap-00018.jpg,unknown_session,unknown_session,val,1d6f10c9d1f20760f20660778c49d25055accf0e40cafc7e875082ea969cd3da,5f5ea0e10d6e8ebbce77b0b754d0485c2eaa76901a7eff63ccaecb9c4e30f784
121,vlcsnap-00019.jpg,unknown_session,unknown_session,val,10f3bba156f18b233307bb602650fafddc0f25c9f971cb27720d8f28f35500f6,2f83b346c3fe90dfde3429682a0901c0727db8eef295da663a773745e9327ae2
122,vlcsnap-00020.jpg,unknown_session,unknown_session,val,ba6eeff44d72768308d3b0f7ca17ca0c7ba8fdfa4b115babce39535bb1ad05d9,b5d3bc65d3d45d9ad659886167798ebcdd44fe3e6a6468403b76da34c8ea753d
123,vlcsnap-00021.jpg,unknown_session,unknown_session,val,5d3df955751dfb077396b728e657e488f0369ca182f257612c85a624b5d485f1,422f8291503be2d27826816f6ef2de37271d5ff95106c61632b8c0b12d151069
124,vlcsnap-00022.jpg,unknown_session,unknown_session,val,0482cff3133393c9e7aa9be5dffd851ac895f3230b010c66df40b31153464aa1,a419984324059c9730619ccccd7604a700d8ce138336ddacbb32f21bee036bb8
125,vlcsnap-00023.jpg,unknown_session,unknown_session,val,43564a7b533614d23ff057c9318885b41e017b3d1c3415821b4a77a63c169330,781b60e587e9e75d92f626292c881d050606334c467a749cb78cc09e1f27b607
126,vlcsnap-00024.jpg,unknown_session,unknown_session,val,4dc40f2ef0f1e73d3aa5f1ae32390927bc7090d30ae6180ff87306cad517f684,32646478bba674009dc3475ae1b0de6cca2978cf3edd2060e37f844aeac1d9ff
127,vlcsnap-00025.jpg,unknown_session,unknown_session,val,806cecb66b864222a6e51cf6be6f61f2af22021bfb92bdfc61d2176b41a71ff0,58e7f2b61f933a51a1add4bcdffdce0eb7750593104f0f3a67422153e754d73c
128,vlcsnap-00026.jpg,unknown_session,unknown_session,val,2946c0f5bca41eaf200faf62964217fdb2165a5541c0a6af7a484d123787a9e8,07f26a00a4431468501899e19cc1392a9d597d04714f7e34b4ca1fb30c257162
129,vlcsnap-00027.jpg,unknown_session,unknown_session,val,685c1ad446c54f5653590e1f31b8d063c657d3037e1cc6d1e1b5e2194d32cbb8,a9f8142f2559ebeb2933fda9c303467cd93f19e52224425c310fe0050446a513
130,vlcsnap-00028.jpg,unknown_session,unknown_session,val,830df58dc7a2d6fbd96c96518c9967c0e74319600f7b616f92c946e1c915d94a,de262198f94525ac77a245f202947da5103ecae50cb79c61aaf9a292e9aba9b3
131,vlcsnap-00029.jpg,unknown_session,unknown_session,val,c46dc11506ebefe1ffdf245bb142d4f01206203216da0eafe1db81585fe877b9,ab14c165bc7568e929f6aca40d972eee512bcf69d2834c0b789583993c846849
132,vlcsnap-00030.jpg,unknown_session,unknown_session,val,4b485e8c560f8945fcd9274eaf0a18f0012851542d653178beea5323afdf45f4,822b4f7f9cd7d540d452cc8449b15c797fa05949f2e8141e279f96d26b5bbeac
133,vlcsnap-00031.jpg,unknown_session,unknown_session,val,09163d3830a4ce39c227cb1e21f1a39c1a71f4b980795b0ec49a5cc6e80a22ad,d413a8fe3035423ea3d53c3372e6fc05b578dc114bcbea7df32e27082d025b8f
134,vlcsnap-00032.jpg,unknown_session,unknown_session,val,4bd9e4354636d9d9d5ccfdb37d844ba0d8c08c08246cf7a3c75f5fe69f920edb,0fef06be57093032b17e6c0412c533849329f66edbfc081109fd31794da36f63
135,vlcsnap-00033.jpg,unknown_session,unknown_session,val,67dfeba511856e0e4796f340e1b804faf9a600e0f41706c5d5d1b46319b8a2fe,d63d1abceaf24d07143ce0b4bc22a39e0ec95b9e980d0d8c39d04ae320084533
136,vlcsnap-00034.jpg,unknown_session,unknown_session,val,f229ebab5c1805436164b3da133f57cf570d6b8af8ec45e35cc695125562b4c3,3f4b416f65b7ba5ae600f8ea0e52b0b214b146e33a83ab1f0c64e52e27f98433
137,vlcsnap-00035.jpg,unknown_session,unknown_session,val,62cb4640a9d7d693791f79902f2f5379166fecacfaa27a93774ad116bf737340,221469c986a4e717ec1ad2e7b3200fd81ca11933f049df2adcb4243cea5dcdb3
138,vlcsnap-00036.jpg,unknown_session,unknown_session,val,94525391ccac7a35575805e9c8a08e0fb6267f92906fb43f0955adc18d7435d8,f67f76aaab89c8933b7848deb4d54d893538203ce3eb72419ca869165fd9aa52
139,vlcsnap-00037.jpg,unknown_session,unknown_session,val,d7ac338ad3973ed002c0b9adfab3063978c021802c7d554989715a73ac364b21,ca0d5dfdc56ba83d742950b0d4b59dbf5a3305110a0dd8d9c0ef4f0ce9e5ee92
140,vlcsnap-00038.jpg,unknown_session,unknown_session,val,ef975e267286a1cb5ca11ca5242affc2be6e6deb8c6013e133e7de9c1833f2f4,75bfaa7e0bc2ef27c0f21838f153fba2bdc9dbdef1db4eb33ee22fff72abd568
141,vlcsnap-00039.jpg,unknown_session,unknown_session,val,2be92c00bd2c83ee701c058045e2a4d20dcd2e73472ebeacadd4e2bbddcbff25,932ab830b9c3c4450cd171d6af00f5d519e374c501669dfbfd85d72cbcba6e6e
142,vlcsnap-00040.jpg,unknown_session,unknown_session,val,b92f5fd382ed64b8573f38f43ce3588c956dad22fa2c69c929946539ea5f711d,47dd96b71a6088d12b548846119bec2001287c0367fb0afbde3e1f3aeae3581d
143,vlcsnap-00041.jpg,unknown_session,unknown_session,val,550b4b7d9a78150e0600716c6a26cc3727f7adee41f034afbaf0e6d3d3cfd29a,59d0080d7a3af47004c57afc39c620f911b8bffcc31b9bc29ec76c54ece27e28
144,vlcsnap-00042.jpg,unknown_session,unknown_session,val,87106c31be0e5d2cc80d24327494b7dad0d9baf0c05dece5cd126faf029b57b1,b6f2ba071879e319c95686d04cc5ec1f4c6ccaa7e9bbc83c67e72ca5707c8bd3
145,vlcsnap-00044.jpg,unknown_session,unknown_session,val,0edf26712de3bdd65973dbdadaaf57318e99e7a8ae4ab9e0475d45c8b7f5bcba,8ddfe04fef9db022923968589d4d486cc0d721ffa58dad4eb2142d9a0c193bac
146,vlcsnap-00045.jpg,unknown_session,unknown_session,val,e933715d6850761b4a012f779a598d71ae84382440b223fa18e33816718f98e7,054779642ab9cd5c870958a8453ee043dd1e6b75bffeb0984e6e1578032586b4
147,vlcsnap-00046.jpg,unknown_session,unknown_session,val,f60db9d0d027c7f87ee46cfc47818a13c8942e0ce1eb0587c3f88cd679caa9f1,d16140fbcb57958ab5867cda614d5552396dde30a529c8707d172202a0b8336f
148,vlcsnap-00047.jpg,unknown_session,unknown_session,val,b0eaa8319ffd1d7050f76b2b05364f52614f9e3e310c8bb60b6f7029095fe1bc,16fcdee97247860d4ce0028218dabd4a4161e3b2648ee15187a4179e93aa499b
149,vlcsnap-00048.jpg,unknown_session,unknown_session,val,9e7576f2239e0d8f54abd992b28dd984134c237c57019fe110bb4bba0fe222eb,5adb0ffaad84d14986b079c2784f5c893b01058c6a22ef1717662e40e0efe4bf
150,vlcsnap-00049.jpg,unknown_session,unknown_session,val,379c38b0f5c9b491a91715d472fe7f5e4255b0a385693f35cb971889d104f184,058fc90bc45c20a12c7eed636cffbb4937aee2b318c4f1de4b2b689012593617
151,vlcsnap-00050.jpg,unknown_session,unknown_session,val,8fd6f6571a23f13bdebe4a9c5419a616c5391b5dd09cd2133594d72b3207c594,aba4e8c37de2917ed03f64cbca5fbaea8a583555505d0fb2d604b65830de707a
152,vlcsnap-00051.jpg,unknown_session,unknown_session,val,c4301de67e59e775f5f999e59b97d2dfbdf53e0015cba3c5abe36d26d180d7c3,570e55e6743a06033506ddb88caf84a2881282cfb84bbe860bbef3e426c9ee95
153,vlcsnap-00052.jpg,unknown_session,unknown_session,val,274af5249d2bed575be81b88c32f359a3821078dc3937a7cf9613320bbf2f1c6,190a37a259d4c3fe7d3271b87e449db4b82ea8d11e3c7e01a7ff62a093df804d
154,vlcsnap-00053.jpg,unknown_session,unknown_session,val,a93dbabd766c0999e3079d7d8efbe326725c42e4e293f1415fde1962c26137ed,db7bd0dbcfa636c064cead2f7aef421048cceb77bc121759f9d88d1a4785f7cf
155,vlcsnap-00054.jpg,unknown_session,unknown_session,val,4112e2106715b1bcd7993df36debcf08c9852506eedc1c5b0a028d53068c4bab,a966486a4d0403e54e27c6b01c3bd7178d21d6916dbbe8af11b93f0af5c2a53a
156,vlcsnap-00055.jpg,unknown_session,unknown_session,val,b938c80b57a7829f865d35289711b40ae5de1013d745fb4d87524754e8d68274,6670ff8eaad827416ea1f70dfe75442d5389a73aae3ea516e8589d0b569f6b54
157,vlcsnap-00056.jpg,unknown_session,unknown_session,val,e16f451f1453a7563b622e7b5b3d95806959a02b4a0e6601b88785807ce67117,962d4c4425626d5e7dc3e914d6641c060f810f107317100b36eebce8c39aa6e7
158,vlcsnap-00057.jpg,unknown_session,unknown_session,val,d97977208387a918461a087995931ba0b8a2f727ea7af57f29a0077501be1cce,ce11a0c313b552fc28f573cde451b4f2167f341972c257f1c2dc767306e02449
159,vlcsnap-00058.jpg,unknown_session,unknown_session,val,32eae820bec97837cb6324c6b91dc0215bf6eb50cded01f0ea9502cde93c7265,beeed8d8e5e4031d8043f48574057f5074707f57669481eccfbcdd8cdf25e5a1
160,vlcsnap-00059.jpg,unknown_session,unknown_session,val,4ef657ae77bc474c6f577d6771c7a8f5d5029a5d3b250177d546a0a37d8e3aef,403c653353c0aac9f3fc6f3e55a57a8a8e04eaaa9d9f373b6b2a4915046e1e5d
161,vlcsnap-00060.jpg,unknown_session,unknown_session,val,4963ef80ee5494de278bded0d31904d37e952189ba23defdbb30da69c50a4452,7c82a9d13534c90a8d5da28b21c79ef23f35027c12224988997f26aea87c0001
162,vlcsnap-00061.jpg,unknown_session,unknown_session,val,5debe12da62dfd988cbd32218ad9f3fc2e40b8486c9b198147f10d31afdbba10,0625b2bc687da297fa1c3b3e476be7e4421e0970afec3777b3fd5f860e84abbd
163,vlcsnap-00062.jpg,unknown_session,unknown_session,val,e1214cd726c04f8e5f63c8194015956b433ab9a7b3c9322fb609489d9829dd57,0ef49a0966d5c8d4ca9f4b32549a600a4384a8772b5f415c865d006e9d31aa58
164,vlcsnap-00063.jpg,unknown_session,unknown_session,val,b3421d8417509a3e30b12b857d1015949c5fff1bcac79570d67d7e584fe5e282,bdbb56d78961168cad65690e6acdd8dd27e365f5f4d7587ea43e3bbb9438d6ab
165,vlcsnap-00064.jpg,unknown_session,unknown_session,val,ae4a6408cdef6a16378448c0e4a7f4bca7981206fc461f5229316de472a7b5e4,9d1c2019a97afdbcd50daa1d0a1670b51e0ce788f4043c51c79bb902b1e6504a
166,vlcsnap-00065.jpg,unknown_session,unknown_session,val,815504d2295f3c2d910cb41c4c5ea9eda6580ab89467fd1e7b3c69ff294e1d1d,dbc833f06e48a41a878176a566655807b98ac4108c82d818037b9ba61549cffc
167,vlcsnap-00066.jpg,unknown_session,unknown_session,val,739e4ac7cde7a79a48769bfc304a0669af3defa619d7f5a381263a494ea98436,5c456a16c973608c257f20b54dd9bf8f19fecc059b5c855aa362a55645f0504c
168,vlcsnap-00067.jpg,unknown_session,unknown_session,val,b7cdea9780b62b568c493051c31f4a0640d1cd833a9dd59b60b1a6aee01cfe05,614fdd1629bd6eff857f05a7f0258cfb1f3c2cf12f9c25ac05f5eff40a2d35c0
169,vlcsnap-00068.jpg,unknown_session,unknown_session,val,a53849ab0ce4b97746571a72adb7277566636de850223258baa9aeab9599edd9,24f1eb41cabcc5562c39cdef59e31dc6f6e710a09f8cc209c7abc39efd87d856
170,vlcsnap-00069.jpg,unknown_session,unknown_session,val,087ef43effd39f5e40bd022ab0414c11812be11755c11f59e0534bc95aa163dc,5d7341c71ee73afef0e4e1b40e94095856f97a2c18790f57a9591d13c4477bc6
171,vlcsnap-00070.jpg,unknown_session,unknown_session,val,ab303295e178ed4aa13c156fe9f8f85eaf11cf19ce712c01587cd4cad9d4a0dc,b5e3949ebe5fb2351180ea15cd5d433b5a7d51ebf8ce187607457054d6b22e6c
172,vlcsnap-00071.jpg,unknown_session,unknown_session,val,ad06d1f79e1b59cff903e2f3cbf4484c96a94ccf7a7cbd985e8dce2ea787c6bc,24d498b0e805b325c9f1905c36dbb7c06339c0c7d8f611ec9fda02818f1dca56
173,vlcsnap-00072.jpg,unknown_session,unknown_session,val,dc45e443f328e3911921d558efa4a35dae71aaadc367ce61c75c529bf4a4fd05,391fbbf645ee3c950dbec9d3edb9e9644973dc23d33b00172cf2c094cc24763f
174,vlcsnap-00073.jpg,unknown_session,unknown_session,val,6645d9b857a7fa19d8579f0b8ea1900486c9d83ae73492f552573e81471d62a3,78c29f4f52ac5352673a3b892644afe04a8914435bbebbfbd36ec55b57b75218
175,vlcsnap-00074.jpg,unknown_session,unknown_session,val,7203880c0c8db041a5e35bb03fa65c96f15ff95c9d365e281f1875d9495cf1a1,a54a7e1191e0826cbffd24f66ce87006b878ec1e477a3a28cc960af3d76c42cf
176,vlcsnap-00075.jpg,unknown_session,unknown_session,val,f02754002cab443845bf2917f8c314bdf704019bb8a25ad5a82fb663387794d5,228febce747660f1deaf39b47b4a42220001c5ed770d13ac9be665179949b844
177,vlcsnap-00076.jpg,unknown_session,unknown_session,val,e242ad48ed7b69dd4454705eca6a69ddea4ef0861ef8c1d2fc7dacb0336ddb26,d0ab09c88192db407861a6649466e423aae4691c0f9262e3e8b153e6fbadeca8
178,vlcsnap-00077.jpg,unknown_session,unknown_session,val,2dcd0decf6f1fea4deb91b1d9f6d1feebc7b4ea82b36ff03aacf49fddaea542a,e354954cb8a96795ac63da5796aa23e83968f5900328240878ab02be18416b9e
179,vlcsnap-00078.jpg,unknown_session,unknown_session,val,b1eed5bee6c05659916ae25cc7bac71503b2ef6ab3ab79b0e7416204d124583f,42135e896f7183380dd76624a76e46f232e8026a6f338293fc6f317841c5be35
180,vlcsnap-00079.jpg,unknown_session,unknown_session,val,b957a41402a12588e2958992031249025b0c3ae2cd2a08ce0af894b83ef98492,b5b31ad93813c4c6a53645e91c2dbeef2b8263843788702128c5a0dd12dca523
181,vlcsnap-00080.jpg,unknown_session,unknown_session,val,8c72cf9bb5aeefc0f86f814f75c4b627ce28fed6a259a3f555d591f40671bafc,6c9b7de07cdc32ac1f90d342f5bdc687826288589927f60c572dabccad696259
182,vlcsnap-00081.jpg,unknown_session,unknown_session,val,87be4055f0670a9fc74a19df165b472e302d20109c8d4237c832b91d3942df1e,32e53520d42fac45d499fe81757b562182dcb6e4a38a05fdf5b680fe33f7533d
183,vlcsnap-00082.jpg,unknown_session,unknown_session,val,79b716422f2c2b5713eaf41c951693b25cf2e807b941817a3a79896a110fe709,de374ac8f491bfbde39932910c09b327d35fc13be63949e46db85efa2855e8d2
184,vlcsnap-00083.jpg,unknown_session,unknown_session,val,ccc6a1bdf3635b8054daf433df5651709efc517f4d37c832ad24ff47180f096d,4cca3cb31820669faa8132700aaefa079ac3a528017c79ace76128f3e6e40374
185,vlcsnap-00085.jpg,unknown_session,unknown_session,val,b881e78097e68e13b39937bd3582b503c356f5bcf9155d0deca852c0d452b7e1,8b6d7ffccf128aea9803ae16bd3f21f1c2dc6bba082d91272cd9227c8c571c3e
186,vlcsnap-00086.jpg,unknown_session,unknown_session,val,2aafdac0c09a7b125912efddbc2eaaf01b6bd71719c45f8087cafe02847cf3cb,ade10031f079769398597785b2833b891732e714819b8126eccd93c86d2778cf
187,vlcsnap-00087.jpg,unknown_session,unknown_session,val,f918c454a519cc62dcc07854ee11e68414471265b654bf8fafdacef40eb8239d,f5d3227934e3826441298acabe5669762ab80cacc8922189c57148408ace7bab
188,vlcsnap-00088.jpg,unknown_session,unknown_session,val,ee79a2862b50f117543f3acad94c5ce842ddcb90f9844ba9887df392a6681a31,4e8d1bba3628e1232fa0107059664fa89d91432e3361a410fbbc52b8d295cfcf
189,vlcsnap-00089.jpg,unknown_session,unknown_session,val,1233300c64f6dc8cf4926bcb9b474049109f10975842c2e29813fb449e7bf25f,45a9745409974d40860bff2675dccf4b02274260e2bbb995b3e386906f7182c9
190,vlcsnap-00090.jpg,unknown_session,unknown_session,val,74b82f9d4925c95f5770972aca7ad881901d608b537bee4536b81b2f3289c2e7,486b3f9066a9ed078bd865ba418a89caafde69d78959db7616728c259e7c618f
191,vlcsnap-00091.jpg,unknown_session,unknown_session,val,a9291805e99ffa4e08b016034c53b4094b813369547554c8905695064c5ab4eb,26c5f4381a5eba843a393c849a68b6771274ee6c4eadd58925db94272612fd39
192,vlcsnap-00092.jpg,unknown_session,unknown_session,val,fde02001fe3d0a7e5ce5da225663f0f3737bea37a59f2389a1bae7ba815bac09,0a72a7d1902879214dd2cb168f11f5e32f5f6d47e2a953541d908750046f4f07
193,vlcsnap-00093.jpg,unknown_session,unknown_session,val,09554620d7560398092b716bfc88aaf8732967d4c69fa607b8114756505acb45,bb3328acb375bfed574381da36652c09f062b0d9979ee995e3c1101914ae8a45
194,vlcsnap-00094.jpg,unknown_session,unknown_session,val,78d3de921687e62dd4c40db2d5212df77180a3d24226a0622cd0abb0107c69cb,6294675d990553b4e50f2f52726661723ec1506da3efff71d59a12423276c3b8
195,vlcsnap-00095.jpg,unknown_session,unknown_session,val,893f669600a32791c8de4ba5bef9fd791dfa921189f0da429860b64b81a9b353,82715ec6af001666ed0aa332714959d41520846102a4619602a459b62013c39d
196,vlcsnap-00096.jpg,unknown_session,unknown_session,val,302ab3519e035b6d2a9ca504a1ac63379662c4127797e8e76a92122fb9417132,8b08a1f4aaad4978834498738c604d93cb995f645fef6465d576f230a3a4436e
197,vlcsnap-00097-MSI.jpg,unknown_session,unknown_session,val,5b3a36885f364cac5e65110032eaed1a77024898868d17435acc68154d40b697,be8239f1d92a0533bbc250631289e4c6e08fc2a6505e2a3c752e546f9f878c55
198,vlcsnap-00097.jpg,unknown_session,unknown_session,val,836014f84c8288f090385bd62daa376c6e9b5f1fb83c5b69c6f25fe8c8096880,d312d2dc316c4329919e34097f0e8b6d6280ee581b4d9d66a97391ae2e3bf379
199,vlcsnap-00098.jpg,unknown_session,unknown_session,val,10a1261d645d463ddfd2a93ca9ffc55461c8143475a07ba2aefc0fb3a1e969fc,f82487a2e6283cb464b0f4f3a91c9c65d4069c8e5f5d8e6f217fe8a7393454cc
200,vlcsnap-00099.jpg,unknown_session,unknown_session,val,2daadbc1abef8cf6c640199eb2d46c6a84f426f46c43d2536156a02aa237b97b,4e3adecbb478889caa14ba0dc80fecb67cbc9cbf1353952e069efec6d94fc809
201,vlcsnap-00100.jpg,unknown_session,unknown_session,val,4fa3e5c584ecfe1e8bf79b7ee24e6b710cad83124593304d83f6e6f9336f107e,a798ed93990cd587a996c7dc9d893f9723cbc0dfbb50ef34a9c7f0d3cc9e4f22
202,vlcsnap-00101.jpg,unknown_session,unknown_session,val,d105fab880e580db165784ac41ec8f0690302edcbfa9e5ca3f3dd173cb531d66,efa05c1d348da3ab126af79569c6b6d7ecf1bac5ff65eb220c10242c7aaddbe5
203,vlcsnap-00102.jpg,unknown_session,unknown_session,val,66b7bda22ddeb751cbc4ac5111f4d6b400ab764aaa2a46e9b22ae7638b67fec5,684d0fe0b8abcf304b72edfc090473cb4ce25d5ec0bdc255c7b83617fc4835f9
204,vlcsnap-00103.jpg,unknown_session,unknown_session,val,5842a90096f93025d329e4039d75155f5345f5ca841b6829f4c2c38b44c1dda7,065c9d5f26146eb3195c6b1b41496d285a6eda3a2a89251dd1cf757cd5b498f8
205,vlcsnap-00104.jpg,unknown_session,unknown_session,val,72ef0ab61709ec89c698766db6c01cfabd34265634dd74dc8d2e81fd41a1d34f,ef2a321c59d83824af1e1c78647350631c192a5e8c7f06c9b355ec1c0edf759e
206,vlcsnap-00105.jpg,unknown_session,unknown_session,val,47837013ec84962ef0a264c3e63fae6955f110836574717084d87cb20c4e3472,b70cbc4aa3b371964784e7571ad3d4486276cbbf1d477e9c467362a0f96e15d6
207,vlcsnap-00106.jpg,unknown_session,unknown_session,val,ddfae78c4b533e98735bee434b0df0f4d9ed50b6d5243a24173c087ea97885ef,fe421e494b488837487807559dd1a66f6dc26f1be4749fdc2a71aca8045c2546
208,vlcsnap-00107.jpg,unknown_session,unknown_session,val,f9ad68c5c1830748477048f8535903e2577292dbeaa47549a539f9b375e6342e,1aa4939eaabced03c29749c637bc01cb70d42feaa901911141316b8fea612435
209,vlcsnap-00108.jpg,unknown_session,unknown_session,val,0725cb12e840ccc98a6f8c8afeea17c434cb3420c29b181170c8639c32705931,84013e358107d4a2c5d0d1b0371ef627049bfa830245840abf9e86dd83cc3a1c
210,vlcsnap-00109.jpg,unknown_session,unknown_session,val,b5bea0f43f138bd8696d4f86375655c07690b4b9bed9caaf0c3fc43bf27905ea,3af6e676390906b744c16a99ac87fab098e8a3cbf9534ceb724af9cc11ddbbc9
211,vlcsnap-00110.jpg,unknown_session,unknown_session,val,2f46afaffda62dd12fe5bd1150e17e0c8136dec1e649970eb33917f77aeff40f,c777add43c20bdcce437b1e59289c304a11f7f60cc6d5de36d36e2092e3b17ca
212,vlcsnap-00111.jpg,unknown_session,unknown_session,val,5ee501fc35f1357407a2847485c90a0b689f33bcdb1185327b8565de2faa906b,040024ff023638af29c097987da774ea141548ab5cdfbd5cf73fca26d93448a9
213,vlcsnap-00112.jpg,unknown_session,unknown_session,val,b732df5ae0ef9b018b8092559cdffa799f677c3a2d7ffd5952feb3d98f54fa20,34d66df63cd5e1560a92db0c89416fca4cfef663b32809d5498a967392f23e06
214,vlcsnap-00113.jpg,unknown_session,unknown_session,val,3829dc77c0fe8d916850d0ee75a1697a651f00a4d500a5216c0c5be05005b58a,9f4ba6819155e178388800deb8127c27b7860414e65f151fa2c40626faa3224a
215,vlcsnap-00114.jpg,unknown_session,unknown_session,val,54d8a9833e72098659aa2622da61edfb0284e2eb81a2aeca35ee00951d1155cd,48598111d32953d73f65c04e14ed4b927022cae7cd814f71f4e29ae377330e4a
216,vlcsnap-00115.jpg,unknown_session,unknown_session,val,3ca63762a7540f47612279bd72378170fb2a5ecf1d53c69bab391030668bf39f,6e61a954503f4c6e9cfc7bf4049a670324f3052177f48cfd9183050d488c04e2
217,vlcsnap-00116.jpg,unknown_session,unknown_session,val,0270bf3a4a704401275ef5fd089e2e42cf8d7686c58cc6d3c8071d07d5cf4974,569a7ec929b8248f1cff7397df21a493a7ff104ae8520aa51e9451d2f32de49d
218,vlcsnap-00117.jpg,unknown_session,unknown_session,val,46a216f72de14493563f749e9e8979c93f8ff629179b098fe2cb9818c6d5a2ea,9e4a25513cecfa944acaa2fe94aebd111a5307c153d374bf9229df24e18561e0
219,vlcsnap-00118.jpg,unknown_session,unknown_session,val,c4b338a62b384fbc8acc76b402222ffcfb6294962365405531eed74ac61529f1,6acb65b2e2645d9f2705b839151dc9b65309675890a191e3a99ed979605b2faa
220,vlcsnap-00119.jpg,unknown_session,unknown_session,val,fe142ce7117a63389d3eaf7aa88dd5e90ee58a6479e249faa5207d109429c458,67077b5a9d809ce8afda06e2427a46241377c5e4110eaf25ef42c7064ecbb0d6
221,vlcsnap-00120.jpg,unknown_session,unknown_session,val,72d0fae33ac83d042683a26a0f9135d833f77cc3de08aa46b3b4e41b281efb26,6dd8056226a64590c5738e264021712a43a37c3f10dafc677a2e40416113729c
222,vlcsnap-00121.jpg,unknown_session,unknown_session,val,e7e3125c9416ac98d903a3ce72af1f1793bb52894309984da4a86a39996749b4,0da3b73e4d51aefadf61c9ad9d8fd7a863f4ce8ed3f865b7acd3b782beb7bbaf
223,vlcsnap-00122.jpg,unknown_session,unknown_session,val,625aecc910509998a6fc866bbbf7e701457e4de6cfdedb1a3aafb46ad94febf9,957b91f6f96efdacd65aacdb86c092b56b613dae9e97ba5f6840702da01d41ef
224,vlcsnap-00123.jpg,unknown_session,unknown_session,val,74a27d46d40fed243aeac75db499d04b247a8c5e0f301b6eeb3062be9d633db5,67478d622884603bf2e3470c95256ed574a3704b656c746116043eb7a0bcb009
225,vlcsnap-00124.jpg,unknown_session,unknown_session,val,56548b28d3ae8654c3cd78e8c99792a38fa3c009660c23c8fb7e102456ed13c4,5b76f3dc95f45c6785b3d36fcb8b90b1838c2b4343307be0ebc6c532ee3f7561
226,vlcsnap-00125.jpg,unknown_session,unknown_session,val,9587c15888d4c4e0bbc14105a5bdf5d35cb4df20f4c869e44184454d951a7ba3,f89e7a75ed73df889cfa4bba2dd1340931db2c7adc9160d6772bc266b83ca66d
227,vlcsnap-00126.jpg,unknown_session,unknown_session,val,6028c025bb9aaddf1ac4983971b671d6e63d69ba53675474482f5d674425b1de,f24d400f232d5b477b7842039c91bc7a0feb75ca0de410fa27c936120373703c
228,vlcsnap-00127.jpg,unknown_session,unknown_session,val,90531bd8be8ade80b14aaf748ba51b51ca9bb64c0e7f719378c7b95f1e6331c1,a9b2e0cafc0cb735bfda24bdc432157137363306b27e9c8124319c2819a07f4f
229,vlcsnap-00128.jpg,unknown_session,unknown_session,val,f732621973b3c732a57a68137d561bc3040d0e3204a32c969bd1ad03f566d297,0e5053db6563a69b9648c535568f9bade7df0647b3b6ff1236b2331b4328f247
230,vlcsnap-00129.jpg,unknown_session,unknown_session,val,40f8a21f2bdc3301a8c24955ac1a1da6c07e6fd0775db51302831c180e588bb2,3334aec21010f064cd0fc1c3a93017cbc736110e4f22def1ee59ec897469b31d
231,vlcsnap-00130.jpg,unknown_session,unknown_session,val,e44fb54ecedaaaac636ef4e74a2ee6bf905e21c5b49255990f1eeaaae36c476a,a52ee91b0df280364643d837ff811a645c98a18141eca58f5e6a3ada8d3cab78
232,vlcsnap-00131.jpg,unknown_session,unknown_session,val,b4ce00d8acbbfa45ca9078cb49c9501abe1e05accefbb9508c12ce5c4e7719fc,25f7dc643633c417cb1245fd67596439f50490494d668cacdaaa0495f96a7ca9
233,vlcsnap-00132.jpg,unknown_session,unknown_session,val,9e1a77324bd3ee3dfb95bf6f377c63402cb689aa15c9b85bf8028a1835439eb1,9dec71ff7ce722fc99672b88b3d92323cba7986ee4c6710fccf81981f671d8f1
234,vlcsnap-00133.jpg,unknown_session,unknown_session,val,c89db3d2cb113b0342a9e5f6eaf925da0377901eac24655b81b53fc569a53b17,c900d5369472827af845b86f816d5f1f0dde8585ab806439514092c86fc337ff
235,vlcsnap-00134.jpg,unknown_session,unknown_session,val,7f4e3b99287f303428fc470c9f306a8264bafe07a986d5cb8d1100c12f765aed,3df86b0540f909dd42f40b11c85710783949589e44d906a6e87ea067d063f25a
236,vlcsnap-00135.jpg,unknown_session,unknown_session,val,40079cb7267da4e7a262c0f7498b14eb029586bf91c2bd59b6303e3a9f14170a,10979844c892d4b89a4c4e58d692b3b976e0524674c35ff5c3eff7a0a937fd5d
237,vlcsnap-00136.jpg,unknown_session,unknown_session,val,913df5442c5f040630f7ecd874ade1782bdb2e0ed60bcecd621de578ab8ce56a,be3b7d5de2011c08005372ec0c864609eb1ff2279fc3016f96ed63859193d18a
238,vlcsnap-00137.jpg,unknown_session,unknown_session,val,6a5253d6e82efda6476b7a89e2a5c92b833e254f558b40644ce0fe156187d524,723853fbbdb8446ae28c3b86878fe936088a1a37e81450995900daf161a624f8
239,vlcsnap-00138.jpg,unknown_session,unknown_session,val,6649f524035632f25c88516a3fcecbf83ae75bbc06d6e34f8a1fc4f70a038c72,bff41f184c39c8f92e7e3f5f6e55acc3e4c2c3f3863c070eb0d92f97b514580e
240,vlcsnap-00139.jpg,unknown_session,unknown_session,val,37f096083c230c1f5da686942282ff298468f82c6e871c1d83e41371cb6fcef0,faf5efcf78e3679146550ca93bf2b02b726f955e0fd54c64eccdf103e53312c7
241,vlcsnap-00140.jpg,unknown_session,unknown_session,val,efafeac293cea7fa7ba4858996e4332575f79de87bdc628e76863a3bc115493b,56374dea521fe4413a16b859ec2ecb6b9db9ba9283301cb0ce76b128486274ed
242,vlcsnap-00141.jpg,unknown_session,unknown_session,val,bea094af760df97ead829e1f4d6e19c52ec267e36f292b187d310d7c4a89ae51,496912d614b507d8209d8370fc32beae9899ee54eae23f904b5af03114cd57fc
243,vlcsnap-00142.jpg,unknown_session,unknown_session,val,bd87a4d50e40987d5d40bc17cb7472175293816c8d8c0c12f9d0ffef30397639,1acc536a7f257d06aad22567555b17585bb06f581534930ef38b6a0ea7d4bec2
244,vlcsnap-00143.jpg,unknown_session,unknown_session,val,efb420879566cc1c9ca79bb1f64f7e2f1f50364ff92342a0cc6979bd7e4a4839,9c5f00e1712e4135ef3c6d6d5434a51a5c8cea5b234326b5fdb42d248c549656
245,vlcsnap-00144.jpg,unknown_session,unknown_session,val,3b4cd03d19278d8331d30e1b1d984bbca8b851231de99be06a1111f69935757e,fe68d7627bdd1b3d987fbf019637b0924678977b878ab81feeb720c4905da512
246,vlcsnap-00145.jpg,unknown_session,unknown_session,val,5291ea2fe5f48b4e53f57c15f9d9a9c01b2e505cac5fe9bd6ce372573d68dbff,b1407657c4169dd45c8abdabb2069121fb0b77d99e0b96fb014252883561291c
247,vlcsnap-00146.jpg,unknown_session,unknown_session,val,dfa0e4cb615f3cf3534274f540948b515aa5cab7775072a33ea908453151e7fd,411c24cb32aa1303366c68887651a093dca45ab9f41b07393fe830e611489717
248,vlcsnap-00147.jpg,unknown_session,unknown_session,val,c4b2dddb15d77fcec9dc7f1389a039eec570d6ba2048e445316c7b24921ac48c,d4301e3d75d24b95ab6ae3835fe390559173da3fe1c880ab629e88d46877a54f
249,vlcsnap-00148.jpg,unknown_session,unknown_session,val,b33a6f7f2f81ed4ba3c53245273cd3446b87d2ececea40f3a017d6467add0999,ead91dc7ecffb105f4ae972b0d9668f5f7c3b40008bec5bc98db7c36e8fba932
250,vlcsnap-00149.jpg,unknown_session,unknown_session,val,edda1b77b2c58472a4536111cfdb33247ac95d26ace1b46dd7db59b84f01385b,33babff305337623ab386864d54302f1d0464065a5ca2433730bd0925906f040
251,vlcsnap-00150.jpg,unknown_session,unknown_session,val,52cc3d8a0237c4bc1bde9ccf1f6cf811fb3acbb1c0548444cd5c0c5ac3b921d0,7191687d200deb432cf33872445f4e9d6d87dbd03c037bb46fdd71d19ab3c15f
252,vlcsnap-00151.jpg,unknown_session,unknown_session,val,eb93fc66e59666bf6e5120c12eaf778def01366bc6bb5315f4323cec242e8490,a8998a5381d810e33599f388d03c4814de81c576653f857c1eaeb092bb3c5ec8
253,vlcsnap-00152.jpg,unknown_session,unknown_session,val,99052124b5838b249bb130c121a61e938d7777df52f2e70d1c672ef00e56a1f0,d123f3aeb0446bee6eb21b08cd59acf047de07e21a22a9215073b3d0b9b20795
254,vlcsnap-00153.jpg,unknown_session,unknown_session,val,28a3cf614565b60c3cc2e83f9d837356049ec5fd2b949cef50e8dacb73b5bcff,75a677a4c982ba10ef16a8e4f26527a6a374d72877cf3a63a441058cc74b80b0
255,vlcsnap-00154.jpg,unknown_session,unknown_session,val,fee3b4933536587c8c1a36e1e07c78550d6a48675065ece508dc97122f2802e1,d3a448ee006f2c5ccc55bc918dc387ae2abfef8f2e7fb1a90d77be0981408351
256,vlcsnap-00155.jpg,unknown_session,unknown_session,val,11701d29a365039343f98bb5bf819b33e649f7b3e7d9a7117474567bbe9d75b4,b7de8cdfd1a0c5dd7a0cc85473ff59188f95fdfc46c4a7a098bf953a33de115a
257,vlcsnap-00156.jpg,unknown_session,unknown_session,val,eeedb05618440df71574f7e42322883552577329b8c7c938561160f0796cdaef,4c77a76715ee9f95f19df63c5e2fc72e12f60da42729976f698c0503fc7769de
258,vlcsnap-00157.jpg,unknown_session,unknown_session,val,536a228a1d7b2ba6b74700392fd838ebe9a3fb49e2be1fd12e4dae5ef6f5c81c,175aef4259d0eebe56953aa057996bac03eb7848c8c03c4516972cee17419110
259,vlcsnap-00158.jpg,unknown_session,unknown_session,val,a9e47bc792ed2a3fbddc02edf599a3ceba26ea704ee7636bd2d15d7a8c9cbe89,d310659e158ee34408276477d29ad62a5d51f368f6bb68620229049532e21d93
260,vlcsnap-00159.jpg,unknown_session,unknown_session,val,d53fa6ebb133eb382f3cf4c1c777f5d4dedae68fa2b092c4cf9a6d815134d270,67e6404afe689ac6371f2237cee4822ecdf29bad961a8122dc68743751ee3654
261,vlcsnap-00160.jpg,unknown_session,unknown_session,val,39ae99a53284794f50c4cd19a959dfffc1d99ad534d10461cfdc630c51e636c1,9ca60ccf9ce1ab1697fea3d7130810659ee27da674d13426efd86db21e12b29e
262,vlcsnap-00162.jpg,unknown_session,unknown_session,val,08a566878744bf2ec1198c465ab2eb8d651282db94e0a9a51251064cc045148e,cfab5f868aa707d40b04f483fad4c692d025f2907ab5c49fe2b1c6446d2e8231
263,vlcsnap-00163.jpg,unknown_session,unknown_session,val,03a0f88e947919d073aa022512c673a00d9f46535c599dac1e75c74bc11e4777,685b1165dcc5b70a6c96bc974e7f57b15bff6200c785b92d1adae45c02c59d78
264,vlcsnap-00164.jpg,unknown_session,unknown_session,val,758b1d37e52a2d514dc3033df8c53a866056c8ad7546d0b0d7c43cffe90d6d29,3bfddcd99d847642ff90530a07639f2a3d1003b892257e289665679bc59a3cd2
265,vlcsnap-00165.jpg,unknown_session,unknown_session,val,5a9aed0293c7c377a48cb2edd09e728dd725333ec11c4630a37197af5a57be98,62c02c855c9827621acc6eef4184cc8b2b90a3efcdfaba73231d4c01bdce6c76
266,vlcsnap-00166.jpg,unknown_session,unknown_session,val,3c9063689c7f28e02b3a4a9e6eee40f829aa62e8a94812f9f77863ea484b5dba,271794c8d7719dbf15ec7b3758cf4be0a02ce1d6c068af41764b7578dc3b26d1
267,vlcsnap-00167.jpg,unknown_session,unknown_session,val,2f5ff080f2975ad3dd00682e00efaccf889542238c50b6f300b56f5a7bca5846,ba6724866057b61354c73670373bce62291893cf9dc89dae92e3b85742e56ff3
268,vlcsnap-00168.jpg,unknown_session,unknown_session,val,5326775d47a7a3f4a310d8e3e757c6c240870cae492609ae0c347220d9233460,756e2d1067734279034f56791ae984a38fcef4603d94f8fcbee95ddb79f98b49
269,vlcsnap-00169.jpg,unknown_session,unknown_session,val,458dcea471cbc1c9cd26d39d7763e75fe697f44ceb6ceb82166f144e04e96cf3,801533cba500189ceb56414e3791965a9ee5a217e71e8ace561b291005d36eda
270,vlcsnap-00170.jpg,unknown_session,unknown_session,val,78eb5f867e6633754226e7426e47d544606ab321737299170f5a93f2d400a537,07a0110bafde187ec44d446726ff48299dd628fd97e8cd9cf1d314ed72907a7d
271,vlcsnap-00171.jpg,unknown_session,unknown_session,val,6cf1fe17228af14339b22779c0d026085abcae2464cb214203c8f23bc04c3435,38a69323caee8e4dea7040496011b0cd27d62e8e4ec8826c8db0ab65f08f9f8b
272,vlcsnap-00172.jpg,unknown_session,unknown_session,val,b5c2736492a1a4120e417209e2bf1e378a1a0f2ba3b1ab3ba811f3dbc82c7de5,d3723dc858ea85944a10041a378c62cbc0ebea83def0146a791098ae7860020d
273,vlcsnap-00173.jpg,unknown_session,unknown_session,val,07d9250b1fc1d3f781270a099771b64b7ccfc3a5656e1b717d62e02f35bb8a19,86c96c647d993e812e06b03719a979ea297afaf4702d596ad385a2290e764e12
274,vlcsnap-00174.jpg,unknown_session,unknown_session,val,c43d4f242ae27226f8b93afd6c1e41b5baeaf601728b1b01a4d2c53e9c38d90c,af30e2394b0b968e536b071b791b9d4fdd02feb51e3c56682c0e61b2620b2106
275,vlcsnap-00175.jpg,unknown_session,unknown_session,val,68aba01a66acdeb044be516462406764ed3d9e5fdcacdd313a81bc8a464fc46d,984eca70758d13bfd8ce54279471436c4cdeaae7fab94f59938f0a1bd14f9a79
276,vlcsnap-00176.jpg,unknown_session,unknown_session,val,556a822e42f197b9d02257a20ccb70338567230748b4f65ed8431c32df7d0ac3,99c68c2ae63ee4ecc91e36b940448612b9f8925f9fb5ea431d54fae72614ecd6
277,vlcsnap-00177.jpg,unknown_session,unknown_session,val,f571261258bef1aad6bd4f45a429e12a3a69a8201ca33d58c8d6125fde51555f,b0e80ecd16567dbffb3126a006e0926d62ab3703ab81706354a49416ea1c5e5f
278,vlcsnap-00178.jpg,unknown_session,unknown_session,val,4569dd3aeaa244a18755a936fe5c28072296de1ace064e76007be0251e18d245,48d8f40aa148f5802e9fb51741c9d36d47cc9c0c710b099720549f768b807a97
279,vlcsnap-00179.jpg,unknown_session,unknown_session,val,50c2dc38d4bed4b56e628042a6b8e63ef0fa99ef3077b614f3e405e18cafac66,c419a277897415cb11c1757e5d2db0b8321e834361c2b42475d0559919b8dfb9
280,vlcsnap-00180.jpg,unknown_session,unknown_session,val,8041cf6e8b61b1d228d8cc5a08974d44f122fba4ee8c2faa9ae5e45795285069,bb38611507e5a58f7ce7f14545f1d737f4480283cb755186afacd3a25413c1a0
281,vlcsnap-00181.jpg,unknown_session,unknown_session,val,85413aa09875102fc25efcb3a24643e8ceb94cfdace818d547a680030b478c3f,e9a59d33b8d0105c723a15d2c7e2caffb4ef2b852e4e12bb469bf83e95134d98
282,vlcsnap-00182.jpg,unknown_session,unknown_session,val,7231d954be076e7bd2d0b9d94a5663be5b8bb81fbceedcf5c55356d186d51d38,6db544c3bbf4f716100f3a57ff8d0b1fa137d4eec38d6967e7b28eb91de47f2a
283,vlcsnap-00183.jpg,unknown_session,unknown_session,val,184afc697843b019acd65398ca6d412e84478954c8df69da22c5dba91cf334ef,8798fdd936e52a51c575d9e0fe1f0b99d327e341202ef29822bff7729622c17f
284,vlcsnap-00184.jpg,unknown_session,unknown_session,val,05e85461a6b8d20ac4b7df3224b0a88439752ff72821b69e2611bd436c9edeed,55d2702910c0efd2f68eb2b56be3129a573f0fadca9a99614e6a5302bdc78af3
285,vlcsnap-00185.jpg,unknown_session,unknown_session,val,945820f936427737cf1528cbf8c9230ac9a20a90b4b480fbb87e8ddbea9a011a,b3f3262915eed0a01bf0a06ef8928e36c16aeff3f096f9d7bb003da88ef1513e
286,vlcsnap-00186.jpg,unknown_session,unknown_session,val,19c1a02c975c3ef63d3968da59d97c67144489c2e8a7f388da21c4175041101c,243770d803e843ad998bf6085d33ea2af79adc90000618ae46a6cafc803f56f3
287,vlcsnap-00187.jpg,unknown_session,unknown_session,val,4278c41d53f39b498c4c37237429bdee47720fafdc6b632d0afaa8d1e8253a8a,2d8f36218b52dc2c3e94dd806f28eca9cef58c6671c05ee2394d5b2a6f934a18
288,vlcsnap-00188.jpg,unknown_session,unknown_session,val,fa0179800022699d71bd38396fd63199d4089e2beb7435491ee92a0654075a87,8f933be78d913f25fde8d108beeb3d4b75029ea6386c02551336a435edfb4752
289,vlcsnap-00189.jpg,unknown_session,unknown_session,val,dead9ab297ea1f3079335752d39666aa8c1636acfd25d1f25990f23fca33317d,25a49f0b03c74b7757d0515edea14a27e912a43d21d46fa6b04eae0dbee331e7
290,vlcsnap-00190.jpg,unknown_session,unknown_session,val,19c81262e94d7a2dec60a66ca2433953c8f4b31757670564ac5bea6091beea99,3646b68572a914ca9c82209b93401cce26a021149bfd704ee049f38c66ae96ed
291,vlcsnap-00191.jpg,unknown_session,unknown_session,val,667390e263be55ab0757b1423e9e0c156da797e5bbc8e073f678b5367f75bf8c,ee0f7c2950e98ab08a7603f8774c810f6caa952b116e8171d5e2b04e173ef991
292,vlcsnap-00192.jpg,unknown_session,unknown_session,val,efa1e5eaf434d2e5c00c933668b65643d458d57afa1365bcac1e33caa46c4fdb,8f00acdc7bcef51aa7786caebdd5394bd2c3febee11fe389e287e03742e12683
293,vlcsnap-00193.jpg,unknown_session,unknown_session,val,335c7260e816aa855d269332d7e2a42355367323ad98f7c979fc206034c12e0d,7e179031a2f37ba48955d7fdfc3814b311803eb13e019b4c6a41d81d80cc1d8b
294,vlcsnap-00194.jpg,unknown_session,unknown_session,val,5914b68b7f269f3be1bc5a87bdee77cf556af412a0e5989846111bd9b636e3fe,2a6c7254aed76c910b007a1b9f11942db432ec2e3917e49b22892ac982df072c
295,vlcsnap-00195.jpg,unknown_session,unknown_session,val,fc4719de5aa74dbad3ccc95b26e3bebf43c68dad92648b5449890a7d0d3b0a6d,1eed6e260ba1ac514256c95788672bd5ffafcf04a6f7089152c671db8339d76b
296,vlcsnap-00196.jpg,unknown_session,unknown_session,val,e5a79422742775e847b57644a3233a0b0add4b07fd256d186fd5e851bb6354fb,5653e8fbccf4d170d4b0c43fa5184cc3024f79955d7838a92c01e2e72db6a07b
297,vlcsnap-00197.jpg,unknown_session,unknown_session,val,5275dd26ca12e50d67dd9d51948b7fbeb6e0a9db2bcaddf85db3ac3bdfd86c5b,04f8305e88762571dfabc0cb2bd3b6c9beae2aac49010987dbf1810ea58c52ba
298,vlcsnap-00198.jpg,unknown_session,unknown_session,val,2f588d02dedbcf8fcca3244e1db8f470bd975890662baf0e0fa9c10c0e35d812,12d3e74bc08dcc22831c97c4ea965290464466c8ef0beb4d4a810bc62cfd8af4
299,vlcsnap-00199.jpg,unknown_session,unknown_session,val,f2b271eac7c69c529c7f9ecb842d5e9ff5fd6f4d6ae649ca4bdbe33d2026fbc9,ab820e296c23a16e93ef039d07f29d93783804fca45fdf476ac038a6f1727c5c
300,vlcsnap-00200.jpg,unknown_session,unknown_session,val,20e938159ae47e58dfdae4cea8466f4fbc7ec3470fd888e28dcb0a47988ebd38,2f84701afd82bd8a2d4f60579a06ee36d427bf854f0e31f7af4e3f967106d012
301,vlcsnap-00201.jpg,unknown_session,unknown_session,val,773648503a7e599bfc371c3d2240123e06e534c897da3d6270624f0280db412c,a6d1b6e2e4bafc70984c765e117eea90e5d551906f29673b0b4dd67b29d793a4
302,vlcsnap-00202.jpg,unknown_session,unknown_session,val,3c8822be6eefc68c21b2efd3066e632810207e1d17703c4dda6f95c3b65d55c8,182ba2301ee469f6543891d28a6d17e1cf9b58f76c42d6777c430df3708e78d0
303,vlcsnap-00203.jpg,unknown_session,unknown_session,val,1270eb526fae03423656533653f18b77d085da74cddcbe0f79e9b4f36adc8157,d5440ef83513281deb6b75d52fab54139a9537b2370324ebf4c7123b1be2b403
304,vlcsnap-00204.jpg,unknown_session,unknown_session,val,3f1e1131ccba0350d38cf1e43d85bfc6b9c6b85050b7786b34398918bf790eec,039617923ae1a9a9f1b4d11d82668a0b67a679bc67959c45725cd38dd04c4206
305,vlcsnap-00205.jpg,unknown_session,unknown_session,val,a9eec5c12625928287ae438cd37ddc607b70e6111c76543cc762010d3d4640fa,134ef9098630e81142e1728ee023388b3bd2320144e3ddf6f62a0204e244693c
306,vlcsnap-00206.jpg,unknown_session,unknown_session,val,83da53fdb69b6e60b03503fcf3f6f05d5dc1eb8deef649d8ce719beb9b59bdfb,8274a877681e27ad072cb4c59181de6deb88cd1f5bb0131039832f0627917244
307,vlcsnap-00207.jpg,unknown_session,unknown_session,val,376b20f901f36af9742e448c3b1a77a2170d6b7d97aa2b4edc0e2bdf90bbccf0,624c677abaf1884b5769e8df3b86a5ba68c5a80245c1a07913315ef49c5eb085
308,vlcsnap-00208.jpg,unknown_session,unknown_session,val,52195c08f31dd3d40b3da5c22db30a05b4d2ad2696bd81dec0fba4a5d60fe48d,0ad4ad53fd669dbf27470c82db987c769a1ca0052badcb001dbafde8c00ca0cf
309,vlcsnap-00209.jpg,unknown_session,unknown_session,val,1fd712ee36d2f2636b706ac5ad1d1b302ed2654883f7ba2886b732dd49d0307f,56a3a4167237a5d0e419e718128c70105fcade96849655ac161f82663049c6e1
310,vlcsnap-00210.jpg,unknown_session,unknown_session,val,13b30f5ebb91cd5a344e752f81659b04e17103579a5d897ae49cdc191e09a934,ed888367aa0ed16cf0e7e9340b12eafb00034ebf2179e6b55044076d7a1c1fba
311,vlcsnap-00211.jpg,unknown_session,unknown_session,val,f4cb63416b6baba7f785c7fac81f25ab0d7f3555a4ad169534b60f50ce4ab255,3ffb2e05e908fa090e40f032ce674987a842fd80faa15bd21265ffa7adccca96
312,vlcsnap-00212.jpg,unknown_session,unknown_session,val,30b4c2f2978527f69423b7eb0e109a18a9bad40c3cdc998c89c245ad5965da9d,09e471aac7373b8d1a19ce8896da3c14e321e5a23d54368deefb07cbd060a751
313,vlcsnap-00213.jpg,unknown_session,unknown_session,val,c389bf37c0334857fa6f91758161375f9b634c4f26191e088e2871b937b4307c,41a85abd80024142aa2fa19e69794029c63c2f76b0699a0ee5a2ce021ed5a685
314,vlcsnap-00214.jpg,unknown_session,unknown_session,val,95d2e88c56c9c27a49dc49e9a02355c0a101b8b45974a8601ce00b3ac04fb854,3e77d76b7d0305aef5715435d411abe51067f62edf1823af78ac64112dd709e3
315,vlcsnap-2025-02-18-17h01m16s802.jpg,filename_date:2025-02-18,filename_date:2025-02-18,train,5c5044d8325eee70090f2dac5ed2b9768c7253590b256bdd2adc67ffe28a726b,61243d1646e7b65f615ce8c3a0f4b5324bdd56b4b68041053774588d4d102722
316,vlcsnap-2025-02-18-17h01m19s628.jpg,filename_date:2025-02-18,filename_date:2025-02-18,train,f36c91420d924be52ad5ef42ef50242258a00b6c5052485f1eaea65419fb9b53,f724fcc71737445ed448d23f6b4b0258a5ebb61ccfbee73e6e5a0ec62e0c2faa
317,vlcsnap-2025-02-18-17h01m26s641.jpg,filename_date:2025-02-18,filename_date:2025-02-18,train,4353a556d2d408617a6aa04331325071e78904d6f93204f3be9a645d64647864,f6726f5c6aae2f364d4bf3728b5cd8056811c320a188930d65e0a0532380497c
318,vlcsnap-2025-02-18-17h01m30s056.jpg,filename_date:2025-02-18,filename_date:2025-02-18,train,670ae2adf075b21c805341bb758c02854e427906c35e53ddc4f7d9fc138316bf,5f6456180d4203bb4884f8570c629338468993fc9fc7b314c8ce9a5940831859
319,vlcsnap-2025-02-18-17h01m32s441.jpg,filename_date:2025-02-18,filename_date:2025-02-18,train,3ce42f87a4e1569272e5835cb9af050c1f8d05e2b51dccb2b00b8510321d7456,f522daf4c264da5301ff40647fb28bccf972756060d0bbf0b3374eab894ccab6
320,vlcsnap-2025-02-18-17h01m34s533.jpg,filename_date:2025-02-18,filename_date:2025-02-18,train,2a96718c1cf8ba84c38b308f9111519f60d72d67e726fc59350f269624b0d255,c9cf7acc7a000a9299938495df39aea0b2396906bedd9863c541324dc8754425
321,vlcsnap-2025-02-18-17h01m36s608.jpg,filename_date:2025-02-18,filename_date:2025-02-18,train,2fd392ab929fc545cbc41dd5942a141f0b216d7d8c5110a521812349cffdeeef,ae85f91248e622334a6e81c7fff552a7937b874dfefa02aab23b6ab2f8652465
322,vlcsnap-2025-02-18-17h01m38s325.jpg,filename_date:2025-02-18,filename_date:2025-02-18,train,4825b78219176240625fc963d25bcf1af4c078cd64d185e6776ecaa5ff602c3f,27c29ec8a3780259b6e2059fa3beae22a844d994d86f4133277b36da39bdb17f
323,vlcsnap-2025-02-18-17h01m48s245.jpg,filename_date:2025-02-18,filename_date:2025-02-18,train,755e6dbafdfd4044555d3eaf3ced812b44bcf0bb49b564844c71daade54d945b,a23cbabc2df57d313700ff9ec9f1ac538d7f8e0f9d77ae79c358be359ce4a4e7
324,vlcsnap-2025-02-18-17h01m51s484.jpg,filename_date:2025-02-18,filename_date:2025-02-18,train,3d94d8c9687978bb715bf632cbecf468892ca6f0a4d83d2ccfb4e545bcd47511,5ee008a33fa1f89ef9bc121f5198a032a84e8143327cc72c397dee0dced0b9b7
325,vlcsnap-2025-02-18-17h01m53s564.jpg,filename_date:2025-02-18,filename_date:2025-02-18,train,3bbbc4c5d75f73063601531330d5d9bec16b68a3f62376f371db853b1268b81c,d02ad41af960baf000777dceeca18d61869206389b0214af218bd9756a249ed9
326,vlcsnap-2025-02-18-17h01m57s278.jpg,filename_date:2025-02-18,filename_date:2025-02-18,train,3fd800fb12e33d16f401f96cad17493f07c17ae7a93716b96fc2db5082456116,f09287511a6b26345af3e4b6498512dcd170e37d6e2f0bb58c46c5c20d2e8a67
327,vlcsnap-2025-02-18-17h01m59s496.jpg,filename_date:2025-02-18,filename_date:2025-02-18,train,12d2d8b48231182766559259751490d0766c16737189e0b07d4bb6da02bb8bc0,08c70057ca5a5e9a880d421d08567986c81cf597e4488a993ec73904fe7bbbce
328,vlcsnap-2025-02-18-17h02m01s598.jpg,filename_date:2025-02-18,filename_date:2025-02-18,train,57dd37cb288af00d87a239ac38c113d51f958122cb12d98919d4005beb387766,544903de2f8512968a7b21718b3f900c83fba45057b91ea4fde9f235f23e8e7a
329,vlcsnap-2025-02-18-17h02m05s303.jpg,filename_date:2025-02-18,filename_date:2025-02-18,train,351d16593fc4aaa02b738292b782f7a3e317b2e4877f96ce93cb991465e26627,87402ae439b90afa9e5545b0f313ca9e0e740ccb01c28803109202b34f7498ea
330,vlcsnap-2025-02-18-17h02m07s200.jpg,filename_date:2025-02-18,filename_date:2025-02-18,train,c06a6232bd75233b6d8122db8b399cc55b5d12f0614ea4968fc83f1ac7bcec95,9a2aec662e1fc7f6e182ef758e1ed69ae0f1e66f3d09a240e4bd275d302161e3
331,vlcsnap-2025-02-18-17h02m17s009.jpg,filename_date:2025-02-18,filename_date:2025-02-18,train,90b914c8bcc946113b2779b9a330b76cafe4421a173ba50711d0bb58c68d92d4,dce648f1714d8c1fc64dd488698efc082b037ac6665a692a12f24ed816737541
332,vlcsnap-2025-02-18-17h02m18s342.jpg,filename_date:2025-02-18,filename_date:2025-02-18,train,596640a7de125eac52625833f30b7ad15803bb50a5ca1f7dbf1c4ae734189099,7f67e41c76ee3a3899ec3472d0d1d30723a9532f115989897929178b35283085
333,vlcsnap-2025-02-18-17h02m19s484.jpg,filename_date:2025-02-18,filename_date:2025-02-18,train,0277eae9bcd43ef9126c9edb6c36081a870e0b7d2962e3a02bef008e880e039d,653cd98b95e7ad22add9976cdae865b3ac0bd91280b670eebd66b5059e267844
334,vlcsnap-2025-02-18-17h02m20s958.jpg,filename_date:2025-02-18,filename_date:2025-02-18,train,b29e40e099d3ba23ad9ff8bb3714bc5313461ee3144b69d9e8b3228d12842660,1c32823567adec35bb92b1b28f42a6958feb4770a23a84e4c56d75c81dc9d1e6
335,vlcsnap-2025-02-18-17h02m23s142.jpg,filename_date:2025-02-18,filename_date:2025-02-18,train,becf6e3770e5565a8c85ec0e467707914e5513f111e29fb678c6858668794f6c,4786dc9fc5ece0499d2f7eb1d1089544f41aa60141d7650625b7687ced236b49
336,vlcsnap-2025-02-18-17h02m25s053.jpg,filename_date:2025-02-18,filename_date:2025-02-18,train,3f4a79be87d4febe8b5f7b96f1b6c0e2c1619f1cac300399d158e202a276e9e8,c73ee5a1f1b1a0f9ae88257bedb8140840d0d7312573278de150d94cbb36fc4b
337,vlcsnap-2025-02-18-17h02m26s898.jpg,filename_date:2025-02-18,filename_date:2025-02-18,train,2410c03710e44738ba925b06959f452867de9ecca6677a1c5f094c318c3a2866,fc590c0447c003c40281b2656c11ab3578397f28713ad64d3223dda18b24a8d2
338,vlcsnap-2025-02-18-17h02m28s619.jpg,filename_date:2025-02-18,filename_date:2025-02-18,train,ac9ed65a051bd09acac874d216bf38f874308e4100e46255b74c55a08804cafb,14c5021308abc8083a6fc23e4ec102c28d0751324054ed36074b4ef26a057498
339,vlcsnap-2025-02-18-17h02m34s894.jpg,filename_date:2025-02-18,filename_date:2025-02-18,train,30e42dd20f54459838cf2d33974c7bf2ef40efa24414f62d94a0aacb023dde90,afa3a218f8e018c4914cbff791e166bd543b0dbb782afb810ae7d9b6ef07ff0b
340,vlcsnap-2025-02-18-17h02m44s073.jpg,filename_date:2025-02-18,filename_date:2025-02-18,train,a9e9f9d8fe7bd296f9550454db907f00e4cd6ec699879ff9b1f1f1c6828b52f0,6906f74d8a503006fd156731a031e66bceee667e9fb514e605a49f1fed223c95
341,vlcsnap-2025-02-18-17h02m46s063.jpg,filename_date:2025-02-18,filename_date:2025-02-18,train,e94c4841f367b6545e4f780ef75d332f7c5e1c17a16165ee0265cc1b445ceaf6,0ace67f7a679465281f155f830cbb86431ffb020ff259e049e10f48a995fabde
342,vlcsnap-2025-02-18-17h02m47s744.jpg,filename_date:2025-02-18,filename_date:2025-02-18,train,bdd624dd19d8e906360bdf4bb44e33a66320f1e1540f812196b2ba9fe48e5d5e,2a8a73aa7613e1dccb66ff65bf59261e18fad88ece5601334d2cb9e098a4f91c
343,vlcsnap-2025-02-18-17h02m49s318.jpg,filename_date:2025-02-18,filename_date:2025-02-18,train,a9085d2bf6cff5fee2c641b45d7c397b6c0fb27bdf069c10adaf572fb1c29273,a64cf21c8510a48ae306e15f1c50b697cc81956ee741b9f0842e8a77d9351675
344,vlcsnap-2025-02-18-17h02m51s819.jpg,filename_date:2025-02-18,filename_date:2025-02-18,train,0e4d1d3e29e8cabb24bd4587ba97e43446f459fea4338afd92470dbfe7b960e1,b228b1fccd85e532e664cd5a422f5fc287f9420a6fb560ac5761e2d299561526
345,vlcsnap-2025-02-18-17h02m56s214.jpg,filename_date:2025-02-18,filename_date:2025-02-18,train,522f6df124b734096386705fa6268d675e06d6f393c2532035be6d2bb4c03cc3,cf082022e147ef48a253dd3191316815f7c57582c31dbb2b04af99a522e4cf22
346,vlcsnap-2025-02-18-17h02m58s718.jpg,filename_date:2025-02-18,filename_date:2025-02-18,train,0c43b31a8ada00826901e47d332356879b76d4094b2a53ba10e52bdc0f34a024,cef4401580cfdfd80000dbdf551766343d2a658cf028bc9a3274dafc534c5d30
347,vlcsnap-2025-02-18-17h03m00s440.jpg,filename_date:2025-02-18,filename_date:2025-02-18,train,53943e0e2c6aa893d4b4b9ffde4c8b87b682a77b706a7cba145ec7276cb7226a,a0a2cb032032dca50011244060ef8dc81e70e8d136d7ae4d328f90f9f6044e30
348,vlcsnap-2025-02-18-17h03m01s844.jpg,filename_date:2025-02-18,filename_date:2025-02-18,train,d64f795911f2a51c0712f5f1eb92eb895b0d6b28ceb62699bfff4b6aff75a9cf,db87b61ce703e55a3d33850a4eb1ea66c55a1d0c7c300a53e88f6d879df74ddf
349,vlcsnap-2025-02-18-17h03m03s515.jpg,filename_date:2025-02-18,filename_date:2025-02-18,train,8ce0f47c26766acffaefdddffd70a39aad475b1fb8b498553dad6f4e3de4e45d,5d034c90661bd663fc178dc1270a9d70bc3757d4d07653e955067839021d12da
350,vlcsnap-2025-02-18-17h03m05s668.jpg,filename_date:2025-02-18,filename_date:2025-02-18,train,7d589af12722288242d8feedee940992131b856e322e981e07f80b62d622e1c7,3852f803796bc92333d9f45ed23de1af38a3be58bb967d93c671262fd0578a8f
351,vlcsnap-2025-02-18-17h03m22s323.jpg,filename_date:2025-02-18,filename_date:2025-02-18,train,4ec4782aff77a44b653e8447db067f15d13c5fc9e77f7dab9b07cbfd80d3fbf6,df46a58ae43238b1a690d104288cc785fe780d7a1d6f2519a5ee5cf619312cf1
352,vlcsnap-2025-02-18-17h03m24s155.jpg,filename_date:2025-02-18,filename_date:2025-02-18,train,19cd16d2712d926f738f0ba83698283ca25a33fbf14966bc083d35d082c4ea3a,2e8e92bcfcc6f72f5c6bf00eac7dab9421b5b76db67c595ac30ee5faf4f8ff48
353,vlcsnap-2025-02-18-17h03m26s001.jpg,filename_date:2025-02-18,filename_date:2025-02-18,train,0858fc22c040c817dca4a20724b79563d93230294f28d48e85d82f5fdafa3b3b,ec167ff212cd99cd7be0faaf4ffccbcce3052f27816ea037d5ab876963e2ef8b
354,vlcsnap-2025-02-18-17h03m33s067.jpg,filename_date:2025-02-18,filename_date:2025-02-18,train,568b8e3ca8bcaf0c0b978ae028138ac3334884a7ff827d01a97d9600fd0a3041,193e8bcae47fa69165d36f6e1b19de8e84d8b8a391afda97aa97c9e46ac6f9e2
355,vlcsnap-2025-02-18-17h03m35s035.jpg,filename_date:2025-02-18,filename_date:2025-02-18,train,a94af4915064b69e5dc184fb7bf57fcaf63c3b30bb77c7c44d323014bd1d5337,baf40942ef0a6e0ff258d030125d4bab9befdff0936f731411036f41235ac3e6
356,vlcsnap-2025-02-18-17h03m38s802.jpg,filename_date:2025-02-18,filename_date:2025-02-18,train,7815991d3fcbf7b712c01ce53e3efa8d6519242168486c98cc1a79067e7d5767,45649ade99448a9840b73263cd1d401f47b85baabb3e960e3bf41b66f0098e82
357,vlcsnap-2025-02-18-17h03m43s523.jpg,filename_date:2025-02-18,filename_date:2025-02-18,train,9a26f403464ca5177a86df783af35d2247733af5742043045920ab6073f31932,57bb38e8b201388890bba06ff6800cd773c38bd35c07d15412118b0316c23ce6
358,vlcsnap-2025-02-18-17h03m44s860.jpg,filename_date:2025-02-18,filename_date:2025-02-18,train,679ced4a12d6f6b2d7018ca398844322cd05f196c044a1fb4f58832891fd8faa,7596da20c1ea7cb38a24b4af57491e88862bf0d138c2ea17f67b59fff4344b86
359,vlcsnap-2025-02-18-17h03m47s890.jpg,filename_date:2025-02-18,filename_date:2025-02-18,train,83c775adbce93790e9170e27d03e83c8ff0e6070873463c80ba19038ba73bf57,fb626db1e29cffe20d5fe3d99d5a883da9584b64adea96c413b774e941527ecb
360,vlcsnap-2025-02-18-17h03m54s730.jpg,filename_date:2025-02-18,filename_date:2025-02-18,train,682f4dd8ce17d09f210bf284f6ae8bbb97f2f38f064685b52892ecda1f9eb7d8,4a29728b3d63efca487b85aadfb1730e1f7dbc1c86240dfe7bb52721e55303b3
361,vlcsnap-2025-02-18-17h03m57s474.jpg,filename_date:2025-02-18,filename_date:2025-02-18,train,e5e90c58c1f67374e6c0729eef7b7e1a77cd664ce0a27058c7a7951a5415084d,6aa20086437ad99a22bf7e4e63b0617e48c3e50cba7b5817e7152ae924dfa0a0
362,vlcsnap-2025-02-18-17h04m00s307.jpg,filename_date:2025-02-18,filename_date:2025-02-18,train,4a01b728859d6f86cdb223aec68068ba46ca3cc55fd20667ddfadfa49d1e0708,f2b5b43007917e3470835a3a17d1f4948bf9311ed633513c3bb310d48fbe2b2f
363,vlcsnap-2025-02-18-17h04m11s173.jpg,filename_date:2025-02-18,filename_date:2025-02-18,train,7eb547a17c112a5c97c102fd90b96212acf83ac31f38cafeeb61235ad86093fc,f073d0866e8f06d298043b4af6fb1df86fd2b47cc03315d728ce0ca5c5717e06
364,vlcsnap-2025-02-18-17h04m16s176.jpg,filename_date:2025-02-18,filename_date:2025-02-18,train,59a9f6ae5d05e9554f55402bfc66a86469fd96f27041d1a85d8093c9e83facb8,eac9c5cda8857d0c8a846b79ba0a4d2906a4fb18b2832204f2b47a49cedd6553
365,vlcsnap-2025-02-18-17h04m19s949.jpg,filename_date:2025-02-18,filename_date:2025-02-18,train,b94e15833d8d87ac1d10e907de234cb62cf9a91bcff78de056c88859b66264b4,196e7016665706bd3fa6ec1f684059c0d95be78e3b240c55e52be73c9ed8111c
366,vlcsnap-2025-02-18-17h04m29s066.jpg,filename_date:2025-02-18,filename_date:2025-02-18,train,514e0ce0a6201ca5f82f2676dfb142ebf6b51103eb418eda24c0a35712dbedc2,bf2133c9d3d13d2de849cd576c533df000a40552a3556d52d26bca0fdcd07bcf
367,vlcsnap-2025-02-18-17h04m32s301.jpg,filename_date:2025-02-18,filename_date:2025-02-18,train,8a8977a57b45b5063dc8efbe5a7023015390b47ccb9f64c7e5a073dfe0b3d816,f838dbd0e92b8d2029964507ae725ac8a027f2809ee13be86fda3b4debba8494
368,vlcsnap-2025-02-18-17h04m34s902.jpg,filename_date:2025-02-18,filename_date:2025-02-18,train,a96ba217ff2bc659813a9015c68d1b7636da1bfe2d579427d56489a2a6b3700a,9e8a18e538a6456ad2f45e121188b70bd312a04e91002eed9017ed2cbc188388
369,vlcsnap-2025-02-18-17h04m38s614.jpg,filename_date:2025-02-18,filename_date:2025-02-18,train,6af4fc189612ac07dcee5c818dab2f5d44e49aca532855bd7ce605f9742e87e7,aaca0bcf844459edd00d2759e5dcae585550424bcc028a271b3a0b86eda16510
370,vlcsnap-2025-02-18-17h04m44s587.jpg,filename_date:2025-02-18,filename_date:2025-02-18,train,cbc7ccd2b5678bfdbba88c025b88654299949062ff9badab4fb6d2a1f09c34f9,870f07a71c807abf4d8d7b4439cc981cf2566979672d96a72deaec29a0f6589a
371,vlcsnap-2025-02-18-17h04m45s733.jpg,filename_date:2025-02-18,filename_date:2025-02-18,train,4c6f3118d2723d6702864decbcca574e6511a14a999070da513c49349c8717c1,9f1424fbce7c03630e66b36913c6ef11516f0f8be3cc9a47ba84e540e64ad50f
372,vlcsnap-2025-02-18-17h04m50s312.jpg,filename_date:2025-02-18,filename_date:2025-02-18,train,97f692c795b6d1d0dc755fbf7dc7a84b8e4da2aa3b9c6d6d3189c03838edcd82,68c7ec6184834f025f046298fbb7a8ba34de840f6fb806e18d26de717bc3622e
373,vlcsnap-2025-02-18-17h04m52s353.jpg,filename_date:2025-02-18,filename_date:2025-02-18,train,019dcd8c17f4695b4d2c371b87b414f6b754759dd86aabc606e969f5273e65e3,ba96c84104eba4769cac026442e6d80577e85d599a73571734c7917af0e4377b
374,vlcsnap-2025-02-18-17h04m54s778.jpg,filename_date:2025-02-18,filename_date:2025-02-18,train,a5d8301578718a1f2ef7c21fce326edb8d158874d2ffe4e65a0476d1e64f0664,a81681c815500ef39514b0e81ff8a57bd06f7ca5c360775f4838e759d6e2ff92
375,vlcsnap-2025-02-18-17h05m03s303.jpg,filename_date:2025-02-18,filename_date:2025-02-18,train,d1b3e9f4be03075fcbffe4682a0c3e6c32bd7a7d2ce4fd575e7b81ba636517f5,545158da485fde1f4a9a6b190514f61401aadb93673f80f84b246f73f0c9a1d4
376,vlcsnap-2025-02-18-17h05m06s728.jpg,filename_date:2025-02-18,filename_date:2025-02-18,train,da00024e43ccbba65fa714641c685097fec0e9eda9126c62b461623d1112d48b,e9ba0030e5b40e476e2376b7e8bcb76b5e5a8ce470495a4e3438b7f055d81a1b
377,vlcsnap-2025-02-18-17h05m09s029.jpg,filename_date:2025-02-18,filename_date:2025-02-18,train,aa81bbb47b5107e90df1ca3bfb6b6369ce95610bdafcc3c3a7f37c8139d572df,76970192840bcced993799184067337e8defd7edc97c332aaa583fa4c41977c2
378,vlcsnap-2025-02-18-17h05m15s149.jpg,filename_date:2025-02-18,filename_date:2025-02-18,train,6e33df3a846680ac6d8625e8d554881e0410e77e58a207bd8acd8709d605ce09,8f2e2b7033840ed79dcb59c8f0b186700eb181a5d8160b68d792232d9085e481
379,vlcsnap-2025-02-18-17h05m19s801.jpg,filename_date:2025-02-18,filename_date:2025-02-18,train,42b39a9ed8792c87580fce8f118a473559db829d359d5d38e13b10e2dfc924f4,3745ba9877bdcec95e2883feaa3e5195f84a19b76d20805fc4b9ebd6e91c3d86
380,vlcsnap-2025-02-18-17h05m21s401.jpg,filename_date:2025-02-18,filename_date:2025-02-18,train,a7d623f3ac994532c35c4238e6d61d8e3543747d6d7a3891182535eb7eb06eb8,e23a4036de082782765b65c0785e6eddb0f9f3e463640b476ed6928e2697a5cd
381,vlcsnap-2025-02-18-17h05m23s006.jpg,filename_date:2025-02-18,filename_date:2025-02-18,train,17a3af1b91892417a3e5b241f93208abff7893b3635dab3a95d06489351b2676,0ab398e36b86e2bb246bce158be1e4e6fb2f35d185144bbad286c6403ec0c887
382,vlcsnap-2025-02-18-17h05m24s398.jpg,filename_date:2025-02-18,filename_date:2025-02-18,train,1dffd4fddad5d6ccc28c1f8258153cec207752d22dc947acbed09c367db730a2,a3a3b90a17a2c4ee6b0b09ea5c174494aea81c4a33926d00ae4cbbc0bb85455f
383,vlcsnap-2025-02-18-17h05m25s811.jpg,filename_date:2025-02-18,filename_date:2025-02-18,train,46b3ecd966fe201ef1068af507318fb92970dbb02ca8f272ab2f9c371d009fa2,86e44ec68529c1bc7501b275054c5ed3be9726204cd2ff4309dfa571053d915b
384,vlcsnap-2025-02-18-17h05m27s118.jpg,filename_date:2025-02-18,filename_date:2025-02-18,train,cceb979dd692e195e15bf2d1efa980022a3ae802bef9e1d90243cda07d7368b0,6b6d6b7c8f3790bc0dd1849a9d0c9bf681dd16427d03052f47c6d70bf22e4a4f
385,vlcsnap-2025-02-18-17h05m32s345.jpg,filename_date:2025-02-18,filename_date:2025-02-18,train,8d617342f507bb7753471ae722be24d2149633ced2bb884dd04f8d12088d6472,f3372e856fcac2b5fc90d71907c78eaa9db1d1cb55ac4ff591c2e221df949ee4
386,vlcsnap-2025-02-18-17h05m34s226.jpg,filename_date:2025-02-18,filename_date:2025-02-18,train,7c3d2b76e6636e13996464fa0a51a38a36b3d5b8ff52fcdb330c99db14eb7f68,926aea8c38de4da00844184d13f00519fb84889d64d6f16f1af86fa111ae408e
387,vlcsnap-2025-02-18-17h05m36s438.jpg,filename_date:2025-02-18,filename_date:2025-02-18,train,997fd0b0eaae359353ea69c1bc02f3840bea66744009ee992a90b1b494251f8d,18ee09604e7a5a6c11d85afb1e09d6487e75bc7dc2fa5551d21c617b107019f9
388,vlcsnap-2025-02-18-17h05m38s437.jpg,filename_date:2025-02-18,filename_date:2025-02-18,train,0074ddd78dc17138b17c9cee10021db7bc4801ff9044dd7afc0b8f27805505ce,09ebece0ad531bad2a28a815df057b275a73974918ae474258687a7c7d9ee047
389,vlcsnap-2025-02-18-17h05m41s195.jpg,filename_date:2025-02-18,filename_date:2025-02-18,train,48f5484f1923385d872ff423d667be8462a385811ed3d354e80e0268debbf121,7bd18de8276fbe9333c375c7d17ba95291179bbd16cc5bb2efb6f7917cd29616
390,vlcsnap-2025-02-18-17h05m43s813.jpg,filename_date:2025-02-18,filename_date:2025-02-18,train,36edd6c18bfae9c2954a60c48f948880eb21a2edd569033bc2d734b3a5dddbe2,31bc64267108d9128a6b02f3ffe9b85cda4842f0e58118f06662bde61dd2aebc
391,vlcsnap-2025-02-18-17h05m45s656.jpg,filename_date:2025-02-18,filename_date:2025-02-18,train,32bb8e8cace64483c25285d7e6aecadab6c5800f77cf2c7b4ac7c9dc86dec248,9a912621bc0e09eb2b6c078b0f4e37b49b493379a22b8aa28b25ef5c7419926f
392,vlcsnap-2025-02-18-17h05m47s256.jpg,filename_date:2025-02-18,filename_date:2025-02-18,train,69e79f3541c8bab8626c8ea1b42e27148e084acd00ba1e776a7d8d25db3e2563,118c3b82d69cd9f4a86493c2ab8b090771133b32d2c7567589caa73a047e0f7c
393,vlcsnap-2025-02-18-17h05m59s410.jpg,filename_date:2025-02-18,filename_date:2025-02-18,train,92c8035d59c18a8349e923fc6bf482ff70d42eaeadf4e1066a477cbc829f0bbe,515d00a612220a5cd85b2020f69f4d39064ea79b167765d592e178b4f6e656a9
394,vlcsnap-2025-02-18-17h06m01s508.jpg,filename_date:2025-02-18,filename_date:2025-02-18,train,028b11be2347a5b04be0ee5eb73ad73c4ab375d07144b50747f4ef4ddb6945eb,89ee7c5bd9ec6fba3fdc338334f7a92e0bcfabe4b1b40dbfd2f89cc60e212460
395,vlcsnap-2025-02-18-17h06m02s504.jpg,filename_date:2025-02-18,filename_date:2025-02-18,train,fe5186b136c7720c8c0cf40387230c782c85c8a3fc91b226061b26c07ec766a5,d68b4ad48091fc93002231a6e019ae97903f8e92161f2d442fe4eb2c658d1cbc
396,vlcsnap-2025-02-18-17h06m03s630.jpg,filename_date:2025-02-18,filename_date:2025-02-18,train,63fafcc3462ec6a41f9600f891196fdbd7a052873f78b3dcc9d921f89d7a6c62,5ea0240146666b05ccb7701a608a929a96407349a245b8c782ffdb4580f49879
397,vlcsnap-2025-02-18-17h06m07s036.jpg,filename_date:2025-02-18,filename_date:2025-02-18,train,8b6accc9bdb786044c1f2001ef14f0039454fdbb049f72bddefcd6b0b37d9e8c,43d577d8ad4fa1014d80673491463bc754c6ff8e8f85eb1de34d57ec1b96949d
398,vlcsnap-2025-02-18-17h06m08s662.jpg,filename_date:2025-02-18,filename_date:2025-02-18,train,79aec30ae610b42df0304135c25e7e2642a3507a11cb47eb8aad297fa0a2c021,6319a92c7435372f61e1e12d31b91702a6864e0ec75ec8eaaf8f37bdc401b8a7
399,vlcsnap-2025-02-18-17h06m09s837.jpg,filename_date:2025-02-18,filename_date:2025-02-18,train,1a0b51df260bd149792e75e614e8c661d700dc54ed7008ba77d997a12307978b,8fb4dcf3084f1e41f4c155254af18fbb116136941eae8c02750dfb9c076eed60
400,vlcsnap-2025-02-18-17h06m14s692.jpg,filename_date:2025-02-18,filename_date:2025-02-18,train,2e658544f063db308bde41843b1f116eeeeacc86e5c5e0c7e91d6cfe7515aced,a493c283b80e8a004541162f730e0d17f36f6db74632d1a92056ce4a6912c17e
401,vlcsnap-2025-02-18-17h06m16s069.jpg,filename_date:2025-02-18,filename_date:2025-02-18,train,d7a384f7206db51365422ed57a5c9a17dd69d16f87ff1844dc2655008f727b43,d4a0b336b715fbd7396de7b72a7757b315a35ed0a54426f6c2b740c75b89a3c9
402,vlcsnap-2025-02-18-17h06m17s642.jpg,filename_date:2025-02-18,filename_date:2025-02-18,train,38f253da7c1dc4986b32a87c76cbef89ffed496581e18f6480126125e1a6ad02,ebb9de5d72ac4e5d26ab05c34d86e11c88eae49c3f7a578ebfe2f15a10a9ab60
403,vlcsnap-2025-02-18-17h06m19s865.jpg,filename_date:2025-02-18,filename_date:2025-02-18,train,030ebf8b4d9e136d3a8b655c4dd24433ed728bbec03730432bd0ddcea517a6be,9d7b8d931345eb997e9b6fe2fac7277f8eeea6bcabeb2d97d08ce45d2aa70af0
404,vlcsnap-2025-02-18-17h06m22s641.jpg,filename_date:2025-02-18,filename_date:2025-02-18,train,0f9e35e48ca72d827a7bad77e873d3c7ed44439efca7bdba37d23f2541eedc4b,84f70d2b77eb02cf88ae43c6a77a78fee6235e4b9257d1182faf2a1539dd88dc
405,vlcsnap-2025-02-18-17h06m27s551.jpg,filename_date:2025-02-18,filename_date:2025-02-18,train,3e16144207ae9f7cd9572909bcf8f7fcf507dfb4c255adce0f29c5cf34dad5b5,219673de319e64c3910279383d0a7ed150f3be331579d5fc0d4205ba61be5fef
406,vlcsnap-2025-02-18-17h06m28s723.jpg,filename_date:2025-02-18,filename_date:2025-02-18,train,7d3d427138b64bf64a52ad0ca797c1a269f95f824854bda67d3e5b953877ad5a,a5c860db2e4f9f0c45216abf53214adbe4271af5b3031c611b578edd0fa4cbdf
407,vlcsnap-2025-02-18-17h06m30s085.jpg,filename_date:2025-02-18,filename_date:2025-02-18,train,9ee32be938c33baf7585bb4592c45779bd259ca54f26d497bb90e8741309e5b1,7d8d2fce43cbcde6c704e0def094376bced476c73abc3f25bba850ef84d23a17
408,vlcsnap-2025-02-18-17h10m25s907.jpg,filename_date:2025-02-18,filename_date:2025-02-18,train,853a599515b94dd2b552949632c3cec4ff154c3a97af7ed938831b0eeb1e41cc,028fb638642113105e829f36199e30fb40a43d07fa7952de57ad73ecead2ac38
409,vlcsnap-2025-02-18-17h10m28s875.jpg,filename_date:2025-02-18,filename_date:2025-02-18,train,d9ef23d959ee3085e1dfe461469f8a7047c73d0f78a3ad1aef52233da5fef7d9,8d05b22c01a02b586680c27b07b82482faf64fbb4efde3ebd773152d19f48247
410,vlcsnap-2025-02-18-17h10m30s786.jpg,filename_date:2025-02-18,filename_date:2025-02-18,train,41f126e02a494aff4d290d465b90c4333b5b58c52c1fba172b13fb80907248bb,2110ef50815c26dc735a1547e5173426d597b9b27a771445526c9284a824ea2d
411,vlcsnap-2025-02-18-17h10m32s587.jpg,filename_date:2025-02-18,filename_date:2025-02-18,train,f841a21eff6805c213f92288bdc53c3691e72e015e7f0b490bcb3e1e5d8df50d,0d36651cb3ece2056e8a7dab3ad927d446b73b30d346165fa4327fa4983f3c29
412,vlcsnap-2025-02-18-17h10m35s079.jpg,filename_date:2025-02-18,filename_date:2025-02-18,train,d6350dd93269852ed659478d07291ba610000c43c07e11b8e73130c5fb52f3a7,ac3b0e8bc9af205c5c3e1422e457dd4dbcec01562473f50f55a2c74136cd8e2e
413,vlcsnap-2025-02-18-17h10m38s913.jpg,filename_date:2025-02-18,filename_date:2025-02-18,train,5315609bf8756541523ab4f81935cb0ba6230b7a120763ceca8f652d1f46c748,1adc6755980619a130448daf8fa955c5d52bccb81b1d85b9dbb7d5d07bd50d3b
414,vlcsnap-2025-02-18-17h10m40s716.jpg,filename_date:2025-02-18,filename_date:2025-02-18,train,b5d5020a76a9e247ce973d640b41ff1950ca134b8e35ec38af3b018f9eef9548,0704f8f8eb2e6f0282bde308386c3c337872e5d6f546e4e2af99aae1736c25f4
415,vlcsnap-2025-02-18-17h10m43s359.jpg,filename_date:2025-02-18,filename_date:2025-02-18,train,709a0b467251ba458fae343ad49e73ad0840e3696df3108f746e51bb18224aa2,0df6bf47a234f0b04bb96187ba6a98842fda1247b2c7550025a17b187020c1bb
416,vlcsnap-2025-02-18-17h10m46s191.jpg,filename_date:2025-02-18,filename_date:2025-02-18,train,b04daaaa2482f7c833d51760ed1f32aa1ba9f9c0ce982ee1b79c2b0f57a51ce6,6d7c563e90336431fba5c67ad4cedd5dbd19366b5212678e1aa746694eeb4127
417,vlcsnap-2025-02-18-17h10m47s400.jpg,filename_date:2025-02-18,filename_date:2025-02-18,train,c755f026b8aa41d127cddbe0618a2847c2d40c68a5b1c6cc69941e0c0e14cf2b,0f68d836d619bd20121f8ceabfb159cce2cacb8a8183238ef2bf742150bc3563
418,vlcsnap-2025-02-18-17h10m48s997.jpg,filename_date:2025-02-18,filename_date:2025-02-18,train,f6d636a57010004b155d5609b7ae2d5fb27e18ab7d6f3776fbee6516ab09deca,199dde4f78a44f1a584c171a3400158c63b46d97cc112e17c8a9487129f52673
419,vlcsnap-2025-02-18-17h10m55s165.jpg,filename_date:2025-02-18,filename_date:2025-02-18,train,ebf24602a6f44cda589c192ed54126654586213a6bee7d883c35365dfc4dd9d1,2dd05264dd96356f3fca546bca03fa46ddcb33f2f57445064c0b06f7db769d88
420,vlcsnap-2025-02-18-17h10m56s572.jpg,filename_date:2025-02-18,filename_date:2025-02-18,train,895ee7d3c274ecd87a432ab94a535f3c60956c0fe5bd8444dcb9fde099adde20,7b40aaf0ca4fe6d4d49d6b2ac14c2984e3e81a97d17b7fe1a8cb970a26f29c81
421,vlcsnap-2025-02-18-17h10m58s171.jpg,filename_date:2025-02-18,filename_date:2025-02-18,train,aa7a2d8132a2ddf05bd0305463fcb3e2da9d0bb30ea4bb61505e06ef57a47c8d,ea6aba771ad68e01f10eedd914b3c4d7d5d1c938faf72f53f1bae362e4f2ff4a
422,vlcsnap-2025-02-18-17h10m59s358.jpg,filename_date:2025-02-18,filename_date:2025-02-18,train,8d6e02513ed281537283b48e876b234dbcfbafceef84f53cfd6cc06389637da1,ede9d493851e210a9435c9e2bb699f20c7b3bba1e3d3f64e4ac1bd992f29263f
423,vlcsnap-2025-02-18-17h11m07s691.jpg,filename_date:2025-02-18,filename_date:2025-02-18,train,4fdf281a9aada6046c51bc855e2b395cffe14e08222a0464872ddf44a6aa4dde,a11b5729989276ed0a194a694380bb02a08be8097b389560024907b631c0a098
424,vlcsnap-2025-02-18-17h11m10s498.jpg,filename_date:2025-02-18,filename_date:2025-02-18,train,38a4ff7e894774d4cda5670108e34ed2c8bff2ef033c30702a12cd6e9786be36,27415039c89254a5ae6c2669e8e05673789e546ca2b9a2a1d0cd4011d98537f6
425,vlcsnap-2025-02-18-17h11m12s783.jpg,filename_date:2025-02-18,filename_date:2025-02-18,train,e63a1925490e10b8e31ce948e3df161d69a6a81849503cd0896f3e7fbcb9ac29,19951eef1654d9ba4c8dfc94dfdc95b12bc94fe7c8fe1b061b11e6b26fc82d53
426,vlcsnap-2025-02-18-17h11m14s421.jpg,filename_date:2025-02-18,filename_date:2025-02-18,train,92631b4b126dcf2beb9effeb21a6e6e375207da835de188c45f79626142d03b3,931cde52c64b468ec669a3df39638dfd242c7bf477e5d76c33fefe1ea872f102
427,vlcsnap-2025-02-18-17h11m20s218.jpg,filename_date:2025-02-18,filename_date:2025-02-18,train,76f4fb71f0f2dc1bdeede909b677051b65aca1adb0310f32e3df887dd19c31ad,22afaeb4c128a63c776f07a6cc001a261eb06eb1499756cceb3a15f8d8c3df9a
428,vlcsnap-2025-02-18-17h11m22s054.jpg,filename_date:2025-02-18,filename_date:2025-02-18,train,7275728e6aa0725aca410377dfa6f4b54de8c6252c179a05a698d463eb0fa3b8,b79a6e8d8f256e728c72fe082add008cf15a9f2e6ce765b3689621d61fe4d6ed
429,vlcsnap-2025-02-18-17h11m23s453.jpg,filename_date:2025-02-18,filename_date:2025-02-18,train,8de5db7ef42d469627f5e3cdb9af56c61dd5b8f7d243aff408ecdab52a2dad7f,e65d01aee2299821d1325d7e7f32abd292027d681259282001a6bcc1858265df
430,vlcsnap-2025-02-18-17h11m24s642.jpg,filename_date:2025-02-18,filename_date:2025-02-18,train,1ae069927387e460d8e753306e034f52972274d67a526b170898d9660fdef7b1,2689c0d1ec8d014754e55c8875dff347a9006c3b23d53f669706faf795908134
431,vlcsnap-2025-02-18-17h11m25s878.jpg,filename_date:2025-02-18,filename_date:2025-02-18,train,00df5f85463703efe83481e8a9036b35a91f3127724bb8572e5e9eb591161d3a,11a140377ccf9f3b19f367b67b3405547eb58ca400f94e06a67c42560e25e53a
432,vlcsnap-2025-02-18-17h11m27s866.jpg,filename_date:2025-02-18,filename_date:2025-02-18,train,266b82ab68d1018e42d4af3b6bba149a1ce1b9b2ae19a72061ca5dcfe15a85c3,5dff4c301e9c44911e0f6ec956755f013bc72469c9df57cc082ffe7eb268ea22
433,vlcsnap-2025-02-18-17h11m29s874.jpg,filename_date:2025-02-18,filename_date:2025-02-18,train,accac3683e0c727e8aead0d799f7439876c39e050b9db0bd799c9a74b5b5d42a,98c989516439b4a0639b2201d70226e5e649a866255a7887e2e360ca21dc81c1
434,vlcsnap-2025-02-18-17h11m31s430.jpg,filename_date:2025-02-18,filename_date:2025-02-18,train,c7d18623b5829be9a10dbaf5b7aef4e92d1e4824e3ba8955658b6517d3c95365,346c9b8a8a08620d2ed1c9e11c3b4bb349b377f7e05309efa891a7cd7e6c3058
435,vlcsnap-2025-02-18-17h11m33s057.jpg,filename_date:2025-02-18,filename_date:2025-02-18,train,bcd06486de99723eb62204d64df5673a0ca6c4281df4c7f1aed4053f502d8cb7,4fcfa7b365d809af4d8f9df7a5b867efb6fb011ca38d4575841b0a4cf682c528
436,vlcsnap-2025-02-18-18h30m20s293.jpg,filename_date:2025-02-18,filename_date:2025-02-18,train,68fa36dddb56d549d185459dc622c2a77017bfc299ae8713f5d611ee49093366,1398c33f60c9733bc9dfef5fc65b7e7607494981c6c70ada5a8bfe15aedb2257
437,vlcsnap-2025-02-18-18h30m22s081.jpg,filename_date:2025-02-18,filename_date:2025-02-18,train,274a85c78dc5c6d174fe9e137f69a78ac451164d8cd853309edb2f6fca1bcd2a,91add4f93cc2741d24b4ef0421a666f2a23ad946e04de0a47ee38c919130d77d
438,vlcsnap-2025-02-18-18h30m24s122.jpg,filename_date:2025-02-18,filename_date:2025-02-18,train,b75ff1065084e96d1a35082b5a26b40e964f9025ed8ec1ca0bd8970fd2250f1a,af807fb96b54560a9a32c5c5e847b7b651a15fbd79fb383fe6fa276a4262060b
439,vlcsnap-2025-02-18-18h30m25s530.jpg,filename_date:2025-02-18,filename_date:2025-02-18,train,6678f94532c8306d3eeb88694cea2a2f4c73835e769ddcf2e8c49283ef0c29c2,6e77d527661c52350001bfbcf4c5f1b2c74c1c7cdbb9ecd31e1cecb6a57ba2c6
440,vlcsnap-2025-02-18-18h30m26s925.jpg,filename_date:2025-02-18,filename_date:2025-02-18,train,0bbec7aaeeae1b42bbe2e77a11cb630dfd8064d64547c9ff91dcfa21e3e583e6,12d2321e7179508b2b32775403ca687ff9637f8813e3b9659706d84a06e4321a
441,vlcsnap-2025-02-18-18h30m28s260.jpg,filename_date:2025-02-18,filename_date:2025-02-18,train,e799dac09989c68b5d0ce568913e1d4852a58a0388d6da66d83c602cce9c532f,4f1a5073115ee8936f2b0622da4904da4e11105783e7535b5e2ed0198eeb4f56
442,vlcsnap-2025-02-18-18h30m32s079.jpg,filename_date:2025-02-18,filename_date:2025-02-18,train,221e6b324e7fe5814637cb2efa04b3106371c518255af9d0f15faa3ba8d54dbc,e4c8f24064a40df02625cc08444112fe44c5df7fceed318a2157afd20329f5c7
443,vlcsnap-2025-02-18-18h30m33s080.jpg,filename_date:2025-02-18,filename_date:2025-02-18,train,11d3b41b8c07c836898c9fbc15eca5199dfcbabb99348c17bf0ff8320a29ba41,992bd3dcc6b15ab68347f851a1f39d8c1fbecff22fe65da068d6ce9f27fe4c1d
444,vlcsnap-2025-02-18-18h30m34s270.jpg,filename_date:2025-02-18,filename_date:2025-02-18,train,9fbda3b80676a82de1465be25884a54e8195bc5cf4489937da1dbb29767971f3,ffd0b3d40b4e8794b2f63508cf450e9d4694d5ff4077ac7defcfc86a4c9a4312
445,vlcsnap-2025-02-18-18h30m38s489.jpg,filename_date:2025-02-18,filename_date:2025-02-18,train,3ce7afe148c2ca63c39a2bb66a216ce1d8abd1129c114d17015b8bf30b487fae,ea6be7614c5b111ccb1215c3a7738214f87eb881819fbc9adabc294fb58564fa
446,vlcsnap-2025-02-18-18h30m39s702.jpg,filename_date:2025-02-18,filename_date:2025-02-18,train,3bcda8e034d2c40452e37d3a598803f8f7b8f6a0a24cf69ae8f17847970d5de7,80ca06b42785d0e5155c9972faf9ca6fa04040c0b8d0988d78f018e163213ba6
447,vlcsnap-2025-02-18-18h30m41s172.jpg,filename_date:2025-02-18,filename_date:2025-02-18,train,1a6a012a93c001480d2d75f071c0b143ad23f0661bda73770b3d2f55e3314f76,50d38de9a829a22d50d40bedebaabd7419833f77c65937fca419b44a019cbe3b
448,vlcsnap-2025-02-18-18h30m42s967.jpg,filename_date:2025-02-18,filename_date:2025-02-18,train,3b2e88bf8bf8dab365000061c72368e8f7773bbf752a5823f8a8ec17c4625154,7d3d84efcc8e24fd90ae2de05c38bd8592ee2536a1975e04446ae2266c604b5e
449,vlcsnap-2025-02-18-18h30m44s711.jpg,filename_date:2025-02-18,filename_date:2025-02-18,train,3fbcf82124c2c77254a876008dcca1d7e00cec0775cf32d40426282902137f2d,4b8b317f3dab3482c426d9527a937c939cbd67a146bed334d6b2c11d5dbf07e8
450,vlcsnap-2025-02-18-18h30m46s221.jpg,filename_date:2025-02-18,filename_date:2025-02-18,train,8287ec0521500510b3063171b7b5335e4520114ffe9b0735b91f3613341b57a2,2a5d52e098996ed05284eb0e60d6a2d4650f568faf4a341003e27c513972894e
451,vlcsnap-2025-02-18-18h30m47s360.jpg,filename_date:2025-02-18,filename_date:2025-02-18,train,570462154dc582deb16b70fdb4ec847033760421811ed5e65cace6c4d5eecc6a,2032dc3343d53db474746d0f448104f6fe1a89f9f0dcf999d2d44538c993cefe
452,vlcsnap-2025-02-18-18h30m48s626.jpg,filename_date:2025-02-18,filename_date:2025-02-18,train,2e9e917a3f14a3c6da8dd357511599a2200389d1e1f5d049bdbfb85ec20f6e5f,25a1f830d5b143ffdb875878b35f52fef203fa99065c166c9cfd00def798754f
453,vlcsnap-2025-02-18-18h30m49s913.jpg,filename_date:2025-02-18,filename_date:2025-02-18,train,d0fd8710d7f00d05da4e4586e0cc9921e4cf1004ac75203fa93c0d536102d50c,a5719ae169b3db8d6c7ebe06e40c88a5629b23df38bc76e542932ebc520a35f1
454,vlcsnap-2025-02-18-18h30m58s172.jpg,filename_date:2025-02-18,filename_date:2025-02-18,train,7a43620977f3b644de3c7a4c4d9607dc17eb35a3eeee4ec6d4ec305ee8ebd758,46faed36421154367873ed73a78bce1df5fbdd1878b7fc2c515707ad1de30f60
455,vlcsnap-2025-02-18-18h30m59s960.jpg,filename_date:2025-02-18,filename_date:2025-02-18,train,7132ec8d00d32aeaf6cd47db71b375a7ca79e7a9320ab09b62018f3b72afccaf,31c78012a72ff81741a3ebfc42c6fd58688e77ed8f660ac1c849edd440c48ca1
456,vlcsnap-2025-02-18-18h31m01s136.jpg,filename_date:2025-02-18,filename_date:2025-02-18,train,8c41757a3b01cf3280c37c6077da35c61e7a5b0cba8d09e8fdaa54aaeec3be51,22100f5cfaec434e7daae2d1cb76734a3f2db972360ce56ba7a4b86170dbf384
457,vlcsnap-2025-02-18-18h31m02s378.jpg,filename_date:2025-02-18,filename_date:2025-02-18,train,cf8c3dcbf4f36b3811bb1557647a860d5c7a7e84a97798e4558397d4a3f6b841,484497987bbcc8f48ea022eaa45972ba492e22d3b4bb1801cb7ebb5cb9b00196
458,vlcsnap-2025-02-18-18h31m04s291.jpg,filename_date:2025-02-18,filename_date:2025-02-18,train,9e401cedb02ee18341adc23b46cc95f2c9534ba53a9aac3f0d42ffa3d959fd54,06765f84ff0b7f7d52cc8bd44003c8ea617b34182f210495ccb90e37eb000660
459,vlcsnap-2025-02-18-18h31m05s922.jpg,filename_date:2025-02-18,filename_date:2025-02-18,train,0585c1f3e7893e54aae3c95f609f8b89f5ed8244aa964230d39d53201c363c4b,a323efb05d958bdbb06edf6b497327adb896ce2da0adfc46bc63643aa166c0e2
460,vlcsnap-2025-02-18-18h31m07s376.jpg,filename_date:2025-02-18,filename_date:2025-02-18,train,587c4b5a47ebe6be4dcc5ab91de66b51f98d0abac04901256c9dae79258a3b1a,32c992cfaf2e1e45e67665a78213f3afda730369e8b382672ff4c19f637ddd4a
461,vlcsnap-2025-02-18-18h31m12s392.jpg,filename_date:2025-02-18,filename_date:2025-02-18,train,e06bb5c97ea3440e5157440210d9a56ba791086a2b5df67fcdcaec0efeb209d5,2e9d57a70cb21e3488502732ab7d995a9ba125ffb87225c189a30ecdc5f069b5
462,vlcsnap-2025-02-18-18h31m27s921.jpg,filename_date:2025-02-18,filename_date:2025-02-18,train,cbb8b303c131cdc6def452ac00b4ad0cd839b7cbc4f7e78681d95c5915963daa,009352a4299ee45b34ee1d265f8245ca94f81cb745a1a5378002c1d8fd1dac79
463,vlcsnap-2025-02-18-18h31m28s979.jpg,filename_date:2025-02-18,filename_date:2025-02-18,train,ce7c87cdab66bde0f148ef97753e17824edc82e792a2d690a1a6cdd6e6204889,5fab5979bfeef766932312cdcd5638d7ea8d55adb3182febc1733c9c5a99006f
464,vlcsnap-2025-02-18-18h31m30s340.jpg,filename_date:2025-02-18,filename_date:2025-02-18,train,6781efe9f6e0578a4d2b4c5fd20a76a86ba507dcb47ef9dafe13a677be3d94eb,f4d99139dfa8f4d196d116afc027fab48b6b35c6c79eef56079d8423a231b265
465,vlcsnap-2025-02-18-18h31m35s101.jpg,filename_date:2025-02-18,filename_date:2025-02-18,train,b1de00121ea2e86aa3c93af8145df12db0c4d0933f19e55389c8e0c5a8bbd99c,20de5252d1b0910fcc5b5cd07534642ddaaa60219acecfe8847530cbe58573be
466,vlcsnap-2025-02-18-18h31m39s328.jpg,filename_date:2025-02-18,filename_date:2025-02-18,train,032e635be2da50b911e975b232e10cfbf05405f568c808453379f67e5bea96bb,2d969a5a93abd805f72bb4557be516e66462872c32e0b842a16ebe54d7281801
467,vlcsnap-2025-02-18-18h31m57s343.jpg,filename_date:2025-02-18,filename_date:2025-02-18,train,c128171ee3becaad16b09deeb1e5bd5e21c11e4ef6a77b6dc3edf4cf5c62f7dd,e8c09af73ff5b7e50f8e982bf96e6e624680292774540b72bd976d2050ea7759
468,vlcsnap-2025-02-18-18h31m58s673.jpg,filename_date:2025-02-18,filename_date:2025-02-18,train,db2456d3f8c124e058d468ce0aba2ced84a76700420232705d0628d8706a91f0,c7717a49dcc6ce0d97b29efef10924955c7fe40ba6c10989221cc18e8e37887e
469,vlcsnap-2025-02-18-18h32m01s424.jpg,filename_date:2025-02-18,filename_date:2025-02-18,train,f1bd12cd238747a719bc60b1ac7471829bd7feac1d7d20166d80bb3aae152df9,6af9312f2b355105411043dc3ee19297fd356dca997097c678989aadb2b520fa
470,vlcsnap-2025-02-18-18h32m03s074.jpg,filename_date:2025-02-18,filename_date:2025-02-18,train,782681ed2eba2d979087ac1a1a2de81dbb2e7ec078dabfa184599e4c62482fe6,46b60716edd14f5d82341d55459b9e9d074e5f6777aaf8a1c590addb11ab63d9
471,vlcsnap-2025-02-18-18h32m04s510.jpg,filename_date:2025-02-18,filename_date:2025-02-18,train,40879087b63af3179a3d87e542679ec5258e26168ba8735daadfc82a00a90c5c,a8b3c410fb01fc883731ffe99be1525dc173cff0f9ed2e61d54aa54b105db450
472,vlcsnap-2025-02-18-18h32m05s986.jpg,filename_date:2025-02-18,filename_date:2025-02-18,train,148ca200a629cd3e0731d7365962f9d1835b78a7eaf33cfd8bf137ad9ebf0afe,51fc8a8c318822680fda1c0fe926325f3cd5ee276f7256330cf84136e8eafe63
473,vlcsnap-2025-02-18-18h32m07s734.jpg,filename_date:2025-02-18,filename_date:2025-02-18,train,9c79348fe3a32dc2c8f69190584e7848c083a7dcef23f0b89664ca7f78474769,ea31daf397f0a610919a77db20491fed99fb6f9085ab3f4b8da9524a387cb33d
474,vlcsnap-2025-02-18-18h32m09s795.jpg,filename_date:2025-02-18,filename_date:2025-02-18,train,f4ae477bdc85968efa29158531c36e6c9a73a40517050963319a692910a2c8b2,6e0b7df3729ddb3a3a21deb2e91c2009614b3a27f2a457902472abd3c856872d
475,vlcsnap-2025-02-18-18h32m11s526.jpg,filename_date:2025-02-18,filename_date:2025-02-18,train,4a6c62cebcf910ef8eb59449648198a9ee3e9235c04a70b7ae6457fbdcb8d9d8,1be600edabac3af1a3ade1bf0fe62e7d6e5fb0b0a12b65f3e93d257ae3a98ffe
476,vlcsnap-2025-02-18-18h32m12s999.jpg,filename_date:2025-02-18,filename_date:2025-02-18,train,1469e2ecf666beabadc4361ca4b8268c3aa63958a06cef3448c7da7b96ee9592,d4c00e28fb012a1719c447855ca6856c4addd8279023698729cc1ec43e9f9d72
477,vlcsnap-2025-02-18-18h32m14s311.jpg,filename_date:2025-02-18,filename_date:2025-02-18,train,504a0868381068fa4d3aab0feb914db6dae0b8970309b0185bf41c5a7a3029cc,a4c6f7e9e0d9973855a33ebe3b9a8eedac461188e7577dcf838b25cb6a8c567e
478,vlcsnap-2025-02-18-18h32m15s452.jpg,filename_date:2025-02-18,filename_date:2025-02-18,train,04ee0c18901a038e6dde6ce70556e353ac2803d019e203dc1024ae227868cf14,80927cff5009c0b71eb3dd915f1b91154e3ec49addbd770cb4590d633d202452
479,vlcsnap-2025-02-18-18h32m20s009.jpg,filename_date:2025-02-18,filename_date:2025-02-18,train,f3d12377f2e11aabbfd99023c4eb11261cf812be4f2d98d371e33b30a8aff0e6,beeeea3faf6a7e2d1759b3f4d6000de19c1ce1bb634c9acf8422b0fb20910a37
480,vlcsnap-2025-02-18-18h32m22s087.jpg,filename_date:2025-02-18,filename_date:2025-02-18,train,6c38489a8576b907a8ace029b4e87a89831270bb60801526a08adf743816540d,e2bea3bcc17d1e80f57d4c808ed0b109ccf7fc0a4e8963282be4698174d002d5
481,vlcsnap-2025-02-18-18h32m23s312.jpg,filename_date:2025-02-18,filename_date:2025-02-18,train,5bf4c1cb53b639996e0da86e055cf3e9f293991a4bccba852cd2521834194bf5,67f7ac9d8cbe4e6342bffaeb94e954d67dd94fce25f5341c782cd4f745405f7e
482,vlcsnap-2025-02-18-18h32m24s533.jpg,filename_date:2025-02-18,filename_date:2025-02-18,train,2e68411da4e481068ed1c6f21a15f2e13f3f3f1fc4c5d75c61c03ef4f25ce987,ff2ebdeaa17a549deec57629efe31b9f71c6f2432b18e09a1ee8bd11ccd31c93
483,vlcsnap-2025-02-18-18h32m25s979.jpg,filename_date:2025-02-18,filename_date:2025-02-18,train,d812af2059c6afda25f452293e84dbec1a1b9f9cc495427ab8057abe200d2879,e1c37c436a2d4dc4bfb6995f0f37cf256aac29e36661f04a6e5a258d8efb916e
484,vlcsnap-2025-02-18-18h32m27s822.jpg,filename_date:2025-02-18,filename_date:2025-02-18,train,72fa886a0083dee08fdb9c1659093fe05f2a8f92098a424122bdda9269ad8db9,95ce07392ab85daf91baad70b3a20883e1d1f6a9479568db3661e7d01f308ecc
485,vlcsnap-2025-02-18-18h32m29s091.jpg,filename_date:2025-02-18,filename_date:2025-02-18,train,a464dfafc9fe92bcf8e9ac618563e2ba1d0d62762cf8445d4ae197d07b427590,8f7960e82d95555d28b47f1be5beba5667cba8b4d60437267d361139a03be305
486,vlcsnap-2025-02-18-18h32m30s860.jpg,filename_date:2025-02-18,filename_date:2025-02-18,train,167e4cf8de497f1f8f82fdb50afdf92cecd6d929342bdc5060d8e5cc7f9259d3,506217813aa08c8553811962d996dbd66dbab8976dd748c942d62fc434bac161
487,vlcsnap-2025-02-18-18h32m34s457.jpg,filename_date:2025-02-18,filename_date:2025-02-18,train,947fbac13b961df6e6d8d3123f8045f5f78e980a2f49d66a55720b69cc794f90,980b62f6b787cec1fe8b628cbd400f3e541702123bd3208c5e3aab42fab80523
488,vlcsnap-2025-02-18-18h32m35s761.jpg,filename_date:2025-02-18,filename_date:2025-02-18,train,333159e70873d449504578e4b2b6e7599fafca2b53f3f0411c67ad1339382035,622b9b4fed336bac68e9cd03b76a7d237ff36a08a86f4368adc056ebe3e772a9
489,vlcsnap-2025-02-18-18h32m38s603.jpg,filename_date:2025-02-18,filename_date:2025-02-18,train,84fca7dd8fb71e647630d92df4ffb1f9857c4769e78b15fb691ddeb706721d7e,04a25b96d13013177034fe26f729dd424f394b3f9624219bf2f8186e7e62abb1
490,vlcsnap-2025-02-18-18h32m40s189.jpg,filename_date:2025-02-18,filename_date:2025-02-18,train,b8cb9901c39745dace549e60f76a1db38a8053edec1f292c934053e7a0138764,57d9e931e51c6c2ad800b9388edf05880c302dc41be9832c48412381e5f67e9b
491,vlcsnap-2025-02-18-18h32m41s732.jpg,filename_date:2025-02-18,filename_date:2025-02-18,train,b7511d0a0a332b66641ec7a67123d78ee76fb09585b24fcf35ec7083ce645c04,331f4779adf5dbe18a62b6865f7d1517cd9c4d4f4fb50f6457e2010f70ddcae7
492,vlcsnap-2025-02-18-18h32m43s729.jpg,filename_date:2025-02-18,filename_date:2025-02-18,train,099ea7db9baf2d53b9ee233915e87fe388124d27bbe10f92e2176918c2cd8334,df5a8f6bef74f432cc4d36cf100b28558d316d669220a1d4f049002a70a53ebd
493,vlcsnap-2025-02-18-18h32m45s434.jpg,filename_date:2025-02-18,filename_date:2025-02-18,train,50aafb37cb3c8b30ad6726fe5f1f525f0356732f77cd34d35d6dc1e799764e4c,32908e3ded73c502c1946ce97f18a6fec22cd0d470c25e8214e5f1ffc2a9b29d
494,vlcsnap-2025-02-18-18h32m46s944.jpg,filename_date:2025-02-18,filename_date:2025-02-18,train,c0c07a0ade3009b7b4a31d61e14354d4db8319e3870235918854c7806916c734,a7da8dc58addf451a82add0fbd400d86e568ca4a2c966f6edeeec5768998e85d
495,vlcsnap-2025-02-18-18h32m48s578.jpg,filename_date:2025-02-18,filename_date:2025-02-18,train,8ef0362d2e88d94d21cc8600ef17f4495d375a05068578166629f0a8d283daa8,76e56656dc6f43f3935f6c993857fbd85775ac37ec5d02779219af6bd90a6ccc
496,vlcsnap-2025-02-18-18h32m50s443.jpg,filename_date:2025-02-18,filename_date:2025-02-18,train,8e2c0df7a45399458cca42e7d37930284453f38023a80ce93036c1de37a13045,5ae5f1512afdfcbd5fb15cb755162979fc9f7bb4d73c385a6f0edf93d959a4de
497,vlcsnap-2025-02-18-18h32m52s770.jpg,filename_date:2025-02-18,filename_date:2025-02-18,train,749ff678b4209243bb9d6e9d2326f85a1e76259478b6351ecb7ee33d0c84d353,af64dc313d490c002b8f6ef86aaf9294da5bbdd1528c578a5d66921c35a9c23b
498,vlcsnap-2025-02-18-18h32m55s044.jpg,filename_date:2025-02-18,filename_date:2025-02-18,train,2222558977503a9e0c372b6485233b2ec951215a4b39ab73688e14aa2c4b6017,fb85541e70f7c11758de87ba8ab2d22012d3962b110c327fb2d250669bfcbfa8
499,vlcsnap-2025-02-18-18h32m56s495.jpg,filename_date:2025-02-18,filename_date:2025-02-18,train,60cb37d355e9dfc1c35498f649c09258844e8da46e68160b8f1879dcc1af58ad,a5933b947dde68a41d929ceb304a554b4ef6adcff27958d249f92e1544116809
500,vlcsnap-2025-02-18-18h32m57s772.jpg,filename_date:2025-02-18,filename_date:2025-02-18,train,a3eb31031634c6c04066bedca7903ffef293ef97d2729be3b0b00fe9e0e44647,97387ca773772dbe81916b97cbe884217a18361eca5fe57fe1c4e4046662d2b8
501,vlcsnap-2025-02-18-18h33m02s295.jpg,filename_date:2025-02-18,filename_date:2025-02-18,train,bd7de92bb22b68c4013e7a0f369dd099536ea4cd9341088aceb7f46ec77a4275,75f622efdbaf9ab9bdc8018b68fac51b1520a31e0b597fef142ab27a27a0b4e0
502,vlcsnap-2025-02-18-18h33m03s568.jpg,filename_date:2025-02-18,filename_date:2025-02-18,train,ffd8ed03f6c2b4e9dd9e74d410faed627a59a51de79bac45dab95c461f068f4f,c7d85491fc85082d7998d2a0edde3562af209ec83a2373c2e0ec7f02f8283dc7
503,vlcsnap-2025-02-18-18h33m05s266.jpg,filename_date:2025-02-18,filename_date:2025-02-18,train,117b7221f39b96c5c838743709f0d2bca995babbe7132fdfb0e24183bd0d32e8,12c76c49dc24b935e8223dfdcb9366bc62147a9377bd97748224bbf0c2ee2413
504,vlcsnap-2025-02-18-18h33m06s501.jpg,filename_date:2025-02-18,filename_date:2025-02-18,train,68c91d64dec53f51a86d57605b0fe3b946bb48f8a730ef36d724df7ac0608a40,ea4dd6f7ab82139155f7f741623b54497d76784afa8f7a0830a61aeb81257100
505,vlcsnap-2025-02-18-18h33m08s042.jpg,filename_date:2025-02-18,filename_date:2025-02-18,train,19da593aebc731dc73f6c809ca5cae665eb27942ba49d6c9c710464ff16a7161,05d982ef1b62ba8e867f3de288907b358be3504ff70d6ab5c148c5a476d9d82f
506,vlcsnap-2025-02-18-18h33m09s423.jpg,filename_date:2025-02-18,filename_date:2025-02-18,train,904294e0a36d87f9e033b0850fe43051797ac7946f8a8dac54e0e2cc734669de,89734155fa99e5536df4fe4558b8728d31212d0b3c0b7a0a8ea0055b26107380
507,vlcsnap-2025-02-18-18h33m10s611.jpg,filename_date:2025-02-18,filename_date:2025-02-18,train,db168c32dcc1f25be2c640e707424fc85738e506bb55cce984227bc0b89d84ef,7df8be0da1e8b10ef3413511899cd951aa9199179dc7bcf27e0da0f6774fd445
508,vlcsnap-2025-02-18-18h33m11s843.jpg,filename_date:2025-02-18,filename_date:2025-02-18,train,f7f7971ee733952140de6ff9fd5344221e84b0df3428aca7397cbb760e24c0e4,762973f5ffc1a569edab65938f3e355574319f1f0728c5ea7683dc76133bf8ff
509,vlcsnap-2025-02-18-18h33m13s011.jpg,filename_date:2025-02-18,filename_date:2025-02-18,train,2e2dfecc32e7b5b2176912da36e5d3c479dec3354835030b4f0f60ca31e0f029,4f56b5a366cc5100f85b3b909cb57e5a741ccce1dca90bb05002d056279c7f0e
510,vlcsnap-2025-02-18-18h33m14s420.jpg,filename_date:2025-02-18,filename_date:2025-02-18,train,86ef060df51a0094103614d85e72bcbe4f788a43e8e8e5d4ae880e70c47e432e,04ae0ebba546fa6afe888669235b030ff9c91359fa13613b94150de9e330d63d
511,vlcsnap-2025-02-18-18h33m15s549.jpg,filename_date:2025-02-18,filename_date:2025-02-18,train,11106d08e051b799236e91c6544063b08564a764f94f2a13a5fd0b63b5aa9156,d39ce49746b181291b368e7442bab886457dea961daacc160893eeef89173da1
512,vlcsnap-2025-02-18-18h33m19s047.jpg,filename_date:2025-02-18,filename_date:2025-02-18,train,5c812cb1d05aa3e8fe486f807168d74d0ca2ecab782f186829963fba70a98da1,ea8c0f3f27019d1a725489f6decff1f623b087ccd9d9ec3b065ead1a453ccd9b
513,vlcsnap-2025-02-18-18h33m28s423.jpg,filename_date:2025-02-18,filename_date:2025-02-18,train,2f967488bbe57f368cdaa4beb27866d665cacb2575a20a993274dc377e2749da,d4f3262892d2d12ff9cb8b2ff25d86fc913726ef2577f1f1304a6587f1786138
514,vlcsnap-2025-02-18-18h33m29s587.jpg,filename_date:2025-02-18,filename_date:2025-02-18,train,a15483689b233658fbbd3562f91a096dfcdb3aea281eef0da7e2abb65e00653b,de8ffd8a4b7620a4aa41fd96dc5363b37dc3f2c491feb4271412e774cad6a962
515,vlcsnap-2025-02-18-18h33m30s632.jpg,filename_date:2025-02-18,filename_date:2025-02-18,train,1365abb009d35440244fc586a0baf61ae7839b3d576318789f48ec7cc00b8e37,3bf0b0ddd643438949ffe6c622e2254c8ca023a2a906e173cfad900c7bad4019
516,vlcsnap-2025-02-18-18h33m32s561.jpg,filename_date:2025-02-18,filename_date:2025-02-18,train,e553e2a177b5e2816adec3fa9921a611d55e745918d6120e1dba17ca5e0aa9c9,02aed2b2ae8ad030d355db04068e4017cea7d83c4d4153b100066991cf984337
517,vlcsnap-2025-02-18-18h33m33s896.jpg,filename_date:2025-02-18,filename_date:2025-02-18,train,4ca20f2e3d03e599cbbb738f4922d74c4305f4b43923eec08b9944b5c23346b6,2cc7c8bbcf2e56696acb986ef7ac5d14b21608d3835c05f3726aa2bb72d965da
518,vlcsnap-2025-02-18-18h33m34s959.jpg,filename_date:2025-02-18,filename_date:2025-02-18,train,de40beba064d32e215fad1f327175831490c3a6a3bf7b38705e23047c611e274,c7628250f7c3a2bb0f3911c5cd31f0abfacf33a0da916f7eab37256d79bba017
519,vlcsnap-2025-02-18-18h33m35s972.jpg,filename_date:2025-02-18,filename_date:2025-02-18,train,28dd0f8ecbea6497d5f7ed80a69cccf82bd53be9ed4d537987faa226682b7612,c8faeb9382b371b9b177778ae50cb03db1b37e4a685948dd5dd011f71534256d
520,vlcsnap-2025-02-18-18h33m37s340.jpg,filename_date:2025-02-18,filename_date:2025-02-18,train,880248b12a12d85730acebcbc734d0073b4c820da47962684f8ed039c241b4e9,fa714e4ccd973d93b59644a426e5be8b37e5d5cad168811ff7a6ab86dde17452
521,vlcsnap-2025-02-18-18h33m39s642.jpg,filename_date:2025-02-18,filename_date:2025-02-18,train,7272307da678477c98a9469d25ffde332129b081fc08404afc8ceb77639d4dbd,1b6a0dec62c87075c36b0b5caad592507e24379b491479488d39471f8e8889d7
522,vlcsnap-2025-02-18-18h33m40s988.jpg,filename_date:2025-02-18,filename_date:2025-02-18,train,e3da7a945d6bc63b1c5061f3cd987419b1968ae2dfc6992214f593cc7695c153,6ff72bade2f2be6c8a685f6446e29308f64159022f6d24f043ece9709a239d6d
523,vlcsnap-2025-02-18-18h33m42s285.jpg,filename_date:2025-02-18,filename_date:2025-02-18,train,c06aed44a871f2cf141466bbea24c34aa1f2b1e281eddf6d6c86b8a87b1b0f4a,cfd84633e638701ffbd338ba99e0624c804bd83f7bd41f194022421c9379be81
524,vlcsnap-2025-02-18-18h33m43s419.jpg,filename_date:2025-02-18,filename_date:2025-02-18,train,b5ed0345ab5105ee1d974d1b000b872317e1b572a18ba650c751a8de26e58a2e,b45dbc4bfc69c4ee99b9bdc8335786e2c606431692f7531945c91c2a837f2ca5
525,vlcsnap-2025-02-18-18h33m44s511.jpg,filename_date:2025-02-18,filename_date:2025-02-18,train,8d6b1d3cf3b522073861ff7f4d378a09dfc07d9e9d3d97346a4a7128f68537a8,6f6c82e43388f57c636cf673ab754005985dc69de19dc2254df5ee68add3866b
526,vlcsnap-2025-02-18-18h33m45s570.jpg,filename_date:2025-02-18,filename_date:2025-02-18,train,40c9f5bc931a776513d62fb9037bd09c3c5589c9bb634e5888c9214da5989906,df706f93f403a20ef060dc0a86854645d048732d0273fedda9a2c49fc11c66ff
527,vlcsnap-2025-02-18-18h35m39s859.jpg,filename_date:2025-02-18,filename_date:2025-02-18,train,04216ca6988149425a2c7f68d19ff9ad27a66c6d3c53fead320219053f4581df,a17f26ce7c380e4f32e5a2603474b47a3799ae2a874fef2adaedf99226fb86b8
528,vlcsnap-2025-02-18-18h35m41s926.jpg,filename_date:2025-02-18,filename_date:2025-02-18,train,46194adac3c9268fdb8586226c24773702fc01530668f2283f4cd1e96893e23b,0aa780c9efcc56c66e7ab5e43483d5253996b1ff1de9ff545efc15dedbd336c1
529,vlcsnap-2025-02-18-18h35m43s212.jpg,filename_date:2025-02-18,filename_date:2025-02-18,train,848ddb872d653e382ba952e01698610a966c380ea42e1246c1e2cb05d04da7a5,46d3b33e513c97b37dc8bdf84c59f87b80629ebff8b866513391f5f4f1d27486
530,vlcsnap-2025-02-18-18h35m44s671.jpg,filename_date:2025-02-18,filename_date:2025-02-18,train,97d4770d9c36349798ecfd245766e7e4bfe5a30d4befbcace65a2aa5e4772e6d,7d4871f3e07f5dcb71cb9b837b7431ed933d160eba5a4b09438fb8bf4e78fec9
531,vlcsnap-2025-02-18-18h35m45s790.jpg,filename_date:2025-02-18,filename_date:2025-02-18,train,be3f90f28f636063a65016348829c33c42ed970b232e02aa4f16a92885659c0a,f1b4e5716bd4f8ac4506f4bf02ffcdc2a8855d91312ef347d8492c1ee0cd37aa
532,vlcsnap-2025-02-18-18h35m46s956.jpg,filename_date:2025-02-18,filename_date:2025-02-18,train,48c7c541d42a310a163ddd851bb8f890d41367975f4756d6ab6ea7b42d2fea58,31723d767d6209743e312ec2b1f0239c5bc7b3d9c1e4e514d031fe44c8fcd116
533,vlcsnap-2025-02-18-18h35m48s739.jpg,filename_date:2025-02-18,filename_date:2025-02-18,train,55effc39f4820e32b758ea77da435174c99dd23d49ba0567178eb93ff8fb8eb3,e3c0dfe2231a968ecc05b8ec6adaceeaf5bebb65fe7118075a6ed924b7848a61
534,vlcsnap-2025-02-18-18h35m50s697.jpg,filename_date:2025-02-18,filename_date:2025-02-18,train,c98bbf037f5ebc26e61896619eb78ee7fb12daf3f3feecada7c09087b88c58cc,429930ad3fa269ca58da23c10f2ff85fa13470f04b201ddcdd9bfbe735cca6a7
535,vlcsnap-2025-02-18-18h35m52s235.jpg,filename_date:2025-02-18,filename_date:2025-02-18,train,b06d09d1336e9ce52c27ad9e14100123b766297439395037478f3d898934d0da,acbf93d05656d1c10c75a7b1d6a41a4fdf2ec63991b32c8b1c16412553f7d128
536,vlcsnap-2025-02-18-18h35m53s406.jpg,filename_date:2025-02-18,filename_date:2025-02-18,train,8311080c6f876d63eb4d39a6bb613fb4361422c92021041faab476e2a23311ef,f7fd1894b6ff3ad8a0fdf543caad279fa4fdfdfaec6a55de083775a4ab848b20
537,vlcsnap-2025-02-18-18h35m54s666.jpg,filename_date:2025-02-18,filename_date:2025-02-18,train,8d1351a80ea990fba28436f5403a22cab16242a31aeddb54785f0c409331051a,dc408be2ac0fef19dff51fb2f74a6b5eae2af67e92f6b2c1dd9699c9708fff36
538,vlcsnap-2025-02-18-18h36m00s225.jpg,filename_date:2025-02-18,filename_date:2025-02-18,train,0ebcb802aacf5ba4768942086b2f0b47a1baa79965cbf266eae3ae19500b8386,bed293896cb90e1a2a4e31688080078183d2ea038305e781582581a7c0749e3a
539,vlcsnap-2025-02-18-18h36m01s579.jpg,filename_date:2025-02-18,filename_date:2025-02-18,train,0517399339fd7be417e5c76faf3a86d3d22d7d2fe52295be150e6ed87ebc6a12,4611ebfdc0e682afcc78d89dcbf1d3f14e2360a59db02f7807d03daca3ac3642
540,vlcsnap-2025-02-18-18h36m04s163.jpg,filename_date:2025-02-18,filename_date:2025-02-18,train,04aac850efcea981720c59e21a53fb64be83a0891a3ce35560491f5526f10e1e,38dadc8c4a921ce849f2bffdade3e445d0e1c5af5e1219009bb2988ba66bc1d4
541,vlcsnap-2025-02-18-18h36m05s347.jpg,filename_date:2025-02-18,filename_date:2025-02-18,train,5593db63c80568a7c16392a06ba5052f6c1fbb5cc45cea0e0f65da8366ed5f5f,ac4b1c4367bebc09e8f213cf3b5506563df123df1e19bdc184631edac9d3d4b5
542,vlcsnap-2025-02-18-18h36m06s732.jpg,filename_date:2025-02-18,filename_date:2025-02-18,train,77d3b46ac32da923d57f765d008be8e44ede98d27ec8d709b9178237608ee5ef,52627ad4dbb870421dc5f0e4920bb50566b1d275a7c067d814a03d13ec4a308a
543,vlcsnap-2025-02-18-18h36m08s054.jpg,filename_date:2025-02-18,filename_date:2025-02-18,train,6d59aa885a2f8162ccaa9ed8ec8a2527c3d4f1e438688a7c2ff71c0f8119d8c5,cb9100e60383ddba1cb8508eee5784179187bcaee8ab8b08e988efaeff25a8af
544,vlcsnap-2025-02-18-18h36m09s361.jpg,filename_date:2025-02-18,filename_date:2025-02-18,train,546f573c94ebf89f9d013f24d44522ad58e9d178c778d7cbec3551f74070782e,bb719e46cb1634c8f4bcbdf3d735c4b9df388126363cc6e4867031e62ef69545
545,vlcsnap-2025-02-18-18h36m10s641.jpg,filename_date:2025-02-18,filename_date:2025-02-18,train,f0a2cbcda4ec20c9c41e0d1d2b3e0452b238bb9421f74990c11c44b2d1384c70,ccae9558885dbbdab965f082da5f3bd02d2805314e13fffe91e60b1df0454f07
546,vlcsnap-2025-02-18-18h36m11s989.jpg,filename_date:2025-02-18,filename_date:2025-02-18,train,5964ae358e16986afd9db966ac02d8dccbcc23890f5f5b943aba440e6e6f2ea5,5d2fa02b0a2fde9605e94d898c914e8b4fc076ac402dd573f1350b61484185c9
547,vlcsnap-2025-02-18-18h36m13s453.jpg,filename_date:2025-02-18,filename_date:2025-02-18,train,08411fb64e746abc374e68427357abf6516c612b2b87a79821b28aaf6e30d724,b938fc7f356e4199560cfc53c340a7f9f7ec10583e55b478cd5f569bc75b4f7c
548,vlcsnap-2025-02-18-18h36m32s090.jpg,filename_date:2025-02-18,filename_date:2025-02-18,train,97dac162a0663b5035246c50ef7f20591e1426418f9e118095f2fd1a5ffaaaba,3580dbd5119e169f45ff8375b0e4e177013b1b14c93af5be85978ffc2e8b4351
549,vlcsnap-2025-02-18-18h36m33s926.jpg,filename_date:2025-02-18,filename_date:2025-02-18,train,0455dac58ac3a1fa925df3153d161118bd0af58deb45962f3f60cd512e7b2015,da336e5680f805aa93e5fafe7fdccaaa929195916872bb1629f5192d8a8fecb0
550,vlcsnap-2025-02-18-18h36m36s724.jpg,filename_date:2025-02-18,filename_date:2025-02-18,train,9253ce9ed359cdd0a4e42ca0adb2da1482127e8acbd6dcf900fe216176fbdef0,c5e737b9c0d16ef4197dd0e2fc6fa64d023024c285e9aa79e69e4c1e644c59d9
551,vlcsnap-2025-02-18-18h36m38s179.jpg,filename_date:2025-02-18,filename_date:2025-02-18,train,5f8b1842ef3e438984d07829def04a90dfeab5dbbf8821c527eafdabebd80227,f1f3b7539d217fee4bd78d7a19f9f99b9e623647633b1f7d86ec3dfe79b1c621
552,vlcsnap-2025-02-18-18h36m39s442.jpg,filename_date:2025-02-18,filename_date:2025-02-18,train,a14b396a7c20e56ee46253f8e0ced36336f03aea8bbcbd0ca64a78d25ba205ed,72e263525bb1e26fb29d6ed4d3ff5c806cce68002a7af4e45ed39fba6653d64c
553,vlcsnap-2025-02-18-18h36m40s884.jpg,filename_date:2025-02-18,filename_date:2025-02-18,train,46dd14a08b39b76fab0d0b82da573d105f8717fe9427a8152c822902775efe56,b9d7fbab5ccd609f28322291f1d804140c380c284c74b2d3620089f5257c1eaf
554,vlcsnap-2025-02-18-18h36m42s188.jpg,filename_date:2025-02-18,filename_date:2025-02-18,train,4c48ee7b3ea02088567c72e8ee84de24cb1ce1b5aed17bd4c53975fb4d563b74,bdd9e744dbac8ce8e5d6a4e8339d8d4d07d4ee342003513dc65efaeb4b557e19
555,vlcsnap-2025-02-18-18h36m43s596.jpg,filename_date:2025-02-18,filename_date:2025-02-18,train,3c48d39a7e372e6b2e549706c362280a91be91cdaef31af0ee84612244e6fb6e,1ef0ed1566bec84d865f9377b899159250eeb705fa0ec2cfff9666c4a929bdbe
556,vlcsnap-2025-02-18-18h36m45s242.jpg,filename_date:2025-02-18,filename_date:2025-02-18,train,91632e7d34a38e58ecf900fd4a2a6f1e3c28832217ff98205fefd87244082b5d,07bb1ec891a870f43d10c9b746859c5633f395e55abd8c71f61591c5ee8a453c
557,vlcsnap-2025-02-18-18h36m49s631.jpg,filename_date:2025-02-18,filename_date:2025-02-18,train,27d1411905278977500bb27f9c1c005a0816a46131e3e284836806ec10f54156,d9549829d38cc16d0f106ae9314e729c06c17e043d233631f1494ee2a98f1a43
558,vlcsnap-2025-02-18-18h36m51s018.jpg,filename_date:2025-02-18,filename_date:2025-02-18,train,04ec0df65a0d6cd4318d061fdc699f60a9119263e68a333c6086eb7c461936d6,7ee05a8b53fa13796b0f1f081032cfad76ee291b5c9a8e3357bf6dd45d8708a9
559,vlcsnap-2025-02-18-18h36m52s335.jpg,filename_date:2025-02-18,filename_date:2025-02-18,train,c250c746939e817017354d51d3986d7a3e768f135e1f635728acc2c81572c814,986f1a1ba9cc9d8dab4c1b5fd05af9261eb4ac4f6145caf808405c1071bc41a3
560,vlcsnap-2025-02-18-18h36m53s784.jpg,filename_date:2025-02-18,filename_date:2025-02-18,train,b4173e57cfd57586a98b4da95f0ef06c8247ed8af827774f3a71f1768a38146e,1ae79186661a0ed9b19bef31d43cd092c78f370c7e8d9b0221fb533bc60cde8a
561,vlcsnap-2025-02-18-18h36m55s083.jpg,filename_date:2025-02-18,filename_date:2025-02-18,train,4c5b68ff95c77aceb72bfbc230159842b11b17554d931b4143a380ddded0ed00,4b1585d3e634b56e2109c62355393bd2c1202d1a2433106eb283162cad373a49
562,vlcsnap-2025-02-18-18h36m56s301.jpg,filename_date:2025-02-18,filename_date:2025-02-18,train,45c7d407136008f80378a7ee09818a5d5b051d632939cf0e1aca643f060b76bf,29642c685355c49ff11d9f363e6f3c1c02abad24abf059fc63c389ba607e1f77
563,vlcsnap-2025-02-18-18h36m57s439.jpg,filename_date:2025-02-18,filename_date:2025-02-18,train,2d8d8bd82385b1a9f23ccac8a61880e37aa6c64808153da23cb03ac2078013ce,69079bacaf24bbeef8c29443cff800b28ca9e6ca0705e9edfdca8448a14e55ca
564,vlcsnap-2025-02-18-18h37m00s293.jpg,filename_date:2025-02-18,filename_date:2025-02-18,train,5c3875f1618415cf140b3e47fdf5148bf98a97dcf25d6165b9c9b197f16d2934,2cfcbda237d2c77e313f379aa12728a39db4bf456729ab22a3e104f681ef3ef6
565,vlcsnap-2025-02-18-18h37m04s156.jpg,filename_date:2025-02-18,filename_date:2025-02-18,train,2f110a36e4835ff00916a5bd65067736b6d127465235f16d758fd405f84de752,272a8f421689551f769cc0e0c3d8a1d262cd1e6eb80dc0ff4d35759d42840d3b
566,vlcsnap-2025-02-18-18h37m05s599.jpg,filename_date:2025-02-18,filename_date:2025-02-18,train,ea89b224865cc462da156971dabd36805859c5d390a6ebc2442a6e1b3a895ec9,d208a55baa63e1f525bbcbcb42d5e116f145c5b5cf2c9ccfdd58d64037eb2501
567,vlcsnap-2025-02-18-18h37m07s201.jpg,filename_date:2025-02-18,filename_date:2025-02-18,train,30a0e080c66a670c6db4bbebaeb9d430befefdea986cfb89a5bbeb99082735e1,8c2e3d45e9f2e05e3834ecc0defa0d22261f72aa36cb1ad9643435a84c62bf65
568,vlcsnap-2025-02-18-18h39m25s704.jpg,filename_date:2025-02-18,filename_date:2025-02-18,train,3d51748803c96124de7c400b3ea29544065d714a1999893af22661c811ba1a7e,1e9decd5bde901d8f99fd8fb4987e9c8cf942a4e53cdd99ccead4b325fcdb220
569,vlcsnap-2025-02-18-18h39m27s314.jpg,filename_date:2025-02-18,filename_date:2025-02-18,train,1e36125f50e2744145407871772119158f5b2712c8be64e0eee68146103c5955,5316fa88f6e2d0b9f4151913e86e8e589e6fb094f2c673ca449450005aadde32
570,vlcsnap-2025-02-18-18h39m31s815.jpg,filename_date:2025-02-18,filename_date:2025-02-18,train,0946836e688b8c02d58770bec969016832446d868f9d416ee580b4e7ca82ba3e,eccf3ac7090d065e16bcb53669cdee50dddfe845d5b86dda30a9e70e232a7dc0
571,vlcsnap-2025-02-18-18h39m40s802.jpg,filename_date:2025-02-18,filename_date:2025-02-18,train,2d40bede2d8ed351095c4e387a439eee2d8f0fcf7f0da30b46b0cd7b06c0ce56,5f342dd3c8f29fbc69213074304953bb5395013d225effebd1ac75a3218c1ec5
572,vlcsnap-2025-02-18-18h41m15s573.jpg,filename_date:2025-02-18,filename_date:2025-02-18,train,398b07e2b6ed699dc4206ca4d7c801d8dee64f5b69c3baa4cca1d749a1624e9d,c8a059c8c639716e56d1b7ebd2158769b22845ba0dc81e91a2624153a10b23c4
573,vlcsnap-2025-02-18-18h41m45s164.jpg,filename_date:2025-02-18,filename_date:2025-02-18,train,14455188083fd5f9a7635888c60707b471bd3c0d02cfd7c17df62e6290d3342d,b17e4ac44796d83b3c548e9bc0121d78cb1cca684c6f5d4e25bd8c2eca931566
574,vlcsnap-2025-02-18-18h41m47s916.jpg,filename_date:2025-02-18,filename_date:2025-02-18,train,a6ecd61e38ba4237a7e7666f3a2b84657cfea20b3cbe2bba98479fbb1401215d,fd67b8697dc269fe72b04718774ca2501e2611124973b1aaa0de948b54b62860
575,vlcsnap-2025-02-18-18h41m49s636.jpg,filename_date:2025-02-18,filename_date:2025-02-18,train,0b66bfa0a5755c5e262577679d84ec2f9e30da087c98f446c9a8cbbae77d8dd1,e9ab80a8e01cd8a81347b894591f2a3c2064f8c84f8850d473548947f7f6ec3b
576,vlcsnap-2025-02-18-18h41m51s405.jpg,filename_date:2025-02-18,filename_date:2025-02-18,train,a90176d4c36cd9e096c23fa4e470fc597c183ecc1928861b93a4396da7f7ec99,39ebc7cb2eeee211998739874978f4ef3a4a1b51d923d55c00dafab67223d922
577,vlcsnap-2025-02-18-18h41m53s550.jpg,filename_date:2025-02-18,filename_date:2025-02-18,train,667ba77c2a7de0f7f9cc6a1f7767ea3650900172341393aeb9b9c9b5024e3015,3c070878f9f1fc4311ca1469394cbfc17be598fd4edab56076b30158e56630f8
578,vlcsnap-2025-02-18-18h42m05s755.jpg,filename_date:2025-02-18,filename_date:2025-02-18,train,8c1f22940856d3d4071e13e01909d39878731ce8dbc3ced927f6b73d54426248,bd4e7e6e8872a7bc423c46118aa2b72d4b0b87e842b7f4c87235994bc2791742
579,vlcsnap-2025-02-18-18h42m07s246.jpg,filename_date:2025-02-18,filename_date:2025-02-18,train,37746c32815b803bd2cbaba6e33e9a4a6cd4dcdb8d16431967be93a8fed0c69f,f446ffd896a54c5a20246ec5f0ba2c3775481b9a0b3ed437dbfc199c62f16e7e
580,vlcsnap-2025-02-18-18h42m10s120.jpg,filename_date:2025-02-18,filename_date:2025-02-18,train,abb7d378e995c72b4b312f77faf7b5d45f4885a9e12ef266d3eaa50c605b1b73,951df38852ba69d14013639cac01ec37d44acae0703efa154f02f53d01bd30aa
581,vlcsnap-2025-02-18-18h42m11s693.jpg,filename_date:2025-02-18,filename_date:2025-02-18,train,b2530bd8fdb3a19a212e4b78ece4451097ec167ccd5cc6fad14a14741e711652,e8285203e593b82597ce4ac0ce1c7a148d9d2c808516df8c059ebc000c47297e
582,vlcsnap-2025-02-18-18h42m13s186.jpg,filename_date:2025-02-18,filename_date:2025-02-18,train,79ce6ed0abd5e3bd1ebbd196e8d63770ae0cdabd7aac883cdb87566554473efb,ad43f1213ef8164ad8e30b0f2d0522c4a5c7fe1c1f062f23b7fbbda12dd4f2fd
583,vlcsnap-2025-02-18-18h42m14s982.jpg,filename_date:2025-02-18,filename_date:2025-02-18,train,882021dbd43610205c0f1767b3037506ae441e344fb250d2bb603ee03b90611d,9bb24539a08dd42571c5ac86219eb6e5d0a48d89469e32fe350dd397dedd91a2
584,vlcsnap-2025-02-18-18h42m16s877.jpg,filename_date:2025-02-18,filename_date:2025-02-18,train,d28bd55a87fc397030b2d5a29bdb99a46fb5d427ea348a070ed04fe63a017449,6d858cab1f6e534eed6683386387c94977156479b67b983a2c7dccdb1638b0cc
585,vlcsnap-2025-02-18-18h42m18s629.jpg,filename_date:2025-02-18,filename_date:2025-02-18,train,5102b0fcd378d36212cc9fed9a8e66c66dd2c251541411432482df0f58139860,3ab6d2714c0fa4db01aeb59a5a80e39c265b7e9c8371c5ee86e1302f47df3ebb
586,vlcsnap-2025-02-18-18h42m19s999.jpg,filename_date:2025-02-18,filename_date:2025-02-18,train,4ad12029bda81631f14da0f381ff9eabeca28e4bc20bf54773dd19ce17407a49,8a7c9928e5e9a832fe1977cbc4fe207aa6af18be5e586953e592963131b511bd
587,vlcsnap-2025-02-18-18h42m21s488.jpg,filename_date:2025-02-18,filename_date:2025-02-18,train,1a9373c4445d273c353a4b853f38777210daf1fb9a1b7b877f956c6c0d6033f1,84406b8acfd94790e1c20246c28a838a80dca93f086dbcb66103a80f8508f279
588,vlcsnap-2025-02-18-18h42m31s666.jpg,filename_date:2025-02-18,filename_date:2025-02-18,train,6f60e8117018dacbe98ca9a9f8d31f73059cd014a10d67ef3894e3a017074890,35b6e67865bd45cdaab057771f1d64bfc4771fd5a1d37f417151975b3e341011
589,vlcsnap-2025-02-18-18h42m39s599.jpg,filename_date:2025-02-18,filename_date:2025-02-18,train,3977997a0fbd1b8244802c2297e731d17cc05b19b0d4fe2b57f70376b6524698,6a1865e8b720e1429bf77f873a6762d964bc48ea61227608401ca8f495d41bcb
590,vlcsnap-2025-02-18-18h42m42s550.jpg,filename_date:2025-02-18,filename_date:2025-02-18,train,53614e756e5d05de37d61895ed496f32a7b9168a46f48f078dac08293e653596,c5e7d3a1e3a3047c33ac75e4cba0b8983b58c0930fc4ab3174aaa34cfe7c8799
591,vlcsnap-2025-02-18-18h42m44s201.jpg,filename_date:2025-02-18,filename_date:2025-02-18,train,658e26d9e20c767712fbdfa451d186732b3121fc517963dbaef957623333620b,75d814438396b72f563bf7dc95a7d6a5a77567e5c3a64996fe732c4b016a6955
592,vlcsnap-2025-02-18-18h42m45s663.jpg,filename_date:2025-02-18,filename_date:2025-02-18,train,6ff878877358069262f1f74bef0edab15f4a4abdf311a9d5712235e7bc8720a6,3e56a6de29e1ff6908966454dbe9f99307e0024073184514ec03b166e685f27c
593,vlcsnap-2025-02-18-18h43m10s582.jpg,filename_date:2025-02-18,filename_date:2025-02-18,train,36d491f554545620f68cfb16fc13747e673b33892d701c6cb9e407c0976651ac,5763d165690760e08572265aec892da82abaf88cc08a2a2d73eb97a177c8ef12
594,vlcsnap-2025-02-18-18h43m31s352.jpg,filename_date:2025-02-18,filename_date:2025-02-18,train,69674a4d48937c32b1d0634128ac1de1f3bf7cafdfb70dcb8eea3ff586f6a979,2d6c96512e34c6e30bbc6d1edb3517008c68b4dff2888ea7e642a1bbbc683702
595,vlcsnap-2025-02-18-18h43m32s772.jpg,filename_date:2025-02-18,filename_date:2025-02-18,train,79989d0abfd9b88d1b8a4ad9fcfbb2e648a896f23d12183b83a47a561bff9fb7,32ef4f9d0fe0d47309dd628b306fea6e3248fcfee325b3a783dc1569ff6ccdb0
596,vlcsnap-2025-02-18-18h43m34s241.jpg,filename_date:2025-02-18,filename_date:2025-02-18,train,bb246782239675c1ab725407da75e786984fedd82599cc233446ce40ab1837ef,c48cc682f211080db4cdcb8073958a237be19508b64b0385d419fd4858ab69aa
597,vlcsnap-2025-02-18-18h43m36s432.jpg,filename_date:2025-02-18,filename_date:2025-02-18,train,f107d1937c618e2b3a7d01a3ea4668b9f019ddf60cc6adf1220e7d914803bd39,ef986e7c673925fa3e90d42508973e799edd4efd64c9c9729830885f0b77b378
598,vlcsnap-2025-02-18-18h43m38s674.jpg,filename_date:2025-02-18,filename_date:2025-02-18,train,5be2e76e12cd929a9e4b4e6f3c9c59d8544f6f5113647b12cc22e546dd23967b,cbbbcdb808fe8cd352b8be7ec119bf3b0891aceefa2a57e7aa8568e8f1426e6d
599,vlcsnap-2025-02-18-18h43m41s557.jpg,filename_date:2025-02-18,filename_date:2025-02-18,train,9f629e48e650c8540e706b23573a4e9389029fe6c0c7759557ffc3be7b852060,bf343c2790a33ee33de2c879497bda170bd9d5faabd4b58e6f35cbd8590eaf79
600,vlcsnap-2025-02-18-18h43m42s937.jpg,filename_date:2025-02-18,filename_date:2025-02-18,train,a589d939ec0e2039ae3dd435c10d1ab01d3c5ecbdc291f0c390c8c6b87d78a87,593e6421924b44722e7e2e5788f4f99d9d7f4abbafe0a0ad7b742e0f9a578dc6
601,vlcsnap-2025-02-18-18h43m53s428.jpg,filename_date:2025-02-18,filename_date:2025-02-18,train,0f50e025bbe6641ca7e8315b2cc79aafdfcc90acbb74b6f41080c758eb1af72f,f904917b44fdfef9502ca3ad510d58330882f2ea31bfc5f059d586400354f6b0
602,vlcsnap-2025-02-18-18h44m24s625.jpg,filename_date:2025-02-18,filename_date:2025-02-18,train,03f60b07e7f1cb0a71a837b45fad667e99b2e18892d69f401b72dd682d27547f,37ad24da0037d6a5499bd66f087fe5c1931f0901a7a8f7264302fbd71db3e08b
603,vlcsnap-2025-02-18-18h44m33s363.jpg,filename_date:2025-02-18,filename_date:2025-02-18,train,14998f4094b8be7ff057490953dee9d21ef8da90c95e1c9c9769a859387653ce,fb16ec8ed021f31f3bc96fba75c9bbc1f7cbbc28a0229b36c52008a48e9c811f
604,vlcsnap-2025-02-18-18h44m34s681.jpg,filename_date:2025-02-18,filename_date:2025-02-18,train,9504b2271f36b0146b37c02667f8fcfb3f67ae5a3821129fe021bc8daaaf8c51,abb1e4e752eb968411caea20d5c23d4ff96627737a64341af2cb00acad50b1a7
605,vlcsnap-2025-02-18-18h44m37s483.jpg,filename_date:2025-02-18,filename_date:2025-02-18,train,d60b9506ec3a06a871e4b2250033d96443fd079dc77c1a1ca7f652e6b75709b8,5291e5bbef6dedbc2c149341ce3afaaaecf5b4569286a6721f007429d049f3e6
606,vlcsnap-2025-02-18-18h44m45s268.jpg,filename_date:2025-02-18,filename_date:2025-02-18,train,4287154051db430cf5cc43b777445de97140c7e1e135986d56f200405637edff,108401ae2099cac33d1d9e504be3ef36213bcde7d7371a0f4a556c33ac3b0961
607,vlcsnap-2025-02-18-18h45m09s626.jpg,filename_date:2025-02-18,filename_date:2025-02-18,train,b5fd7ecd0eb444de0f6fd57379c75f5eac639016f66b7601ad82499eb4a8a0ac,7f2fa9d774059ea9844b564231cb88d0bf3e6428e07b3143ddc1ed519eb07e65
608,vlcsnap-2025-02-18-18h45m11s421.jpg,filename_date:2025-02-18,filename_date:2025-02-18,train,cf0019d00ee257c9916df8eea359697593d4c21a7d789f0e07b1da5c53c28aeb,7aa726e4d44ec1e586c364bba4bedf5df7fef0188d785c80a366e1388f2607e8
609,vlcsnap-2025-02-18-18h45m17s416.jpg,filename_date:2025-02-18,filename_date:2025-02-18,train,0a69ba63c46da8f3291bbcf2144d0cc0a75222aa9f63bc73034dd94824e7f129,d5a89304e93dddda102b46a04b431e46638d5473b25bc526560503fdb067869c
610,vlcsnap-2025-02-18-18h45m19s766.jpg,filename_date:2025-02-18,filename_date:2025-02-18,train,4bb50d2518d4aff47351058711715d1ab7578543cb8ccc4025f7a7aef04d07e0,08beea774a02ef207dcc364474f08d2d5378a21da2547dd77b3760da71497dde
611,vlcsnap-2025-02-18-18h45m31s395.jpg,filename_date:2025-02-18,filename_date:2025-02-18,train,d847faed1d3215e26304e5cfde545c240eec2d709327856524e615b59f0415c4,ed6e12564c59bcdefb38d444538fc73efc3afa72aec590fbfc7fb9ec39a7902a
612,vlcsnap-2025-02-18-18h45m32s915.jpg,filename_date:2025-02-18,filename_date:2025-02-18,train,fcc873635491ec65552c05fdc572975a1967ae7aaa76332689488ef12e2a8fd1,1fb388a0ef291ba7bcb43e496e4a5345dd83b1279702c7bb37a5335f9c1df952
613,vlcsnap-2025-02-18-18h45m39s322.jpg,filename_date:2025-02-18,filename_date:2025-02-18,train,a0e133a777a24cdefb9271e7e50062d210da9e0ac9375efde39a842e4c8a02d0,35fb80253676105991a86b933dd79a252f9815069d356f4be018d0dab750d26d
614,vlcsnap-2025-02-18-18h45m41s037.jpg,filename_date:2025-02-18,filename_date:2025-02-18,train,2f57a73779b236c2bf5611fc2b8aa0c5cf1e0820a91625bc559f88cfc3565fb0,9a5fb29da3f4d0e485d5e3821348899868e094a0fa2025dbef3b864d53171fe4
615,vlcsnap-2025-02-18-18h45m42s458.jpg,filename_date:2025-02-18,filename_date:2025-02-18,train,17a42b6afee3a4c55f82210e6a7129ae7499defddc5faa32cc53eae0333ab50a,6245b1ab6cf0f1fd4e3ad2aeb93897001374f6c96a269883d11e1791ee28e3d8
616,vlcsnap-2025-02-18-18h45m43s851.jpg,filename_date:2025-02-18,filename_date:2025-02-18,train,be79bc365f4f1135ca3c7d0e23b630e5f397fed1b0dcf90190ba080d6baf3c91,a9cab1868f3f3f98380aa9a3cef3bdb69ee5ac286443b3b0fd2d3bee19e5a334
617,vlcsnap-2025-02-18-18h46m11s900.jpg,filename_date:2025-02-18,filename_date:2025-02-18,train,9414d19c1fb34d2ca1603d0cb5b258b6fe089c284f7014198025db00b28393b1,a62a57cca809a0783bbb10f73dafdfc96f1c00f6dd66ff2df2a03745213f847e
618,vlcsnap-2025-02-18-18h46m15s017.jpg,filename_date:2025-02-18,filename_date:2025-02-18,train,401d4820adcc7ae113be57f83bd54b6b722cdbe892bfccdd686b9761ac42a6f3,c4617b545c356202c5af7aae5f7ae6ecceddaa1d5a123dee57ded5b407c10b56
619,vlcsnap-2025-02-18-18h46m16s677.jpg,filename_date:2025-02-18,filename_date:2025-02-18,train,0202155824f62a9b94152c26947effe4fc3f5d456834ee502a2de67a33d6ae51,283492db63e29dbe9691d373e24bb2cb821c9da0b5f457ea189cdbe012c0a252
620,vlcsnap-2025-02-18-18h46m18s546.jpg,filename_date:2025-02-18,filename_date:2025-02-18,train,1cf0a0562f3da0af3f5b39b6450f365ee387fe8ff7841ea175630d6549ee06e0,d2b850c43a21fd708db6e243cc4cd594b55fd078a2799448a5d4f7f883987cb5
621,vlcsnap-2025-02-18-18h46m19s659.jpg,filename_date:2025-02-18,filename_date:2025-02-18,train,88f0ff6e3ad40875c294da10546a5a8ab0440a0720461ecf0a0e5c3428a73c59,95970688eddf7f190ae08f0a05cbb6a392fd39ce81a80eb7f33dedf1bff83b53
622,vlcsnap-2025-02-18-18h46m26s105.jpg,filename_date:2025-02-18,filename_date:2025-02-18,train,588899ae65366e2c62da87dd9f41efb7ae9816744a1ecbafd2b14eae2b4eadf0,867eca1103579824bc2f23e35cc12f2081ed2bdbefd52704dbe30f0dcf0a8d04
623,vlcsnap-2025-02-18-18h46m27s425.jpg,filename_date:2025-02-18,filename_date:2025-02-18,train,c15a387bd1b4828cb083b56d340c745dd44d0efec9374d05f3cd62fbc4b937ee,f418cd6e309eb8c04c42681d4c22a2c623fee9c4bbf07509c83bc613971adc77
624,vlcsnap-2025-02-18-18h46m29s004.jpg,filename_date:2025-02-18,filename_date:2025-02-18,train,50fe1d881b706ee99b528a086519a103e7c606ba2aab304c98510f39d328cc1c,237b62857b23978c994aa2e4506bfeef8718d9643cc0b963fe451a26d3df2575
625,vlcsnap-2025-02-18-18h46m30s755.jpg,filename_date:2025-02-18,filename_date:2025-02-18,train,bf7d590a87c01cb342d36d2ba06f001ad71480fa7e041589016f47d6d4af968f,8b52d83cc85aef0309d8ff07dbb046d9c307fb181fa8d7f4c1a9a5db9a545350
626,vlcsnap-2025-02-18-18h46m32s833.jpg,filename_date:2025-02-18,filename_date:2025-02-18,train,e0317588686600eb4b96f7921e7c4eba8f559dca74294f63a43f3f3d57de1ace,4c5ed9523157c585fbba1e2457c470ab37b553ed19bfa94bfcc662e6163fc2ce
627,vlcsnap-2025-02-18-18h46m34s348.jpg,filename_date:2025-02-18,filename_date:2025-02-18,train,aa90bfbdb70c51944f2dfa56b066d50247b78e9d367d49cc55878906985057f3,d5eaba7aaccb4b985f9069dd2a98b21d64547df11b8b09a329de0663c9e54974
628,vlcsnap-2025-02-18-18h46m36s059.jpg,filename_date:2025-02-18,filename_date:2025-02-18,train,ebfb1dce0d175c9e4d0c03eafd7dd8192381bb95dbb30d685aa7d8a3d2fe5d03,b687d7fae16f48d95a75fabe214ccb81763304a52f10101b702c2d8b45e1c8d0
629,vlcsnap-2025-02-18-18h46m37s488.jpg,filename_date:2025-02-18,filename_date:2025-02-18,train,a32a530fa5393f0fccfb8a34663d2bc4eacef8f8365b59a2299e558102ed1a8d,a8ea3a83071b1c1c6184bc543c67eb4fc185838870040b9b32451443bbbee341
630,vlcsnap-2025-02-18-18h46m38s911.jpg,filename_date:2025-02-18,filename_date:2025-02-18,train,cea5501862d7942aafd4a36186e49340dc3c70b8dff8561abb3ccb26266f969b,49bee7f47dbe037965e4d852b2e5de79cc6537912be6a47604d777b03bd81fb1
631,vlcsnap-2025-02-18-18h46m40s324.jpg,filename_date:2025-02-18,filename_date:2025-02-18,train,077bb47c1e8c3d7fb1f2bc424332c627bb6f1f5af5b057acfa40ee644e17afeb,f1f6479ab557f7d8fd4b7146eb94672be05c959367d2433ed712de8097b31e48
632,vlcsnap-2025-02-18-18h46m43s576.jpg,filename_date:2025-02-18,filename_date:2025-02-18,train,7ebea1e0ba0c6369b6bb20637b471e387f1ca6b6918e317790810b6d0a9dac95,4a75cdaf243b125d2b1252e88bf21636491a9208e933338cd1bdf5b43484a06b
633,vlcsnap-2025-02-18-18h46m45s039.jpg,filename_date:2025-02-18,filename_date:2025-02-18,train,46647220aec9c1b7924e3a35f64df381c0d69a49b8d59d0399cc06c4f9538d83,922ddb30940aa5921a4d32780487384d2c28d44ce14ec1b1a6fd19a3b8fc8236
634,vlcsnap-2025-02-18-18h46m46s284.jpg,filename_date:2025-02-18,filename_date:2025-02-18,train,006b5600212a4dc8a2509262b3b5d0c4e9c836344d4c778ddaff93ccf7f72a4d,6cc3202ebddd103ac47f126e764daa64afee865ea3d3441f72bcae0039369149
635,vlcsnap-2025-02-18-18h46m47s724.jpg,filename_date:2025-02-18,filename_date:2025-02-18,train,da97cf213c3a8d3f1e8b53bb8845a2395ec2bc7ddc4ea62a354f6d1897f070d7,b5f636639a9d2b1dd60a96f52f65c0bd857ec44a561e206116f565534a8dac7a
636,vlcsnap-2025-02-18-18h46m49s204.jpg,filename_date:2025-02-18,filename_date:2025-02-18,train,130d6a902cdb7ada577e198974b397c2fb02f1fae6a57ca405d1457e20f5da99,fd2a1dd95adefd928491778ccd54073a754b753cf6aedab33cdc3b4ce6649b8d
637,vlcsnap-2025-02-18-18h46m50s688.jpg,filename_date:2025-02-18,filename_date:2025-02-18,train,22e197189d0f8380fb46d46e116ccf4f14e224bb9fbe4da44613bb7f9954fd8e,928ec8a70d1cc1b7b1b31f758414df8f8a13f65bdfe366e07d64a86db030b234
638,vlcsnap-2025-02-18-18h46m52s102.jpg,filename_date:2025-02-18,filename_date:2025-02-18,train,0e21f4e8000cebf4a43f156eb09fb7fd5a7b0b486560d080aeac8f99591f9247,dcd242254fddcc731dac0d68f736537fd5372263dc59c3db039f2fecd13f9c5c
639,vlcsnap-2025-02-18-18h46m53s567.jpg,filename_date:2025-02-18,filename_date:2025-02-18,train,8c50e428db431c1ef4125f5a31b151656168782d9904cd6714b55d3103a57c55,8714e6afb76f896734c3fcccb8450113dd6b2363deacfa4f3fc484ce6520aff5
640,vlcsnap-2025-02-18-18h46m55s236.jpg,filename_date:2025-02-18,filename_date:2025-02-18,train,2544871941ce6a292e43c873568c7a379810069f5b5789e41328d3303c16df40,a62199042d25bbedc0220155be15830f879564dc81b2ab32e118c53c158649ac
641,vlcsnap-2025-02-18-18h46m56s758.jpg,filename_date:2025-02-18,filename_date:2025-02-18,train,f68c87c84d868645687aae305ee8b88dfe6ca8718e76d399f44f8b7f672dfed8,f009162d4470838543324a6fd4cfd26d431ca4876900abda60e58cb80e6cc6d9
642,vlcsnap-2025-02-18-18h46m58s379.jpg,filename_date:2025-02-18,filename_date:2025-02-18,train,17ecc2ea007b128183b458cd743d3d30f00f9578943c333e145d416ae3e9c4de,ad0dcc0673b1cdbb06cce88a04d0c0d77d41b57ae51c3d22ae443d86eb79d746
643,vlcsnap-2025-02-18-18h47m00s383.jpg,filename_date:2025-02-18,filename_date:2025-02-18,train,3e68f8d40f025e454c71c2142ca09b642a58de48d1415e099d07669e904c5df9,c9b71a0be46aa45c7794b920e1d82f9df8efbc7d0fd626c122893001536af894
644,vlcsnap-2025-02-18-18h47m02s443.jpg,filename_date:2025-02-18,filename_date:2025-02-18,train,edb08cce004cd03db325082a952763a54a466973c2d5246bdd9d3dfd150fffa2,ee931225b2c10f744553d8479869f7c1d13de008eadbe88ba91f0b6a69e512d7
645,vlcsnap-2025-02-18-18h47m04s939.jpg,filename_date:2025-02-18,filename_date:2025-02-18,train,7e106604eec0923187597315e54f1d56aec6beacf8dfc21205f26e5e97e4f0d8,87537ca109d680aa5aa235f79a6a4ab08d0b72ae5baee77255bea607188b0dae
646,vlcsnap-2025-02-18-18h47m06s542.jpg,filename_date:2025-02-18,filename_date:2025-02-18,train,d2378fb633b136928efeb7abcbd01c8d3b145a3605a757f7240b7f3d24f461ef,6a44e48656e11ffa4bd9a2705ba968eb5a0d2d3eff94636c530d3b7181739236
647,vlcsnap-2025-02-18-18h47m07s604.jpg,filename_date:2025-02-18,filename_date:2025-02-18,train,003e9998944ff0a8d882db77e898fb869b1dac2d5f983292865c5bc9b8412b0e,d8b607bc3ab4c98c223f0e1eba7afaf3146e38fd98e00cd3d4e3e43ef685b07c
648,vlcsnap-2025-02-18-18h47m09s147.jpg,filename_date:2025-02-18,filename_date:2025-02-18,train,f1d712525c8097e077a3feb8e3ad873e75468ae6f71ea9790edef6366efe5bcf,14e7e7615feaf1a819a0b87e8f54c2b184102f8c59de940c2ce79b3922e69c56
649,vlcsnap-2025-02-18-18h47m10s448.jpg,filename_date:2025-02-18,filename_date:2025-02-18,train,6bd2b84849d7acb5ca98fd074e7863733707c35cbaf4cf0a0756845c210683c3,d705bda3f4553f9c73f8f12242f2c6cc160eb0280153cf46b4284591a6cf9db4
650,vlcsnap-2025-02-18-18h47m11s736.jpg,filename_date:2025-02-18,filename_date:2025-02-18,train,6748e98c5f5c1d14c8f537d0ee845625d55c0a0e824704d38bb76914555a3b62,610f48130ca298264bb4ca9053243c3bd54928f9b72aafa9e385cad58e97452a
651,vlcsnap-2025-02-18-18h47m13s411.jpg,filename_date:2025-02-18,filename_date:2025-02-18,train,4bd0121b94f2b13b4224489428512fa515e5a16fa9dec4a098f562a8626eb300,6d6271ec4c0f925e9a9cd0bff3ac3eaf761476376ef2606d3b5016dbf5c231af
652,vlcsnap-2025-02-18-18h47m15s656.jpg,filename_date:2025-02-18,filename_date:2025-02-18,train,fefc001c3cbc147933ef4a4370348d981e92dc66bdd2107e46b8520a56ccf4ad,a66ecce524a02bc3cd00dab635a6df708830bb0e9712fefee8e711173df87629
653,vlcsnap-2025-02-18-18h47m17s251.jpg,filename_date:2025-02-18,filename_date:2025-02-18,train,3be95f5d1426d63d0d2473e111a89596e4a12e4141aef6ec71c8d78db08b4e3d,9d542662f191d4903010ef526231a19aed97c1641f88999859be54c214b85817
654,vlcsnap-2025-02-18-18h47m18s976.jpg,filename_date:2025-02-18,filename_date:2025-02-18,train,5f151eac373b79afda55aadc5b6522d04db87e2f0b8e5bf25f021969bd9ebc29,b1e78a8b8c1659d88b3c7779d299c9bce93ac32296bf5b11d4883d1b91106dd2
655,vlcsnap-2025-02-18-18h47m20s564.jpg,filename_date:2025-02-18,filename_date:2025-02-18,train,a3d669a50e7ba76bc9cc9359c8684d47af0aea3b7d65ec83dcc64e2a5f18e878,26552eac371e470af1e86da29138866323569ed2fdb664d69f686a696cc970eb
656,vlcsnap-2025-02-18-18h47m22s071.jpg,filename_date:2025-02-18,filename_date:2025-02-18,train,676c4655e96c7770cc9df813a6562bb74aa2e2d2ababb4c0c3687872e1e4aa74,2f988883f6f2274b222c5974eda7edf636536e8b74b1fc006c4793c9a9337653
657,vlcsnap-2025-02-18-18h47m23s280.jpg,filename_date:2025-02-18,filename_date:2025-02-18,train,b13100e8c84a054e0a106c86268b1ed62584cf495c867161d4a9a9fb6aeae0d5,5eb29d36688398328091fe78c35a274d5398a7a1f0e78e049eb5ce3e8b32b9d8
658,vlcsnap-2025-02-18-18h47m24s578.jpg,filename_date:2025-02-18,filename_date:2025-02-18,train,7f67e7890a29ba50b627eaf2ffa09e174034f745c52802eeacafd8c130331d07,793cb86188492f907b730d27d156d2b8d5b7ec8d001edd63227cc00715090d6f
659,vlcsnap-2025-02-18-18h47m25s867.jpg,filename_date:2025-02-18,filename_date:2025-02-18,train,53ff5080101f64406596bc7362a4c8babc97bfef0e4b54ad91bc117f289e110f,8a1db20e21f545ab436a9b17f8406c9fc4ebed5f31255274e45030cb1efeb96f
660,vlcsnap-2025-02-18-18h47m27s166.jpg,filename_date:2025-02-18,filename_date:2025-02-18,train,163de62bdc153475c7657c45d52f402eba60ca02548cfd64da0c0822fb62a54c,8116158719fd708657016748655b20b190ce7e2346acb90578e932036596db1d
661,vlcsnap-2025-02-18-18h47m28s460.jpg,filename_date:2025-02-18,filename_date:2025-02-18,train,cf3b8534933345d10a9e423dbc1ad20a6d60a2061405c74489672424b1b821ac,13f2760f11eab338d10506b2258404030e01d1a4e86dd8a73f997747825da748
662,vlcsnap-2025-02-18-18h47m29s801.jpg,filename_date:2025-02-18,filename_date:2025-02-18,train,433f77fef0d9b1477e2a19a48135814e4ffac0791fc2784a541ce9c8662afecc,b689ef389a125da4fc5f1acc719ff76702fdd3d7bd9193c582ca3af51e4589e7
663,vlcsnap-2025-02-18-18h47m31s082.jpg,filename_date:2025-02-18,filename_date:2025-02-18,train,86dad1af26ea2cc2dbc184a35961dbc30e5adc2f6b0aa44ecb62e8cea9e14878,85b91d1eb8e7439b669a2120497e29dce02d8c5995be80e21554ce79ca36a06e
664,vlcsnap-2025-02-18-18h47m32s390.jpg,filename_date:2025-02-18,filename_date:2025-02-18,train,d6ff6e55fa27a7fb13216f8d105d1d9566980c7910dd7b1c03d2511b686e0db4,588b73a0b8c07a60934fb12b3c8daf68300f74beca3323a0eca57a03d9a70291
665,vlcsnap-2025-02-18-18h47m33s727.jpg,filename_date:2025-02-18,filename_date:2025-02-18,train,9b7a7941653fa2b25864829c37ff6caaa5df9dc87fe5d136f21bfc3ccae37ee8,99deed1a626b2c5335c80b85f5ea1a598b96c993fc7074a9c1aa0f98ee35bab7
666,vlcsnap-2025-02-18-18h47m35s081.jpg,filename_date:2025-02-18,filename_date:2025-02-18,train,84f8ed35a7d9d9c0c183cfac1d283d2f6e991ff6381c70a42159b42e5a3d58d0,c3f1f4c7d450d5bd316ad68cf5506d4ec71836a20e820f13ad3800a5fcb86ae9
667,vlcsnap-2025-02-18-18h47m36s452.jpg,filename_date:2025-02-18,filename_date:2025-02-18,train,0105966452c55c8124da35ac9de731c9b4b8901a06caaf4b877c08309310a2ba,1852f1a4520b9fba5dad68ac04a03ede49fcb84642e2a655787d29ac8aa4c617
668,vlcsnap-2025-02-18-18h47m37s704.jpg,filename_date:2025-02-18,filename_date:2025-02-18,train,196a8030a6d3af0d0e634718f53b87158908c11120db1eab9b899f27ac67f1b7,20cbb78129a435e4f7585cc93a999f822df96d1d7f14b21bf5ad681c3d93d514
669,vlcsnap-2025-02-18-18h47m42s930.jpg,filename_date:2025-02-18,filename_date:2025-02-18,train,20848dff0cde0cdc27df04aa2be3158bd426e153c6c0cfe2d57e19e3eabbd94d,f20c21c94d433209437fc13f5df3a020951054a3a499f450644e48578f341af3
670,vlcsnap-2025-02-18-18h47m45s299.jpg,filename_date:2025-02-18,filename_date:2025-02-18,train,7e59854d28f0950d50284673d8d418ed722867fe71f3a25f28ea6071801fdf4e,5eec07ca108b18cb6c7442b80f7fafa3b02f9b45679d79dcfae0410d8b92faae
671,vlcsnap-2025-02-18-18h47m49s868.jpg,filename_date:2025-02-18,filename_date:2025-02-18,train,64df8f3c1f04af3371486951368da3012c15e3433e7a650e8c479f5147c8a4c6,95c5ca3e25699546ca5218a7c1f980410ed56b45bcaf1b34fa1cec629c9a66c4
672,vlcsnap-2025-02-18-18h47m52s406.jpg,filename_date:2025-02-18,filename_date:2025-02-18,train,b9d7daf77fdf72a2031c9488fb6f73928b795a233f12a77b6646c5925b2bcd93,166c9b72a448f1815ac3fe8c70b87cb357a4843152e27c71a2abeae613c690a5
673,vlcsnap-2025-02-18-18h48m05s740.jpg,filename_date:2025-02-18,filename_date:2025-02-18,train,ca12d0565fd3ad965d2c495160ddc603956166918576faed3741daea25100a66,f62e60b2575c6cb42af8fa972084c30cbe5f52fd97e14548f3b3ef0ab500132b
674,vlcsnap-2025-02-18-18h48m16s956.jpg,filename_date:2025-02-18,filename_date:2025-02-18,train,5bd675ba4a85a6627039d4b35210816a2161782a135c94fb7c09222197df6c4a,bfed9a1def8716212d2863e786b544ddd76eaf733d504168eb362958da590c2f
675,vlcsnap-2025-02-18-18h48m21s217.jpg,filename_date:2025-02-18,filename_date:2025-02-18,train,69f9ed98a164f399f4a252dfcc98286aad8d03da101664e0bbc9e78bfc1fe125,87701b8c6cc7945b379df444356509e62538608d78c890ba13fc7bb6fb4a58a7
676,vlcsnap-2025-02-18-18h48m22s424.jpg,filename_date:2025-02-18,filename_date:2025-02-18,train,c83e3564fa4b2f1a7e917f7b163131f8102a5df28bea7b006d82796273387dbb,dd1250e7aae6934cb30a4e614a0c4749f07a3e093aec2c31fd8ade76cc29c072
677,vlcsnap-2025-02-18-18h48m23s940.jpg,filename_date:2025-02-18,filename_date:2025-02-18,train,5b2c3f30a847ff6e1979bcf984d8c394f5a859a57b56c9a62b49ab008c5a999e,14c4cf54d905da591b222a4d7e49c0453956d88e34c8de08a4050814e436157f
678,vlcsnap-2025-02-18-18h48m42s479.jpg,filename_date:2025-02-18,filename_date:2025-02-18,train,d7ca63b3f89ddab0bda0d3606be83d287d875b5dd050f7818c6f6013dc5f3e35,eec93fe8c53f8027eec198a99051cea6281ebde6bbfaf7e07eccb410090b7272
679,vlcsnap-2025-02-18-23h07m43s774.jpg,filename_date:2025-02-18,filename_date:2025-02-18,train,8788dbb75ed2820b1a852f8daf632a1e2b9b7a1a71dc7314da3f8d6bc0cb67b6,2c474223b84fd30d382ec69569db1691af8dfcffc33ae81f83d6dab488c9f1fb
680,vlcsnap-2025-02-18-23h07m46s200.jpg,filename_date:2025-02-18,filename_date:2025-02-18,train,2dadead9922b0b5d75295a379078e99ebb6d58fdff4711fa3cb6e1d486412642,61c8337c17d818fdac728a04818147083b9ac29a2794fa531ef2f0cb5367f0b9
681,vlcsnap-2025-02-18-23h07m47s847.jpg,filename_date:2025-02-18,filename_date:2025-02-18,train,c48b2d7521a9b20ac6687c43173c4aeca64de8616c92416c452455150823725b,3d1cf06f23f7dbc6a26cfe19e7c2787dce96ad2caad87e2f0ef8fd896adbaaf4
682,vlcsnap-2025-02-18-23h07m50s137.jpg,filename_date:2025-02-18,filename_date:2025-02-18,train,0403c267e65ad139e1c5037b40779497f63463763c9aaca128da8c8e2acf6b08,224634c8e98e143dfac44d7e05f359dfdf5f342e1c188293139d0d463dcf8dcd
683,vlcsnap-2025-02-18-23h07m53s515.jpg,filename_date:2025-02-18,filename_date:2025-02-18,train,9cc9b1b86271bebc1e076c8c069f7783e162e97513724bcb12e8804f80d3987e,68b55e492ddfc2fe035a2551390fc4c9e5098844f69e088163640a0ef70f5f89
684,vlcsnap-2025-02-18-23h08m03s358.jpg,filename_date:2025-02-18,filename_date:2025-02-18,train,adf3c5a45ac4c3cccc287e84175f217bdb96a07d9e5d686ccc793a04233c2add,32d8bfb661bba88c3dbd733e2d42af9ee379b3d85a9ccd3ecd0ecabb62ab8d0b
685,vlcsnap-2025-02-18-23h08m05s215.jpg,filename_date:2025-02-18,filename_date:2025-02-18,train,5d776678f572eadbe2ed108ca1fcfe34682e8079fccec7b3c75cbdb71c7d687e,138f8336e6a963e03460c9853d9daa7c3417074d2e5825e7517f24b236538eba
686,vlcsnap-2025-02-18-23h08m06s820.jpg,filename_date:2025-02-18,filename_date:2025-02-18,train,2b008f91ab9b16281ef83ab40d122bc76749019bd9194a315d5166ef8491b64c,f767a2c8cb94c9d0adf3f23da84bed2d72db96fb17d675dc9d97e22773e763fe
687,vlcsnap-2025-02-18-23h08m09s147.jpg,filename_date:2025-02-18,filename_date:2025-02-18,train,9f81c52eb0d840256cb37954b3391aef21828fc7303d9bfa750471e13dd22631,581ee643997d3410077fe4d5ee2f48f629971205dbbb8b05ffa4982e8e50c20d
688,vlcsnap-2025-02-18-23h08m10s837.jpg,filename_date:2025-02-18,filename_date:2025-02-18,train,6406ffdcc1dbd8cbbe752f744fa8daf76a5c5af126ead384674fabb0108286a7,21ec920b9aae94ce2af3fbb0a529ff10f6f3efb80a8d79c0d53dcdbfaa40db52
689,vlcsnap-2025-02-18-23h08m14s528.jpg,filename_date:2025-02-18,filename_date:2025-02-18,train,6b3bc2b5a334001f7a9dc8919a77f254eef7dca58d8f356e40cd0121ab47874a,eac79960635eef9c5817cdaf489979fc1a0e8532df56150260da3de3293f2f5d
690,vlcsnap-2025-02-18-23h08m17s021.jpg,filename_date:2025-02-18,filename_date:2025-02-18,train,512e9784c91bf48858e4f61e256eb2de6628a4d1407f522b0ac75e93207277cc,df4b2d3c92889aa04674008124f18d2c2503dc7b7ccd87403e851a9175c2fc97
691,vlcsnap-2025-02-18-23h08m18s609.jpg,filename_date:2025-02-18,filename_date:2025-02-18,train,afd405c14d20a2e860eeb3c0587532d1a4a7636d7a150a29e4734671a4554561,0a3f52ab23820232b5aaf3b9b4543fe4d41acc184326a627e2291e672d2720e6
692,vlcsnap-2025-02-18-23h08m20s084.jpg,filename_date:2025-02-18,filename_date:2025-02-18,train,ccbbff915e79dbdbd861058a71eeeb5146ed5de99819dcd286fb45bcf94b7c7a,a3104bb4e55a329593e47c6464c683abd76933ca35141f3e04f5e8b9ff9e1aa1
693,vlcsnap-2025-02-18-23h08m22s176.jpg,filename_date:2025-02-18,filename_date:2025-02-18,train,2332af68111891a07322f8b1988fee2f6b896a56d6f9082035b0c7f3af6d81a7,8a5e824d7da4edb74604d143a0c96e4e359819d5e0f098ece783f93d1320c678
694,vlcsnap-2025-02-18-23h08m23s671.jpg,filename_date:2025-02-18,filename_date:2025-02-18,train,a666278ba0e2f8939cabf5094c36e41db512cc7a662d0b69086ed901f267628b,86ee7323454f2109b1971355b6676240f62a8fb212617ccfd8e010492bcbeec8
695,vlcsnap-2025-02-18-23h08m25s146.jpg,filename_date:2025-02-18,filename_date:2025-02-18,train,6e77ac1a434e7fabfb3b29df2ec86253e5843ce9c52342c15a25aa387a595541,cddd7109a2afbe3feb9cd72805e0cffb9314b5a4eb44dea4bd3c9b2d73e618fa
696,vlcsnap-2025-02-18-23h08m26s545.jpg,filename_date:2025-02-18,filename_date:2025-02-18,train,994f813a02726ba58b159f7506107c8ccba621f8db7e5dfaebb59da3904e9c45,3e24da2f6cd1c10d98d87c0abef2c4d34063dffb5f3ee229f022cfedcdcddc35
697,vlcsnap-2025-02-18-23h09m10s209.jpg,filename_date:2025-02-18,filename_date:2025-02-18,train,32aac4f6748c75b13f1af3605e3239ddb043a9019807f10f3569af210d9fd524,d6780d1e454486af24a27ffdc2014a45c2ded5dfa31b6f85dee1512457f81b26
698,vlcsnap-2025-02-18-23h09m12s073.jpg,filename_date:2025-02-18,filename_date:2025-02-18,train,469b4015f52fa075fe3e3fab88f15c41c414d7772cbbd4ef5a16212d1c163ee4,37aef284e540395ad92ab1348551b5457b3a53bd3182f777357ea7007daf0f9e
699,vlcsnap-2025-02-18-23h09m22s021.jpg,filename_date:2025-02-18,filename_date:2025-02-18,train,732bf14ad146df893c6da5296f38efb214f7105dcf60f52e4909009590b1d50f,c99b99b43a7a2dbc718e789aa213a7970c98022573b5b3cc9c57e7cedcfcf118
700,vlcsnap-2025-02-18-23h10m39s932.jpg,filename_date:2025-02-18,filename_date:2025-02-18,train,86b56bfa4c13784f58c0d26327ac65ed5af3708ec5974c0f1fb9652461b60e7a,94f2d0cf95aff3325c7dba312f43f38f409341cd40b177d8a7036ead61d6240e
701,vlcsnap-2025-02-18-23h10m44s955.jpg,filename_date:2025-02-18,filename_date:2025-02-18,train,e0ebb7a0b7d31a2f5186d679db058b726e90441b78db7391dd10ef4094e1e923,0a4962b703272b8941f5aa200f9782650f876fcd82f942fdf34423ff38f2d124
702,vlcsnap-2025-02-18-23h10m46s503.jpg,filename_date:2025-02-18,filename_date:2025-02-18,train,d995daf1df2abb3139baf1cab829a0b1a8dd4a689cbdc1007da4d92ae5223962,ef6416154acbc3d1d0368d1ded219e4c2d2ca90d33a3d60cb25d2e36488603b2
703,vlcsnap-2025-02-18-23h10m48s405.jpg,filename_date:2025-02-18,filename_date:2025-02-18,train,1ea513b1cf132459a0283c6c24688d71e7e7bb52e5bef711a8ff49857eb19e02,21b86fa9085e55b908c6e730576aa72a06ff119c63637340003c44549bf26fb6
704,vlcsnap-2025-02-18-23h10m50s063.jpg,filename_date:2025-02-18,filename_date:2025-02-18,train,18c5268c3c53bdb0062aded4000d203bc04b08a87a07562b3f7d38ddc42d6839,21668ab5c640d6caa77f32b74a24ce16b3889ebfd49ae9bd4a7019c69cdceb83
705,vlcsnap-2025-02-18-23h10m51s700.jpg,filename_date:2025-02-18,filename_date:2025-02-18,train,943e1a031d64888093389f4090845321aca7ce07fab8e301300df235f8d69429,a262d2eeb3dc9264b5902496874e022a6c295836a158ef0e22141ae242b98799
706,vlcsnap-2025-02-18-23h11m19s862.jpg,filename_date:2025-02-18,filename_date:2025-02-18,train,d59baf6d9c229fb5b422f0116fcd7b71ac3f204c09e532872af677c5fce4ee69,55b43f638c593dbc13db2be65963614cd207c78ac333924baa1d15052de7ad41
707,vlcsnap-2025-02-18-23h11m28s079.jpg,filename_date:2025-02-18,filename_date:2025-02-18,train,2dcc382da75f166ea32541801c5916d988d05319f206f9b0db08142af8cf990a,8e6ac146b79893548fe3dc997439b981471e16a3aae1e97600791b2eec9307ad
708,vlcsnap-2025-02-18-23h11m30s125.jpg,filename_date:2025-02-18,filename_date:2025-02-18,train,0750a90565a91ba58d31d20eda177da5ff2ae50da8533c45d9cc72a43436f158,8ad820ac1f3f928b9fc0c933354f81b63171c0ba1fb6077854f90aa59836b32c
709,vlcsnap-2025-02-18-23h11m35s391.jpg,filename_date:2025-02-18,filename_date:2025-02-18,train,db8c5ca5340f71d192eccb74cfaf751d1a3a98d1a9472abd8edf9a13cb76d33e,b4cfd413ea8592443af9df6325cc1171b3717b30d26052559eab7f92fa4f8ca1
710,vlcsnap-2025-02-18-23h12m00s565.jpg,filename_date:2025-02-18,filename_date:2025-02-18,train,10175f56a554c8c4dd62ee679bc0d661b1df940a38fe8441c6e86119157731c3,acdfcfe7f60552676be0ca3c04a2bab342d948f10e0012ece6107b646cce43b9
711,vlcsnap-2025-02-18-23h12m17s725.jpg,filename_date:2025-02-18,filename_date:2025-02-18,train,a7045afd241af548407b98e126119e1344c189d8a3dc628f3419987a648b0e54,6a62e02e0164eef1b4b3ebf63e4c4067b7314420ee63e7aeb522da728096954c
712,vlcsnap-2025-02-18-23h12m19s305.jpg,filename_date:2025-02-18,filename_date:2025-02-18,train,040295848df6dc2625a562a06a66c7b0fc6ec845b2b634eb65d80078d252d5c6,f1686161013b516ce61f5a6d99403108a9ade6c46386298de814c03f41774fd5
713,vlcsnap-2025-02-18-23h12m22s604.jpg,filename_date:2025-02-18,filename_date:2025-02-18,train,86d9d1cba1ff9500b9c5f15de2bdd7ef2d391611611d8f7815e3275e4590fa1d,28cc1862b8404b4a590085d52bf280ddf0075dc0d5c668226da481e28dacceee
714,vlcsnap-2025-02-18-23h12m24s456.jpg,filename_date:2025-02-18,filename_date:2025-02-18,train,73db79c7c5b948c21bfa308dcc38cf385edf73790dfad9a6ce9c28d2cfd087af,6a91b6e62c9aaec437ee07a87437828104c275b5805a8c84e379bb3539d9ffdf
715,vlcsnap-2025-02-18-23h12m28s438.jpg,filename_date:2025-02-18,filename_date:2025-02-18,train,8b2105991eec219ef2ab65275a924ae420c8952bb39a1e5c9f4ab761adaf530d,47fa77ecc90a5a15536d3f72ce4ded573576b66da0833b55ad775c91df765e67
716,vlcsnap-2025-02-18-23h12m32s786.jpg,filename_date:2025-02-18,filename_date:2025-02-18,train,27371f05ffe56fcd18002ead365f6c26c90b53130c4b421481bda6a2ab6df503,4394f63f054866738820166f1cd50619b339850c2f7b02245703c3f176f0e631
717,vlcsnap-2025-02-18-23h12m34s847.jpg,filename_date:2025-02-18,filename_date:2025-02-18,train,4ba53ed575ec786a9079cb7fb7e73397b5461f9573fb9245e49e15856359ed93,065e4e20aaa4fa30eb2b168b36d1dc6abf301c99b17212353bcc60c0111a360d
718,vlcsnap-2025-02-18-23h12m38s248.jpg,filename_date:2025-02-18,filename_date:2025-02-18,train,ba97f85cfe96dd5333cb4d96a60df54c81e32a4cff80be1090fa2e270c8db9a6,04d89252a02dc619e4f019a6840d0498e47f8a19cfb5babf6d2c12d05cdafcb1
719,vlcsnap-2025-02-18-23h12m43s353.jpg,filename_date:2025-02-18,filename_date:2025-02-18,train,8d599e7f8b158456d773ecce408ee4a8d2dcf395a28b5f2c97a29706c9429bcd,139d46bd7fc3944faec5ea270b3463a4744ce71356b3a16265bef48e9fa8d344
720,vlcsnap-2025-02-18-23h13m19s883.jpg,filename_date:2025-02-18,filename_date:2025-02-18,train,85f78710fdfcbdfea9cc89d9c01bacfed226b9a6d2e58a8c5912389d41e1b9b6,69e888e956d716d091177bb26220ec49a4ad522329656975a47ca0bd8d6fa99a
721,vlcsnap-2025-02-18-23h13m23s116.jpg,filename_date:2025-02-18,filename_date:2025-02-18,train,0be2fc6c87bcc9461cd080db3b0ab50d205bfbd89e76e2f2e793a960309eb2fa,9a8faccb473f679b7f2d8912ae0b630e9faec3d417c1494fb7ec900e2b64a09c
722,vlcsnap-2025-02-18-23h13m28s466.jpg,filename_date:2025-02-18,filename_date:2025-02-18,train,ab3b878d0ae83620866232d9077bb29447bb5c5c75a918c64651b5d48c4ac160,8a01498fdacbd6bac07b78453514b8859d1c269546958046848b9bbdef909c41
723,vlcsnap-2025-02-18-23h13m29s907.jpg,filename_date:2025-02-18,filename_date:2025-02-18,train,a41ae026d47869532ef7953eb666f7cc3e69596c24749dd2b1a5b4946645bc91,26d70ab0e80683809992b56f61641ce806c633296588a5a21403daec7327b92f
724,vlcsnap-2025-02-18-23h13m36s544.jpg,filename_date:2025-02-18,filename_date:2025-02-18,train,b812f591aa8fb06d6d36c6a9c44c35f3cf76b1f4487c9a83a9d5a0087d75e679,e2f2658da17fc1814fa1a90ad65aaf91d56bd01600a9f962788e89db034b5d5b
725,vlcsnap-2025-02-18-23h13m40s766.jpg,filename_date:2025-02-18,filename_date:2025-02-18,train,3da4b5de421963a23396ae8176160daace89f00f1a6a372beb4a13b29899ba35,c58784ee5259525d4c8f902c3c38d498192b5cca17b1d0982a73430524d466cd
726,vlcsnap-2025-02-18-23h13m44s442.jpg,filename_date:2025-02-18,filename_date:2025-02-18,train,a697fb621a8dffb3bcabc5fd8ad807dd8c5bc3b7e0f17df250b6d7450f2ab8c7,948f1cf2de0c02f15175c5ddd3317aabc13716a2dc91c44c3739d1c886b98d21
727,vlcsnap-2025-02-18-23h13m48s064.jpg,filename_date:2025-02-18,filename_date:2025-02-18,train,285d50c7a56633917fff710353570ddecef22f75dada4d79c3153e5fe63cf317,39896f2d63c2987d7ff0c20f027c42c3a14614664289fd6a6a8ca1cfed06bbc8
728,vlcsnap-2025-02-18-23h13m50s113.jpg,filename_date:2025-02-18,filename_date:2025-02-18,train,0759dc6fdc312131c1ac66edf28ebf1de4beb8cde6124b904c517e5d1f7cb37c,25e99f4cf2da791278342c40cd455e8bf53341b7abfe424b38b240a894ed0dd3
729,vlcsnap-2025-02-18-23h13m52s540.jpg,filename_date:2025-02-18,filename_date:2025-02-18,train,d8b76fc020cca67c4c6e7e7fa9434e02475ef3b3145b30b5f3eef8823dd62740,cd25e91f9fc48a18456ab771095b6e2e06f2fa0e7ac0557fb647eefdc34f4f05
730,vlcsnap-2025-02-18-23h13m55s630.jpg,filename_date:2025-02-18,filename_date:2025-02-18,train,c9495af45b429477b3f9fcf3788dc56094f832aea361b86cc0afc60e7b59d79a,dbba22e2f1a5a3c182e87db1c712dd18a9f9f1c37bb059e9dadb8eea62cbf6cd
731,vlcsnap-2025-02-18-23h13m56s767.jpg,filename_date:2025-02-18,filename_date:2025-02-18,train,45cccbad3cf1ed443f560c76f62c39938977644128646e2a668e2f23483c7af1,1061ba725f53b9b73a2d51d04b953bbf09bc05e7a35ccf7a88663c28daf9ae59
732,vlcsnap-2025-02-18-23h13m59s036.jpg,filename_date:2025-02-18,filename_date:2025-02-18,train,2b170d5750e455d8a2d5fc039b7859799f2d204ed83ee95c950e02ee730d4829,1f47bc3db48ca70c552c7f416288ec7b77b423820d619f54c2ea7246255a6d2a
733,vlcsnap-2025-02-18-23h14m03s217.jpg,filename_date:2025-02-18,filename_date:2025-02-18,train,c0240f1880555be01bfbf5385d3b3ac9c9f9634f16bd191a8baa37e2176feffe,39fc241905ed5eaf9d1d99782211a56e757d41bec03e7da02710c2787ce8798f
734,vlcsnap-2025-02-18-23h14m04s766.jpg,filename_date:2025-02-18,filename_date:2025-02-18,train,17fe973b675c0ccb4b8e3a61dd07183bd9d3dc114140cd739894244afbb9ef68,a7ecbc9e68bce7d4b231d74835405ea4d628d890a95a4b73b6b08d0351520ea3
735,vlcsnap-2025-02-18-23h14m08s861.jpg,filename_date:2025-02-18,filename_date:2025-02-18,train,a922513168f62998a2350502e1778786132f011714df3737625762d24ec4fc6c,51842758b1bd688695035217e3f8238ef848d57bc006ba89b70b5443d8465be7
736,vlcsnap-2025-02-18-23h14m11s752.jpg,filename_date:2025-02-18,filename_date:2025-02-18,train,620651e00c1994b098ffb1388f802fbefa0fd6fe1b58db4efdb11a2735596539,71fc7d7d782d5447b1c4b80c2489fe1418a3261b2335fa3c617729511e562508
737,vlcsnap-2025-02-18-23h14m17s752.jpg,filename_date:2025-02-18,filename_date:2025-02-18,train,6623bb90ce0fb28dad15597b273c9599610ae5a712f6da2f73927fcf067023b5,bf0f01d5871e36da8cb5396cbdfd317d2eb53b06f377b8c0ef9a1e7d1e40cce2
738,vlcsnap-2025-02-18-23h14m21s092.jpg,filename_date:2025-02-18,filename_date:2025-02-18,train,3d37bf7d1e46b1f07a705f54403674a543fbbffa61cce68f9526081d0c58ec8a,12dc5db9456f935b3ec099640145b37cb8ef192f3b0681f933cc27e148b0a197
739,vlcsnap-2025-02-18-23h14m22s569.jpg,filename_date:2025-02-18,filename_date:2025-02-18,train,3bf2cf0c140eae42daee523a163ef4c748681eb80195bb9d3c80f4fe3e23c1a7,e1d214dfa7ef7c19ee49dbb47957629f9e0824e71408dab484bc13870df03ff4
740,vlcsnap-2025-02-18-23h14m25s029.jpg,filename_date:2025-02-18,filename_date:2025-02-18,train,22e376182af98cb4e5c2cc8bd04c5e10400729d4880b88920991d2e0aef56629,4d1c7a87261f1f05810127ea8c4d243f6118e43a374fca05503898ea4fb51581
741,vlcsnap-2025-02-18-23h14m26s836.jpg,filename_date:2025-02-18,filename_date:2025-02-18,train,7cdebb28d97fa7c02b83db501ca72cc1177fcf7d3fbee1a92d6a9e14294dc875,848790ba15e4bd2dfcee563eb12c6ad3d527969dff80a7504e4ef0f1f444be13
742,vlcsnap-2025-02-18-23h14m28s474.jpg,filename_date:2025-02-18,filename_date:2025-02-18,train,bf131c6b5f40975cb559aa2f4efb16f3d861f9242f67ba6ee6552aa96f56ce0f,c5967d44be3bf23a54bda7b7d10ffeb048b11364e846abcb7d10fe3705b77e8c
743,vlcsnap-2025-02-18-23h14m30s019.jpg,filename_date:2025-02-18,filename_date:2025-02-18,train,a4f4750d2587add1b04df807c418717ff056e564abe4dd080eed521115f33467,52f4daaca0454c7fa3c83f66843c420ad4478c59a789a28e40b50bf26ff66ce9
744,vlcsnap-2025-02-18-23h14m34s881.jpg,filename_date:2025-02-18,filename_date:2025-02-18,train,a950f5571c2ab29ec94843e3c983bf61e317a271827554144f021cc86d2531d8,8cc9f9f25ec92369de345048219973ee426daa6e6fd177dea1bbb090375c6d9e
745,vlcsnap-2025-02-18-23h14m36s043.jpg,filename_date:2025-02-18,filename_date:2025-02-18,train,1adf37699c911f11bded59b3c4e63a82cebf477b7b3d0bebdb399aff4f53baf0,15aae35f6efea71b7252474545c4a60784856324e08c40d828f6fb79c74af72d
746,vlcsnap-2025-02-18-23h14m37s362.jpg,filename_date:2025-02-18,filename_date:2025-02-18,train,a640f7a12868e4ef933d7dc7a67e238409d698634ee4e3106b817665166360f4,857f2e6dd10b406ae4de3f042678a223fcbf3c2d74e42af1baa7d63682c833ee
747,vlcsnap-2025-02-18-23h15m04s500.jpg,filename_date:2025-02-18,filename_date:2025-02-18,train,4e1127010ca24ec7ac0b31adbfdd05f1248b7143d45fe45f970dd670553358dd,20d06e6952b0556bf800d014f1a280b3d7b5f75f03e02a371b3848fdb1586822
748,vlcsnap-2025-02-18-23h15m06s511.jpg,filename_date:2025-02-18,filename_date:2025-02-18,train,fdf078eec3e8a4c38b0d257f41e44c38acca5b0ec347b32c08a332733b4faa5b,ae3e6cae41c0d327e212084c67981985c6a5118dde3a43dd8e97bb6636546bcb
749,vlcsnap-2025-02-18-23h15m08s254.jpg,filename_date:2025-02-18,filename_date:2025-02-18,train,cf69391756fa565dbe5ac204b7bfe2a4effacad0c7e6d1273fc179959f9a03b9,f9146b35c1869f908ae654af570e4a157c7b4749223eeecb8e6ea93c854e4c1b
750,vlcsnap-2025-02-18-23h15m19s090.jpg,filename_date:2025-02-18,filename_date:2025-02-18,train,567842dcb464b8f6f05979e194ec4ee43b656ec3d95d48b259d7608f61dc3569,b39bb46d15b425916b0cff65ecc80057e4b6a778f2638dd8014b5e3b34237cee
751,vlcsnap-2025-02-18-23h15m21s364.jpg,filename_date:2025-02-18,filename_date:2025-02-18,train,398cf3f3ca22861dd9dd1a7d9eb89b2eff66ce05a3a2953e1ac57311c1a8d3ab,eede38691cd8824bc4a58649a48f28f8b299b64067032b3155163c3e576a105a
752,vlcsnap-2025-02-18-23h15m27s988.jpg,filename_date:2025-02-18,filename_date:2025-02-18,train,fcadf2e790727033d180234e4c542dd998824a703f4665150abf8f6841166df3,6897ee11f1c9e0802308ce1eb1908bee50ef21eccc640555048c0a92fe5debcf
753,vlcsnap-2025-02-18-23h15m29s560.jpg,filename_date:2025-02-18,filename_date:2025-02-18,train,f50f3cb5c213cfe74cbe16fa3f52c94696c680d56ad2651de0a47c13bade413c,5dee2ca992ffb4aee13f1ad08eab072f0ce82c87a9f30f1f2390ecfcc28031be
754,vlcsnap-2025-02-18-23h15m30s977.jpg,filename_date:2025-02-18,filename_date:2025-02-18,train,56b81fd9a41d96faed4c8500d5548f87a6cbfeff675ce388ea4b503924e0f094,7baf50e179e792f8bb24ff5852e29ea2e11a4cf14b019ce041937ca6828ab912
755,vlcsnap-2025-02-18-23h15m32s531.jpg,filename_date:2025-02-18,filename_date:2025-02-18,train,7d14925a6c676158b7e43d73ecfab207e26d33cf1d498e4e863e05c3332d26cd,cb229d35407f7d146a906cce03900f990470f9dff6b1e8014b6ae927867ab462
756,vlcsnap-2025-02-18-23h15m35s771.jpg,filename_date:2025-02-18,filename_date:2025-02-18,train,83e313c07e9ecb9950ce4306d6f436d0b2e7f351415074d0f32651944d8a02b4,6ae607663c2bbd755a508e3b161c7e0592aefdd5dcdef6d28785fa87f0585cf1
757,vlcsnap-2025-02-18-23h15m37s152.jpg,filename_date:2025-02-18,filename_date:2025-02-18,train,47e081025106091762acd7d13c43ad47d99e6bb2eb0def91812deba30eeab44d,650433429b467b5d8cda93291cd2558221dd9f255909a769d38a3a534f18c598
758,vlcsnap-2025-02-18-23h15m38s268.jpg,filename_date:2025-02-18,filename_date:2025-02-18,train,fad47a795d12a634b96d1904003e677916113bbf878a454d1e716c32d82c3729,29e8c92a5d4885326d1dfc90e431a3b892b5ab446342b76916eaec1bdd072b41
759,vlcsnap-2025-02-18-23h15m43s091.jpg,filename_date:2025-02-18,filename_date:2025-02-18,train,d610f220a3f98bdd8dd718bedddffd3859c0bf2d585936b601a72b37b677e94e,413c1469c13b31272b1cde7d357cfdff647e081e0ade89db6303789016de0d75
760,vlcsnap-2025-02-18-23h15m44s701.jpg,filename_date:2025-02-18,filename_date:2025-02-18,train,71bf980f786041fab5a15af538ab416ff248dbd87343b94713463301041961d8,22f3eda8f3ca9bf588d9000a60c8a60011949079bee611261dceecd82d4e0817
761,vlcsnap-2025-02-18-23h15m45s809.jpg,filename_date:2025-02-18,filename_date:2025-02-18,train,915bb6efa416bea7dfac12992ab839d69bea0a882d0d41e2b7b1190e2c8a1257,f4f72b79885584523468b530c5a1bac9ac2ffb1080b43c31ded8c396aa917752
762,vlcsnap-2025-02-18-23h15m48s025.jpg,filename_date:2025-02-18,filename_date:2025-02-18,train,9e7065c15400d948bd39cb6fffcdc1ce7b5b3d30eeda197fa8a942d65b45ae08,3a223ab3ea47a4e5cfb5bb6dc434d68ae1b515a2ce7225832713055ea1d10f11
763,vlcsnap-2025-02-18-23h15m49s227.jpg,filename_date:2025-02-18,filename_date:2025-02-18,train,ab25d26fb7adf3f1e3baf7d90dffa47c4e3db481259d1e80f71f5d88a1f52e69,ada4bdb2bfa863f5d699032dfacd8e44ba470638b63b668c87c9c06f972059ff
764,vlcsnap-2025-02-18-23h15m51s021.jpg,filename_date:2025-02-18,filename_date:2025-02-18,train,02af70e844f28bd35ed88cf0f5b84b096969190a1a86499e1ddf2b8c044b8ed9,151b599a99e0a7f8b8c5c088369e0ca3de366a2c6e8b584c7792e3178c46f212
765,vlcsnap-2025-02-18-23h15m53s485.jpg,filename_date:2025-02-18,filename_date:2025-02-18,train,791417eb3b60462d037d4b691d18fdd3954c1eb906317e41043e5206a3f0382d,17b35d062a2dab0712748b718ab4b62dba1127c1c6e1789b42b9b4bf43618431
766,vlcsnap-2025-02-18-23h15m54s469.jpg,filename_date:2025-02-18,filename_date:2025-02-18,train,0d689bbf6c0f01b233c6538634eb6c1a6f2b12ce02443b8cf49088b80c4bf6b7,2c9ee99825280345794a8d7e8a628b5f88d2cb3999833d915e9163da9bc1ad41
767,vlcsnap-2025-02-18-23h15m56s312.jpg,filename_date:2025-02-18,filename_date:2025-02-18,train,4d09f8921751240526a75bbe3f2b1f6fde63d60c00aef62dca926f4017619b87,1161c89e0c301a1de4dbb5eeaf70a8a5c2cc4f8411d7173a8fb276e4a1acd6a6
768,vlcsnap-2025-02-18-23h15m57s983.jpg,filename_date:2025-02-18,filename_date:2025-02-18,train,ed8e304e60b6981fbf5171496c63774c9d8e0864f494eff12ea4206a503b6346,8449b5541318900c6b1af79428cac11290e1a767f5afdb535a1aeac695ce114b
769,vlcsnap-2025-02-18-23h16m05s272.jpg,filename_date:2025-02-18,filename_date:2025-02-18,train,cde265aaa5bab2612d86cb5caee542535b398c329ecf6e9c8cb722ba94cbc2d4,281cd0c07a5c7d00fa36c3dac85c21982e817f7cd05fe89e74199b1e14b62b12
770,vlcsnap-2025-02-18-23h16m18s522.jpg,filename_date:2025-02-18,filename_date:2025-02-18,train,85f84ceab6d1523614e2a89c836976a94c318993634ca9033e38de5cbc962618,e1d57088f4d6db85dc0d50cad9026b6f9ccd2775692a2cc1c2c34db842b43069
771,vlcsnap-2025-02-18-23h16m37s804.jpg,filename_date:2025-02-18,filename_date:2025-02-18,train,64c108a4576e739e9119eca0634aff2c2aedd311f7864c28c61cb2db802be34f,d32af7f66242a80340271fd0263bb4665376b653dd0006d09a1f82935fae561e
772,vlcsnap-2025-02-18-23h16m39s382.jpg,filename_date:2025-02-18,filename_date:2025-02-18,train,1b8cd2a75b53d1d4d97fa4d133e91a8fb57a3821a8e434c4d5e022d23ac5fb26,643ae70b1af4c310d75356832605d049825570084bcab1fe0df434d031ff9c07
773,vlcsnap-2025-02-18-23h16m40s869.jpg,filename_date:2025-02-18,filename_date:2025-02-18,train,64e2d1fe4ecc3a00b066d0976443d3c1d8ed8ef29ad191f85214982c56fc2398,a7dbc969a74ed2ea7f6cea9bf0747ad4a5c298d748660707cd9266c31d6252d2
774,vlcsnap-2025-02-18-23h16m43s156.jpg,filename_date:2025-02-18,filename_date:2025-02-18,train,01704847d4f4332bb2a1ebe3c2a220f55160edfd2adbb8c7cf3fdf94efd27335,49e1d1409469739313ddde0486c874c7924c600d2e71fa94ee27286e779f6857
775,vlcsnap-2025-02-18-23h16m46s019.jpg,filename_date:2025-02-18,filename_date:2025-02-18,train,843d0e5dcc6fe578b2465616b3f950323886bbbc31927bd45ef34eeca4c500d0,c6f7ad07553b1326514e769ae3b713a3fedbdb8a89bbbf01d193d603650d220b
776,vlcsnap-2025-02-18-23h16m47s802.jpg,filename_date:2025-02-18,filename_date:2025-02-18,train,255af7e1de33d9b084fb35f9744d3d3ef3ec278282632c587987747fe2472119,add27acb8138644aa1c9e93530e3b2c4dbd3d159f3b4bd6749623e19ba4e3959
777,vlcsnap-2025-02-18-23h16m49s457.jpg,filename_date:2025-02-18,filename_date:2025-02-18,train,462cf51589a7f3a72672b26f1ab3e9e4f881f8b4cb1d0d8af07b1dbf0cc69be3,ac9bd8cd36460db36767e3cff6a4230e8cf5c046276fb89a629dc08d652a1d9e
778,vlcsnap-2025-02-18-23h16m51s863.jpg,filename_date:2025-02-18,filename_date:2025-02-18,train,87b2adf51f6efddc33b6524b64b930c1d212862a674b2f698a16d776566fec71,1f640c2e7c58f14e38a1c0e494d0607d6b21fbe02ba201cc9613dc7bc5657905
779,vlcsnap-2025-02-18-23h16m54s498.jpg,filename_date:2025-02-18,filename_date:2025-02-18,train,4f4f211f3632b1826b771f138744e343be10dbce568b30632518016527b2ceae,cab11fd11f5ed0381a62d359e79d2d02a14a56d71218bc894f70916305957c1c
780,vlcsnap-2025-02-18-23h18m23s887.jpg,filename_date:2025-02-18,filename_date:2025-02-18,train,0965b39d8513a905025dd1e70de147acdb41817c7948d6783e68cb419af9f6f8,fec4dd8b765c027a6d35a3428e41341ad8df396e99892d578399f443982a1782
781,vlcsnap-2025-02-18-23h18m26s133.jpg,filename_date:2025-02-18,filename_date:2025-02-18,train,e21e81ca1962f585315fc63b6dc06e298f4f098bea19a2ec406f6f122989ca4d,9b98c176b37ba0e4cad57a5d9142d3e9dc1520797ac783873ef74759667254f0
782,vlcsnap-2025-02-18-23h18m27s262.jpg,filename_date:2025-02-18,filename_date:2025-02-18,train,737978b9ebc66c620ed0dee0d28107353d6db0a2128f4e7bc2bca6b3962ddae8,0f99360d40f535871cbca90fbbaef24e9a8c1c664dd0bac4d4169a499fa74204
783,vlcsnap-2025-02-18-23h18m28s528.jpg,filename_date:2025-02-18,filename_date:2025-02-18,train,cc12e4e41013bfc916137057ddba0d3c85379570689b907333f4f2a2d967ff4b,ca2052e7cc1486741af06f78b9055d60a9fc4c91cf9ab180b2bc5c2b0de44ea0
784,vlcsnap-2025-02-18-23h18m34s130.jpg,filename_date:2025-02-18,filename_date:2025-02-18,train,3a83c22bea01579b98ad754977eefe252fa9bd1530b05fea89532efdc23a9fcb,12ea39931bbf4fcee61c887aaedeb84814933ef7a69a44c8989240abc56db1b9
785,vlcsnap-2025-02-18-23h18m48s132.jpg,filename_date:2025-02-18,filename_date:2025-02-18,train,ba0513789b9ec97126080881b0650d676fda0c66ddc9afffa5be52ae53095dca,4a9c35d0206366e7f2f07fd80179feabc9caa034262827fa5d4bbcf3ab62c313
786,vlcsnap-2025-02-18-23h23m26s734.jpg,filename_date:2025-02-18,filename_date:2025-02-18,train,9b65d670bc52e24a907ee54b67dd957bd30e5801e601c7afdff9fddada32d9e8,c2ec57513c9e99c0633feecef72bf20beab9d33afe240dedbb936bc5de6f86ae
787,vlcsnap-2025-02-18-23h23m36s299.jpg,filename_date:2025-02-18,filename_date:2025-02-18,train,bf8e0db8848a169647d6a9efee0992cd0a01b32b480bb85c8baab0afde0465bf,6504104e5dc49b3b6865533a4f974cff2ad7be16edf6596014b4d71dfd720347
788,vlcsnap-2025-02-18-23h23m37s538.jpg,filename_date:2025-02-18,filename_date:2025-02-18,train,48093df8be06a001e6f17ae3fcd80a4124647e23be3973ef33366a0400d47db5,061b348f9d9151522019c6679d31cb451bc9dbde4f014a9cdd3a544675573318
789,vlcsnap-2025-02-18-23h23m55s225.jpg,filename_date:2025-02-18,filename_date:2025-02-18,train,d1bd39878405678001dc44424dcd9a3a957ab4d6e4dc3fa643c55c927ea294ad,e7c2660cd7378ab4026f55fbc98754bfe15f73b6d85d8814ae57058fdd897b7f
790,vlcsnap-2025-02-18-23h23m56s608.jpg,filename_date:2025-02-18,filename_date:2025-02-18,train,097957baf5e63045024dec07252872bfbf1d3602b117a7a1d6b4f0ec5ec9670b,a56ebb4910d8ce4445aaefcd002fc3be5a80573517514dceab06fb398ebb1196
791,vlcsnap-2025-02-18-23h24m01s127.jpg,filename_date:2025-02-18,filename_date:2025-02-18,train,51300be733e3dd8c91de624eabbd87aca926c037fa18f3c6a56ec6ae41dddebc,3aa954a500d7f1287810668dfa92bc99587ffd99223d487fa1656ee513aa3f9f
792,vlcsnap-2025-02-18-23h24m02s649.jpg,filename_date:2025-02-18,filename_date:2025-02-18,train,1199549b67f8ca0da9c10efbe7fc1f04f9916dd5cc3cdff595b3c7ec8c7e194c,391576bd0921b1f78fa41cf2e20da889ad8147cc3dff611a3cf8dd5e0422f902
793,vlcsnap-2025-02-18-23h24m03s729.jpg,filename_date:2025-02-18,filename_date:2025-02-18,train,1e788437e186d35ad4e895d2051bb9c8cbc8422d5024cad115e5c4f07ee09b5e,60f8ef18aa55b73a7a1e40425882b68f2a93dd45109787e3e1afac524749a2fe
794,vlcsnap-2025-02-18-23h24m20s251.jpg,filename_date:2025-02-18,filename_date:2025-02-18,train,19c7cd2c28df33d6d70d0cffbab731ce3aae99c3f89fb673e0f621e79554313f,678c9142423b89bea92a9bfb6d730ffda6511d3f6820f47cc16cd09e1e30bb6c
795,vlcsnap-2025-02-18-23h24m22s979.jpg,filename_date:2025-02-18,filename_date:2025-02-18,train,1badaa95aeb06a0077d1f72d4546b5919041a3a4f0b4dce6df780fbf9e1b0ffb,43ba154e0589644fdc4bc9d94002230c8ba54f4767ac49c35ce7cd0e4c94e7fb
796,vlcsnap-2025-02-18-23h24m25s826.jpg,filename_date:2025-02-18,filename_date:2025-02-18,train,bfb4699a7ba96496ff97c7dbe43ac2cab9e0ad8c5c47dca7a4cce9eaedeff2d0,abdf722b2e7879dfac706db1fc38f557b21f77c63934330cc0c4643408354b9d
797,vlcsnap-2025-02-18-23h24m29s314.jpg,filename_date:2025-02-18,filename_date:2025-02-18,train,f760851e17c07b1d2f2bf34e28e5aa02f8f7ce6b936cc972cfd7eeadce842bab,b6db59e86035a6d6a4ed91e1139dcab808a767e00fd8c1515a083cb045d377d3
798,vlcsnap-2025-02-18-23h24m30s869.jpg,filename_date:2025-02-18,filename_date:2025-02-18,train,36e4359d4d127b7ab7d87adcf9d1d91037075ae0ed6781da09d23fcbe4362736,96b5b73bfb0e6c20f3eb422cf65c42a46597e47e569c2aed416773cf2201ac50
799,vlcsnap-2025-02-18-23h24m32s147.jpg,filename_date:2025-02-18,filename_date:2025-02-18,train,86f259e38e7f4729885b509cd4a49cb2a51daa02382d6d96eb62a8de6c1d8735,b44257165cf84153133e31a6c83c7d806d8729d2014d590c8d4405b3b0bf95c3
800,vlcsnap-2025-02-18-23h24m34s484.jpg,filename_date:2025-02-18,filename_date:2025-02-18,train,7b299777d0c0f973109045288c3d1df89cfb0dadb6e54d1698aa7318d867cb2a,42b42cc677ff92bd5bc1faab60b1b3862deaec1a8668ffb135f134d186f321bd
801,vlcsnap-2025-02-18-23h24m36s429.jpg,filename_date:2025-02-18,filename_date:2025-02-18,train,21b137280bfbd25d995350dd1b446820a23ae635cf52b719dae79caf8e9e324b,0029346c0508b7192d1c59c95c236e59ec2854b4e7d220378acc0e500f3686c1
802,vlcsnap-2025-02-18-23h24m37s734.jpg,filename_date:2025-02-18,filename_date:2025-02-18,train,00dee54c4b5a999f7ada7219ba96b6b410617dad393978e53ab161655d50afdc,db04fcbb67278f1249fcd23be793b75be7d1f04ea527fc648341fad43233dd6d
803,vlcsnap-2025-02-18-23h24m39s634.jpg,filename_date:2025-02-18,filename_date:2025-02-18,train,f745a419bebe5e767226596fc6d48b74980dc940fe8a878befd7ca7650e774bc,c5d93f429c58c0d04cc001bd9d1e18ee4b493007a38ba99b4f9f34834ffecb88
804,vlcsnap-2025-02-18-23h24m41s570.jpg,filename_date:2025-02-18,filename_date:2025-02-18,train,3052eca7cd2d63d042332e8462722c0bff1b0b1b541ae8b15fc0a1e6e58dff41,805952c0f49b4d1bfdacdd722ba1b62cb8e22e838578dc78140c8d2707071092
805,vlcsnap-2025-02-18-23h24m45s051.jpg,filename_date:2025-02-18,filename_date:2025-02-18,train,731cbf20ef0de3ee52f1f89050b33f7cd243f77a30e264c2841dfc216170bda1,2191fb736c9395089d0ff06b0172ecd97c32c68b1ce6c26c307a86b3613e5c95
806,vlcsnap-2025-02-18-23h24m47s512.jpg,filename_date:2025-02-18,filename_date:2025-02-18,train,d15d3e2bf970d82d42eda9cd3b0b352cb018fccc75d2915179436dd7d64f020f,6202a6650f8b632c77a9dbb3e2ccfa962ad582d0dce88e1639fc307d355c4d09
807,vlcsnap-2025-02-18-23h24m49s466.jpg,filename_date:2025-02-18,filename_date:2025-02-18,train,3ebb4a5946d1b8fd6d0835d7223f0e7a54f641ce71ca08e183d3f896d851bf6f,9b7609cf416d65da8d602c66cc9d792380b4f935593d5f126c718cc6b73c80db
808,vlcsnap-2025-02-18-23h24m52s324.jpg,filename_date:2025-02-18,filename_date:2025-02-18,train,bf22f877317c2700b9d618a288bb59a19f5c8413ea6913f68ce480a07cb97986,d9857da2d3c4612e17398589d521a3f66736a56e458acb53be2275557ef77337
809,vlcsnap-2025-02-18-23h24m54s277.jpg,filename_date:2025-02-18,filename_date:2025-02-18,train,6ca04d58551ae6851354fcb2eb1dd942461f4ac387e2287a15dde4baf584399a,ce2bdf8bfb51089b7fd2c148480382cb34cb9b2bf05faf9bc8493b807b50a83a
810,vlcsnap-2025-02-18-23h24m58s564.jpg,filename_date:2025-02-18,filename_date:2025-02-18,train,4bbf4dc43abf6b5a62381bebe99174f75e9a0034711cb3c0343dbffcd14fb04d,1c9805973f556600bd8a87a6f511fc0f1011f6d721352bda95e269a597e3360a
811,vlcsnap-2025-02-18-23h25m00s029.jpg,filename_date:2025-02-18,filename_date:2025-02-18,train,4b2debed36c62f9c4efe282642a3dc390926add6658b397e7ce3936f4dde892d,8ad0e30b650e8e52feb4db6fab598e3470259891d8c946625b0b5ebd11c819bf
812,vlcsnap-2025-02-18-23h25m01s474.jpg,filename_date:2025-02-18,filename_date:2025-02-18,train,2d69b3bfa220aa582848d7c8cfb05edf5750cc33c2a02f2c23e5aec7498c9371,36b3f37d4608282df05748ef1cc820862daaa17f6f8b84085e1e74b8da71a3c6
813,vlcsnap-2025-02-18-23h25m03s376.jpg,filename_date:2025-02-18,filename_date:2025-02-18,train,601ce776ab06e598a0b4b1bfbb1a93f2fce9abc56d36df99621c18e739498638,a6f5ae1f4c009b4326814488a41a1bc4ecf2a1263b1bd86fd58cd9d98fbee7c3
814,vlcsnap-2025-02-18-23h25m05s324.jpg,filename_date:2025-02-18,filename_date:2025-02-18,train,9a8ea44f376333001aa1ecb8c4ea62e050a58c4c2233df0b513a8665b8d162f1,02c4b37b5a469e1db486008dc7507cb64d9b08a170dec9891e92bc5a2371ab4d
815,vlcsnap-2025-02-18-23h25m07s507.jpg,filename_date:2025-02-18,filename_date:2025-02-18,train,5c549a6634b0b2dad77301549b51162ddaabda931bc6afa7b88a7bb43c7680ae,3535c453fad1e4904b732e73ddb3494e3c9ef6ea5bd814b0668c72119fe7e0af
816,vlcsnap-2025-02-18-23h25m13s140.jpg,filename_date:2025-02-18,filename_date:2025-02-18,train,bcd1401090533a168f587e0a07e17270d0e31b7c3359d68602ace192d336c8ea,5082e8aa16720493169eed7bc3f5f66713a43ff1cdb955a0a8d19a5e777b3289
817,vlcsnap-2025-02-18-23h25m14s922.jpg,filename_date:2025-02-18,filename_date:2025-02-18,train,837a1ead5e807b97a9b74e8422c7cceb7b6b2b9365c06524ac8ae75140059382,cb7d1b0e034959d31dfce7cd1194e406f12c42b60552aec38ca4410917471fc0
818,vlcsnap-2025-02-18-23h25m16s322.jpg,filename_date:2025-02-18,filename_date:2025-02-18,train,ba4f16ba84508350633fb2c3bfdf70f071f796912cfb4a129f9ea6a52f808ca0,5366f330aaf5a5b1f26a798cd6becfa1956783bc9ea0faf93b6d3c8568a54a95
819,vlcsnap-2025-02-18-23h25m43s507.jpg,filename_date:2025-02-18,filename_date:2025-02-18,train,71b357f2f9c663781c47530941214d5b85a2cdc55ca15bd8555676c98c7b3dd5,02ac8dc0a5ab320e610993570b7d8ce66ca395dcc340d0a44c91a63542ee5eea
820,vlcsnap-2025-02-18-23h25m44s561.jpg,filename_date:2025-02-18,filename_date:2025-02-18,train,eaa534f2b5e91e44d821a6ed879144c9c1b67ed1912edf780eee15a766b4e91a,fdcc0afdeb841ba362c8a81496b1f1e2aff03b2b6cbe9b9ad7894db471b5fd8e
821,vlcsnap-2025-02-18-23h25m45s670.jpg,filename_date:2025-02-18,filename_date:2025-02-18,train,22adedb7b58dd2add094ac8c08d63d2759d9215beb0c99577980362afcf1ffab,62918b5800c31089e063713543b80c5eabeb5a579c169197eaed82fa8ab7f38c
822,vlcsnap-2025-02-18-23h25m47s192.jpg,filename_date:2025-02-18,filename_date:2025-02-18,train,f6befc92262352d7c276890acdbe96aabddf9606ff6066739bb348c8454ce54c,a7671b44f2ba8175f1a6f30733a1f64bff2809d79043d48d7e46ec37c2f05f8e
823,vlcsnap-2025-02-18-23h25m48s850.jpg,filename_date:2025-02-18,filename_date:2025-02-18,train,505c485c4bb57b7f832c63b5fa1d7cde2f2dd4b0dbeb38c144a75853b8b304c9,86e38160821975546bb1be34d0f7c7ce98d213a98c76442e2bfc9e319fc23a7a
824,vlcsnap-2025-02-18-23h25m50s501.jpg,filename_date:2025-02-18,filename_date:2025-02-18,train,b3c8a6a968051a82222ec7332a22d2a2ad4c1592025fcbccfd0cd6fb5ef6d933,f1325701f7b5e96b82ab4f052dfcd36e014a86235e5846367c20377d191ce515
825,vlcsnap-2025-02-18-23h26m05s423.jpg,filename_date:2025-02-18,filename_date:2025-02-18,train,8f1466910143c71510af50895bbaa5fb81d38efd9bf5f9510dc1bb3f4e822c44,fb6edfe6af472a51d28566b507934a682930fc96f448b8bd8f78f0be51ec933d
826,vlcsnap-2025-02-18-23h26m42s214.jpg,filename_date:2025-02-18,filename_date:2025-02-18,train,5fd6feab4b3c0ef92cd810fd6e3a7be8afdeeea20bd0c051b2c820610adfbe2e,ac73c9acf6b3cb9775d9118dd986d69d58099693171a3d237ba6eddb4c648b4a
827,vlcsnap-2025-02-18-23h26m46s628.jpg,filename_date:2025-02-18,filename_date:2025-02-18,train,68b30ecd83f1e31b45d494527f8dcc7cdaf133f4c24beecd3eece606f815a30e,1eb82ad6ac7e24edad6d0c8365017bbeee1ab8e2b0d32fa262cd2c7f8ba5102a
828,vlcsnap-2025-02-18-23h27m05s418.jpg,filename_date:2025-02-18,filename_date:2025-02-18,train,8fec6dee220e3e60d49f45cd250732bd9d1b4ef2cb9518afc4e8de71d213d3bb,a7cdd4466d82ddb60f17ce065ecec1dfdb4b37d4b64c860e9b2c5b7f7ac2f188
829,vlcsnap-2025-02-18-23h27m15s316.jpg,filename_date:2025-02-18,filename_date:2025-02-18,train,d2a2d03674c8bae500807c68220e86f24aa05ae6230af800fa00ce3121f4de72,66d98bb3f6ac85a9fe15ddacd163b366a7379a09a18c09f4ae014a388cd69948
830,vlcsnap-2025-02-18-23h27m22s780.jpg,filename_date:2025-02-18,filename_date:2025-02-18,train,3957d957c5090ac07597a28d2ed47e73516aabc329445e61bbfcc20fa1a40591,faf84cc81b97b9ced43342772ffbbf2b4652d398351a3d34121f5b13bf5ba845
831,vlcsnap-2025-02-18-23h27m31s572.jpg,filename_date:2025-02-18,filename_date:2025-02-18,train,76bf2cf1d152da0948a6ee212459a7c964b6e8dd7d2620debd3baa54fa31eaa1,1c6a58d49376a0161864050fb9ac10f3cf4e1010d0c8389ab268be1d4b93ebd1
832,vlcsnap-2025-02-18-23h27m33s135.jpg,filename_date:2025-02-18,filename_date:2025-02-18,train,5485414931b592d2bec1e9adb1c17cf185b97b397881996ad4d29b77cec8cdc5,4411e554f41a027a13a0d3a7fd4cc0e58bbf0fb8ef18062e9f1c3959ff02df18
833,vlcsnap-2025-02-18-23h27m36s819.jpg,filename_date:2025-02-18,filename_date:2025-02-18,train,201784c8ab64e222a9949361c2244446a91f89d7d77bae68a3fc20d5532371b3,f30d18e3ba29c300fce052ecce4613896e96f8596456d037742f25b24d425edb
834,vlcsnap-2025-02-18-23h27m41s807.jpg,filename_date:2025-02-18,filename_date:2025-02-18,train,a9e682604316ecd5459d1448403967d613e963e2b4b922a6b227e403376611d1,6a2cb3f5915d49e7d9126b332872691900d9d4c11888585fc9245a93d2025892
835,vlcsnap-2025-02-18-23h27m47s699.jpg,filename_date:2025-02-18,filename_date:2025-02-18,train,63d5a4f2ee515978dbe4f1223de42c99987ebd89272e95e461889386eade8696,7372ab430add701d1d9f7a1d9960c1a87bf23d9b892ca27ec52931b335573203
836,vlcsnap-2025-02-18-23h27m49s136.jpg,filename_date:2025-02-18,filename_date:2025-02-18,train,cfc5e982e367a3d60169d0346d9d2614ed6cfea574f853dc2fa8b92e447b3997,66dbb48c9e7a9fa296469fcdf22c91436130e28c7c0e10f09bacf21952170566
837,vlcsnap-2025-02-18-23h27m50s279.jpg,filename_date:2025-02-18,filename_date:2025-02-18,train,ca93475294f3ba6d2a8e579b9104ce4767ddc918414318a4642dd1c393243cff,cc82f44b9b93a7a76cf1f140f42a4a6a6ea2639a63d632b3ece7ccc109c85ec4
838,vlcsnap-2025-02-18-23h27m51s328.jpg,filename_date:2025-02-18,filename_date:2025-02-18,train,e67a8dcbf401a804c15b91f58940d1e7f6293a0a5d940d27c15cbbf8678c6b99,211f3ad74c5f920f9b5347a7dcc1c8452eddb944e005070e300c7893b16d4f0a
839,vlcsnap-2025-02-18-23h27m57s460.jpg,filename_date:2025-02-18,filename_date:2025-02-18,train,57f160596e05afc4f0f5b743ca17c1c849921124556a7a47782b44c750ecc7ec,7af902b8449a9aea67fac7e69bc6c0ab229f522a164cd8e44831f0f3fa7c8fa8
840,vlcsnap-2025-02-18-23h28m02s296.jpg,filename_date:2025-02-18,filename_date:2025-02-18,train,887ec7d3e99ef4d2d7ff2b6afb447413a4ab11461a7b4db4d5cd690f1768088b,b06f2690f8f825e8f26619678cf059b916992797433dfa1e6a2ee1e3fcb678ba
841,vlcsnap-2025-02-18-23h28m16s517.jpg,filename_date:2025-02-18,filename_date:2025-02-18,train,c26561a00c640237727b6196a2feb593c35028a9af63f2e94a1b5fcdc7040054,97bc5c76acd60a9c71921c24464e6a194b5b382d3b816e539a62d5989b4b30da
842,vlcsnap-2025-02-18-23h28m21s081.jpg,filename_date:2025-02-18,filename_date:2025-02-18,train,d41816ca11d54dc0ecda717fa35ab7c9c74af4b44bbc9082238543d351cade94,a176cafbff3e7ef9ff8d4c5b3f04ca927cf3cee9c87acf0f8de025176a040e48
843,vlcsnap-2025-02-18-23h28m28s645.jpg,filename_date:2025-02-18,filename_date:2025-02-18,train,f31ac41e0f20b3e48b75fd0b5886eb8bf9c45ed7f07011935267160ede8f2aa5,bdc5dce23527f77b3821ddc7d26a0d1b704fe0813847f469b8c8a6a42deb679d
844,vlcsnap-2025-02-18-23h28m31s267.jpg,filename_date:2025-02-18,filename_date:2025-02-18,train,7fdbf79e260a957b68537dea5d96ba38f9e1435310682fc3b1c37daaf967d838,c8245f5d3b49c9f257ace9f8d16774283dae49151a3aa3c626ae210dc274ecf3
845,vlcsnap-2025-02-18-23h28m32s534.jpg,filename_date:2025-02-18,filename_date:2025-02-18,train,2dc4f284ad5e6875a1d5a1fd594bb23c5ac41b04337c56dc02848768583f17d6,8496fe8c94f102284739cf9334fd2a131380c7b9c44a97e4da7694ad2e659bea
846,vlcsnap-2025-02-18-23h28m35s937.jpg,filename_date:2025-02-18,filename_date:2025-02-18,train,29e1c4ef38e327529d3d3ba6e166b036374ab59edb8c5bf26ef333b189e88cd2,92a86dd8824ca7b4ea9c814ef8f008416b1a86157b9f491553f4a5dfd640b01a
847,vlcsnap-2025-02-18-23h28m37s345.jpg,filename_date:2025-02-18,filename_date:2025-02-18,train,621da22e51ec7766a49b9d9229aa512960f07f3128e8d0971e45d0b644dfc062,d341db6a1174bb8e2246d7c887cda743bfa7ad90894550188a5be525ade90507
848,vlcsnap-2025-02-18-23h28m38s634.jpg,filename_date:2025-02-18,filename_date:2025-02-18,train,d3a28ce1c0c867efb592c9d4677bff9a4ddddc429a38ecd37785a174912ba679,cb5127cf4126ef9c20f43b8b7814209bd7c3e221f72ee365da1d4095c0ab61fd
849,vlcsnap-2025-02-18-23h28m40s708.jpg,filename_date:2025-02-18,filename_date:2025-02-18,train,8ae0ddde9a9691f18c7d42aec7352f5ee912cb0fcaae4c62e402ea24f90a9ce8,f02272ba3b0b501755808ce120c20e8087b1f1c1358849d55bb0873bb1d4ce22
850,vlcsnap-2025-02-18-23h28m42s438.jpg,filename_date:2025-02-18,filename_date:2025-02-18,train,622a1be7e67690538e296a9dfc45a183719ace763ac798f04339cac5a8eab80e,805729aa9ed902ad8d0bf9d50c2edfedfdb0248f59ca3ce3f6a52be189b3abf5
851,vlcsnap-2025-02-18-23h28m43s566.jpg,filename_date:2025-02-18,filename_date:2025-02-18,train,572f9ec630c07430c3e558df00237d7c490f62a7cb93fab4957e0a1280de0539,a3ce77a0794d0e071f6860b932421924d323057d09b23b37de7b071e6264b079
852,vlcsnap-2025-02-18-23h28m46s078.jpg,filename_date:2025-02-18,filename_date:2025-02-18,train,616ca2f374dd9a59ad562472cbd29ab28de45a8291149c646dcec82811b156b3,82bedf87b73576fbd3157e4183987323de8cd74399bb4f374bd423a8b276f742
853,vlcsnap-2025-02-18-23h28m48s152.jpg,filename_date:2025-02-18,filename_date:2025-02-18,train,327bc2ead103983b585b5cb7af3acce1a5d639485460c399470ddfa137904ba6,2722cefdfc12635635771556d8accf070695eb693bc4cf106e1fd19a171e4273
854,vlcsnap-2025-02-18-23h28m49s924.jpg,filename_date:2025-02-18,filename_date:2025-02-18,train,5fbd8ce6a6a11bb96182c9b1cfbf3b1082e4b8094b412bd291e5905af322d790,6242e982b745be62234b14e4ab535223ca3700c8baf16e7752ff12cb1f2a3052
855,vlcsnap-2025-02-18-23h28m51s077.jpg,filename_date:2025-02-18,filename_date:2025-02-18,train,456d86ab83d03414ee7050a853ead48d9ce9510b6fa6bdf21e243f0a18f6a3ae,8786f9198e49d5ead129329b82ca4b5417a8b9f2969b0d55afcfdec8f5c7b432
856,vlcsnap-2025-02-18-23h28m55s133.jpg,filename_date:2025-02-18,filename_date:2025-02-18,train,2734560fb776eca9b74e68f3feaf7a36141ac1e417470c8f80af9ddeed67a294,279f27b333d9220b35c6074e3379fc19160a1387016e9174ddfea482f4c0b1a8
857,vlcsnap-2025-02-18-23h29m04s331.jpg,filename_date:2025-02-18,filename_date:2025-02-18,train,92d5ef4726a4687c676101ca171a66c5542f5afcba897aeade336df411870359,8a1a4f9b57d20fc6d55a1bc9124baad76cda8366b88aced4b49eaf85ab3d495e
858,vlcsnap-2025-02-18-23h29m05s904.jpg,filename_date:2025-02-18,filename_date:2025-02-18,train,924527e385c04e475581870e9aefd3e230ab0464914b2d75cda643c8b5075dfe,39c559322afadd90e0ef67bf10f556e9ce1cbed1c2f814fd3c00ea7daf3b14d9
859,vlcsnap-2025-02-18-23h29m07s392.jpg,filename_date:2025-02-18,filename_date:2025-02-18,train,72c40d27823011bc4ee004d7bf0e3b9a9f8540d3a57a5c383f50ec25e9ffb146,24ed86daa112e3eef0bb8df32fedda7bc714921966385817d0fb64219ea43cfd
860,vlcsnap-2025-02-18-23h29m08s868.jpg,filename_date:2025-02-18,filename_date:2025-02-18,train,94c380b3d080ac2ec7b508d751b154e023c5640053e4a0abc5568aeeab8c87de,afe185aeb6fbacbaa74a8a77ac04aa48c6662f79e7cdd50508506c10a5383de9
861,vlcsnap-2025-02-18-23h29m10s496.jpg,filename_date:2025-02-18,filename_date:2025-02-18,train,753f49a4cd568b32aa49a7491e59360e8c1fc246432004a582ef8c1282cc4a21,48b632e2350f66fbecfaf333f6ff1ff29988a1e16fe1cd7a3bf85af46e3f006c
862,vlcsnap-2025-02-18-23h29m11s728.jpg,filename_date:2025-02-18,filename_date:2025-02-18,train,8214f30d4561e8c52a40e5288153136da4df431890a5baaab4e2a56b94a15f59,8294dbdf19bfb794b3227b2086dfcb6a7573d841e41b19462405f293a48d052e
863,vlcsnap-2025-02-18-23h29m13s023.jpg,filename_date:2025-02-18,filename_date:2025-02-18,train,1a11f5e509ca789fe4f6b02584de809840bec9580c9b8e73c725acddaea9da1d,5859a512df8e7570b8fee206da7df31390c8d5d745ef7f59e7658b7c15777364
864,vlcsnap-2025-02-18-23h29m14s617.jpg,filename_date:2025-02-18,filename_date:2025-02-18,train,0e28061bfaa9cfde7cb5d0bc080146c44ee71d15452cde0fa1743321071cf955,0b560b6268372d2a0ccc71b994c509fbd6b7df58c9f5e8950ca0eb6797b37b31
865,vlcsnap-2025-02-18-23h29m17s065.jpg,filename_date:2025-02-18,filename_date:2025-02-18,train,744dfbcf75b97d9d1e8218da60480b6828a3b6f3856bdf8090e2fadee6003ee2,d2657754bf4621b193523495ff22153eac26d8c62bd7976683ace65353a16abe
866,vlcsnap-2025-02-18-23h29m34s346.jpg,filename_date:2025-02-18,filename_date:2025-02-18,train,c02f931e077734947b2a2bf56993d69b45b3495c485fd8e80522c30a4416c263,e86462b1f68fe53443665d56283504b30d789a234620edc4de96bfb2dc342f58
867,vlcsnap-2025-02-18-23h29m48s551.jpg,filename_date:2025-02-18,filename_date:2025-02-18,train,a5456d72c6d39edf287b7dbc44cb1d0b16e9e7c5d0f22ff0c92a6014a525029c,eb43bb3cb801bd6a8de398c39781215de9864606b8ee2b9deadc545fada00af0
868,vlcsnap-2025-02-18-23h30m06s450.jpg,filename_date:2025-02-18,filename_date:2025-02-18,train,d976770b0817aa52d8b2341ff1c884f7527e8775a4d932158484e4cfe82ee01a,e74de205f3309a3ffdfacd2cd0ac809847a48de40e75bb433d3185a1a87b1850
869,vlcsnap-2025-02-18-23h30m06s580.jpg,filename_date:2025-02-18,filename_date:2025-02-18,train,0590a4caf02384898d244231dca2de13d3625261da8f84b387ec918ae1ed73f6,76e389ebe98c3aeb7eb0e23bac7bdb8099ba39cdb653f051431bbe146b0107b5
870,vlcsnap-2025-02-18-23h30m21s944.jpg,filename_date:2025-02-18,filename_date:2025-02-18,train,ec6d8cab5f519a6a011ce28f367889ef40f67d1af71c43e265e814ad942c87f9,8cb00c3dd1c34b317a5b46074e66d4577a5bca2e4b85585f0b4c2f866d0d38ea
871,vlcsnap-2025-02-18-23h30m22s178.jpg,filename_date:2025-02-18,filename_date:2025-02-18,train,c399915f029cb5a9c0afd1daaf7cb7a3e1840c654711645362b87855d3ebf527,95433d4657552d4b3c456b00773085d37d091fa5b2ae3300acf75f1d2ab7de7e
872,vlcsnap-2025-02-18-23h30m22s402.jpg,filename_date:2025-02-18,filename_date:2025-02-18,train,2d80f5ecadf258772174a1d18dbf32381d9824bfc9fe363ed8d1f64bba13e575,77291bfe537b0172d6bc268681964bdcbc14991232e4bf98c1efa215f6567947
873,vlcsnap-2025-02-18-23h30m22s632.jpg,filename_date:2025-02-18,filename_date:2025-02-18,train,e65068dc5137f9339c0aad3e7b462bf895156eb0e1cf3b0b73a8966194e50b84,e61f149619fdb091ef3b3cc57facd6c8cdb35f1d907d09d3bfb64eaac738e58f
874,vlcsnap-2025-02-18-23h30m22s862.jpg,filename_date:2025-02-18,filename_date:2025-02-18,train,aca0e0fbf581666a1b05f4282964e009094055ed92c9bbfa6da78c5e4be50dca,ef6eabd8e29f661c24261fbbc8e7efe3b3f390e0c82ff887885cf1e0d304bea0
875,vlcsnap-2025-02-18-23h30m23s092.jpg,filename_date:2025-02-18,filename_date:2025-02-18,train,445251703a5ee226ebb0452feca9437619209df5ccd970d150ca09654ba0a4c3,22ae63aab44eb4b8e202ddd6af5676599bc6b2899f408eff630867d484b52984
876,vlcsnap-2025-02-18-23h30m24s442.jpg,filename_date:2025-02-18,filename_date:2025-02-18,train,5eb58eec4f404868470710a1fd1a7f4ad29b0c37ab47d730cdc650bddf3c9005,dd598f0d9f11b0f58bfc2042951fc7342d58347253f250f5181c16eba5818681
877,vlcsnap-2025-02-18-23h30m25s298.jpg,filename_date:2025-02-18,filename_date:2025-02-18,train,bf12d398683136b5f874dee87c5ad5fb946f099e8f06bc30385aec98ad2e0251,9dc8e42f6f81c5606c6f3a9819151cc97fd6571099bcfe9d034b2c51102a42ad
878,vlcsnap-2025-02-18-23h30m25s629.jpg,filename_date:2025-02-18,filename_date:2025-02-18,train,b24d8005f70e56008b78a2083293f9b879267be8054a482c9cc4bfb905b2182c,8f248c7affb3648abb35d7296e2373d14cd1d51c56fdd413f9bd324fbd1941c1
879,vlcsnap-2025-02-18-23h30m26s420.jpg,filename_date:2025-02-18,filename_date:2025-02-18,train,a65e34c3175599540d11069e29b63220f9baf07113e42240c617671acb7420a4,3444e47dac2838041e069ed1c327aca0eb0de4ab38ad0941ce6307b51ec54a3a
880,vlcsnap-2025-02-18-23h30m28s299.jpg,filename_date:2025-02-18,filename_date:2025-02-18,train,01b6c4635f21333ea92cb6c62c19328ba65104bc4536ec6d448645b4d826fa14,dd5038758bb0417aeeae406533f624175556c58b94936e18bcdf4d6e34a1acad
881,vlcsnap-2025-02-18-23h30m28s596.jpg,filename_date:2025-02-18,filename_date:2025-02-18,train,04c925d84c3121641e5062d2e03648b884e9ce23af23cdc9c9b9cca3e81075f8,cd1f6dc9e59c4650f1e4d422c7ad7f454b68c01e56c28e40d12a617a5e3e1813
882,vlcsnap-2025-02-18-23h30m28s793.jpg,filename_date:2025-02-18,filename_date:2025-02-18,train,7ad02c703523ccfa7d3fd65c5df5dc908aa38b6304a48e956d46e5741082104a,68801c5cd97f9770fbb366362f8cde8d78f429a50bd8ad232d1d749dac8f3b8d
883,vlcsnap-2025-02-18-23h30m28s990.jpg,filename_date:2025-02-18,filename_date:2025-02-18,train,52a861c5dfd71e12bc16370857db8c4969926b49c0d73a2fc2f59cdf0cf6aab5,8c7d4e8920c81aa67b12dc954f33ecdbad071059c7d8bd4d30fe3519058d27d1
884,vlcsnap-2025-02-18-23h30m29s192.jpg,filename_date:2025-02-18,filename_date:2025-02-18,train,1f2dbd14f794e6a9e4efb21cb68e1622e64bf415b2a3ddbce4cd2d2b1beed361,b887eba5887255d1268d570d1f91088aae8f3e56dabc58947ec2de653bf84228
885,vlcsnap-2025-02-18-23h30m29s418.jpg,filename_date:2025-02-18,filename_date:2025-02-18,train,adb39d1c737094e8f3c86f780ea87c4ac5b0ca18aab3e54390fea130625cad50,41eb39f6c99b943a43c7abdf446562b9b14e3218f857ee334bc5adc4c44a910a
886,vlcsnap-2025-02-18-23h30m29s649.jpg,filename_date:2025-02-18,filename_date:2025-02-18,train,3015f98803f9e0bdd5596b3f042fe496c56ac5071e9fb3b49d185a645e0d1f6b,b21b547ca3db3606b3c93c36e5bb8042322edfef4bdb4ced96e43b8aecf3d34b
887,vlcsnap-2025-02-18-23h30m33s376.jpg,filename_date:2025-02-18,filename_date:2025-02-18,train,05d8f83e4b9765277f6d1f5dc1694ef91c97947a0aa598cb0d67727ff86f8036,1924773ce664902dc0abf26e805e5fdc558b3761aac7ef54c16d91ee69f3bbf6
888,vlcsnap-2025-02-18-23h30m33s636.jpg,filename_date:2025-02-18,filename_date:2025-02-18,train,f6a0c36381c29c49eb83740dd8a99cd4287f9c131ea349a2e5f95510819568d0,e496e1989fa56dd449175feb814fb798d2eef9e8367f1494e65520b58d6730aa
889,vlcsnap-2025-02-18-23h30m33s871.jpg,filename_date:2025-02-18,filename_date:2025-02-18,train,35523ff59c01944099fda47471a3ae3e8cb6c8ede963a757b0f5e252f55ceb9f,9b49adb30bc1524d0e941018958a45da763a7e0b60503a42a3a7dfb1ad1b7d34
890,vlcsnap-2025-02-18-23h30m34s065.jpg,filename_date:2025-02-18,filename_date:2025-02-18,train,d835db2555073ebd6c9ad3438be7d20832e0243e99147133eda272a6225a2401,f1607871972ee41edc907b64f6122ee0bb146b939b4dec0e1c505d9320ea71e5
891,vlcsnap-2025-02-18-23h30m34s296.jpg,filename_date:2025-02-18,filename_date:2025-02-18,train,1165a848f25dd61a7023f200eb10c41d1e2e3d2bc2474393b91bcf243723b64c,906d1db9a244e4abce646d43d79da3abefa143432c2b2933c580701f275d14f8
892,vlcsnap-2025-02-19-13h52m29s173.jpg,filename_date:2025-02-19,filename_date:2025-02-19,train,c7c485390cec1761eacc27d3d7b1618c43a1351cdb06c8336ef2b9a3a56fa575,bc0c78bde659e167fd289066d1c924aab7ea851a2b3a389e923af32ab14909ae
893,vlcsnap-2025-02-19-13h52m35s172.jpg,filename_date:2025-02-19,filename_date:2025-02-19,train,fde6cd607a7e36d14a544186af0a5be0b3792e5de456682a31dd0440b2e7015d,a99d3cdc58d527f061c47e85bc245e76ddd597e74fca896dbd10a15fa2b4ba18
894,vlcsnap-2025-02-19-13h52m41s173.jpg,filename_date:2025-02-19,filename_date:2025-02-19,train,b98a68d73352f1d54aec8446e9caa3cf2dabb60357d44bf194f40636a05682a8,f04b92b27fa60b77424f560daa51f92f629947c49e2112d27aef0a3f012065e7
895,vlcsnap-2025-02-19-13h52m44s869.jpg,filename_date:2025-02-19,filename_date:2025-02-19,train,3de5934571f42ad9e35efccf57b32b2910b7411f7c0e3739d98fb2201a4a1b07,498569605542795f9c325bbb64804134b83bd5a9a1083286e7e84ee56ed7c24e
896,vlcsnap-2025-02-19-13h52m49s424.jpg,filename_date:2025-02-19,filename_date:2025-02-19,train,9d8bd4f24203676be2084aecb77abce3e490de89cb7314f7d960723e93449ff3,95d76f81194fbb78b454f99d60515669aab54a59010e5fe93a1acfc94e143db4
897,vlcsnap-2025-02-19-13h52m55s313.jpg,filename_date:2025-02-19,filename_date:2025-02-19,train,75bb87a42acbaa6ddc54cc716f91c1b8fff3cea017510030b52615b65a5a14d7,e0cff9e373d8cca282a81f1a63117ffadadfe5cc5d9229144829764419c0b1cf
898,vlcsnap-2025-02-19-13h52m57s218.jpg,filename_date:2025-02-19,filename_date:2025-02-19,train,6a7a09cb9d1b2e7fb3e69b072b718cca5e831453d41102ad6a7d446517ff2608,b2ef67987dd30a53113dac05c1f0e866f9089f207159aa97ea364695d9303180
899,vlcsnap-2025-02-19-13h52m59s472.jpg,filename_date:2025-02-19,filename_date:2025-02-19,train,bcf7cbf2d66fc797133d166a717a7c912a6646ba6808cb414a0d86d0443dd941,b7dee0a88c25ab7afafa9c6455260fd0204aa20f06439a7653bf91bfa68f8725
900,vlcsnap-2025-02-19-13h53m01s070.jpg,filename_date:2025-02-19,filename_date:2025-02-19,train,1696fbc37fe923f3567ddfb7c99c2e7247d65074f04001d3e3c495398a599ab9,c6b0a05027dc6a6775feb42e768b82a2ab9650876848656ebc62d17fadbfe28d
901,vlcsnap-2025-02-19-13h53m02s335.jpg,filename_date:2025-02-19,filename_date:2025-02-19,train,43b163436034c9d2c317cf76274a4a28d54c9ab761f907ac7e050873a7e80ce1,5909396acbe67a4a194638ddbe045089bb7074934b642054b9f89a299e93ed33
902,vlcsnap-2025-02-19-13h53m04s962.jpg,filename_date:2025-02-19,filename_date:2025-02-19,train,f695071fea71826336be690d2deb1414f7bc88964fcb220b29bf74920ce08362,f09e6eb765e0efd16449de93d4383ce2ccf27d0a8231120079cd814f04399189
903,vlcsnap-2025-02-19-13h53m06s133.jpg,filename_date:2025-02-19,filename_date:2025-02-19,train,c5d3d851e3100f7037a730a6dfb6b9f5ca2038c013d7b0c0aa3c3ffb60c9b991,358e51d6941106dea268159b9fbf815a99e7c6ca6766b1161785d15e33393621
904,vlcsnap-2025-02-19-13h53m07s405.jpg,filename_date:2025-02-19,filename_date:2025-02-19,train,bd7ff6d21585cbb80af5d07b8a4d4f998c359ca34a22fecea9eb3b6ca92fa95b,53d85a70a090cb5463100bce7f5fbda4774eff46721b74ff0a7e75674af2560d
905,vlcsnap-2025-02-19-13h53m09s268.jpg,filename_date:2025-02-19,filename_date:2025-02-19,train,b4b1948adfb819d7926f623d0ac920051a8ce9f9c04d68d0b06eb458b4bd6cd6,7e164a98c6757ef86e2f451f29afa0ab6eb67940b963d94828633283b4550b96
906,vlcsnap-2025-02-19-13h53m10s535.jpg,filename_date:2025-02-19,filename_date:2025-02-19,train,e25330b231712039ac93d85672b02b84c72bc6e3f07c197316d78e1b24a8e405,c22c7a3e3c4b58c678db6f2060f563239f9b20a5c27ee7233ff46a7884a8d10e
907,vlcsnap-2025-02-19-13h53m12s243.jpg,filename_date:2025-02-19,filename_date:2025-02-19,train,fc325880b61e68cc7c1ce350d82330f2d413bf1af25ea847af66459b47a738e4,6847dac51be6828be5eb71ce5a8c3169e4f034e182fc97b1beb529b9b6b42cad
908,vlcsnap-2025-02-19-13h53m13s598.jpg,filename_date:2025-02-19,filename_date:2025-02-19,train,1c8829fb1f2ff6307f20422a017b9276dffd427d91e9d63c521302d8344d8a87,1ecde07b39d6fc321b912a6b41e3c6b6624aee278723dd7a5bb4bd962ad8ded6
909,vlcsnap-2025-02-19-13h53m14s903.jpg,filename_date:2025-02-19,filename_date:2025-02-19,train,17ac9b801e38d82385a8042669fd62609eea702a71d4a076b5724aa98f497784,c606d9a7ec4d40733520c98f806d693e9c76741ce79e371d3b9118cc6738d554
910,vlcsnap-2025-02-19-13h53m16s389.jpg,filename_date:2025-02-19,filename_date:2025-02-19,train,735ab992af2aa58c4e8af268d80ca9f70102f83abbf539ce57c2bbbfff3e9c4f,8febfbec1267b5b3468987754ebdc0610ea7e5797324ac2172c259e6b07a8087
911,vlcsnap-2025-02-19-13h53m18s160.jpg,filename_date:2025-02-19,filename_date:2025-02-19,train,bc638ef123c738978c8fed912d6cf7485341784ac2e6d29e0d67b790851cf64c,212b25e8b6a5a46b3579b65acfa10ee423e6968c021c7f1d7bb8fb25ee3d4fd9
912,vlcsnap-2025-02-19-13h53m21s401.jpg,filename_date:2025-02-19,filename_date:2025-02-19,train,1c8ed0441e91732142eab02e30a3498794247494ec785135d81ce00913114e5f,35613490608437abf8b46b07a394377784e78a6096a4afbd93cce7e5bee899f8
913,vlcsnap-2025-02-19-13h53m22s735.jpg,filename_date:2025-02-19,filename_date:2025-02-19,train,c46686b22ff5e15015d311b31833210d8864f6bde1d8434d31e0bcccdbd304a5,5ec2f1a405c2da38c5ec33fe6da29152393d3c12c2be27cd780f3b7dfbaad025
914,vlcsnap-2025-02-19-13h53m24s120.jpg,filename_date:2025-02-19,filename_date:2025-02-19,train,1bdfa0eff752b93afae20a93db023f922a26c6c06acd649e096e056f622e6f1c,ba9b0214187a6175d9b03be11b982e9cae3c2b84cd30552209ac493a0a8a2951
915,vlcsnap-2025-02-19-13h53m26s148.jpg,filename_date:2025-02-19,filename_date:2025-02-19,train,3e996293750630bb655d1827ea18ac6e022774e956a930984388608354fea36f,dc5e76c44798431b9676b65fae8330d4117e0315cd84e9b768c3bfcd056f527b
916,vlcsnap-2025-02-19-13h53m27s318.jpg,filename_date:2025-02-19,filename_date:2025-02-19,train,7857eb2c03ef26a790a1de3b304cca7b5ca13aa15edac1daa56ec831965b5e0e,9b6b8057216dc742c8662320017e6f4eda6e7bb207d29fd7efa309d1f61cdbea
917,vlcsnap-2025-02-19-13h53m28s938.jpg,filename_date:2025-02-19,filename_date:2025-02-19,train,5f5966713fcd6110e9ad25870537cc80d6044f8b599d8632264a4f83e6ae1cf9,3fbc24c17f49c890c9c62779d43728da5bcc4a64f35eb5009f7886189d33647b
918,vlcsnap-2025-02-19-13h53m30s157.jpg,filename_date:2025-02-19,filename_date:2025-02-19,train,f1c5f64ccc63a1aafa85fba66168e8513b9428ff2360ad6872d3414815f6175f,5e1edc8c0b3634c00c29f3cd359e4224a84213dfd81281713f21dff56425d077
919,vlcsnap-2025-02-19-13h53m32s539.jpg,filename_date:2025-02-19,filename_date:2025-02-19,train,a2abaeaf7b3d269d0eb21de858d7207e4f008738c0b501b9571f8831349c9a46,bf4879d68a37a4cba87d6603e072ef53dd5800399a11573c85368ed45aea8ed8
920,vlcsnap-2025-02-19-13h53m34s588.jpg,filename_date:2025-02-19,filename_date:2025-02-19,train,c123e8c7257c6c318c991d0f973a90ec58c10b011caf9910f8a0102ed9f7c49c,4c62b22981d7fe9325bff976e24a879e88efab88e14bba42403937b837ae692e
921,vlcsnap-2025-02-19-13h53m36s587.jpg,filename_date:2025-02-19,filename_date:2025-02-19,train,59614f323fd2cd6505d79b6f25b25c7a5370a94a46561fb45fb93e55c805a44f,0fe2f8a1d90e289715c805590ecc33718e0877f115d2894366e8e081369abacd
922,vlcsnap-2025-02-19-13h54m19s086.jpg,filename_date:2025-02-19,filename_date:2025-02-19,train,5b82898b8cd265059af7b03cda5317f508a8b1e0147d155bd434b10d58c3785d,8b01c57c450fcb508d7fe8177d3531cc295b005fccf7bb6b643c74b34889c354
923,vlcsnap-2025-02-19-13h54m22s478.jpg,filename_date:2025-02-19,filename_date:2025-02-19,train,93d54009b8516278616dde149a980c224050cf4088d0cb08f2aa39ca8e52b3a5,79a182bbe788d5471c80564fce45c7f4819af3ce34bcfc1f919851c1ec767e3e
924,vlcsnap-2025-02-19-13h55m07s152.jpg,filename_date:2025-02-19,filename_date:2025-02-19,train,2720c22446ac4610aa51de5e1f765a035d2ee6842f2bbf7e029b1591cc7bfd02,a5d2e4a896af576b5b165007d2ae8db6620f974aa99f2a554d26bffdd52e2a98
925,vlcsnap-2025-02-19-13h55m08s634.jpg,filename_date:2025-02-19,filename_date:2025-02-19,train,5531791ee30268919d9062f9256a2a7eb09a73b74cba2210d67395d8769255bd,10fb6bf4d2de87417284f0c0f7fed232571b3a0f6207f645dd6a8d3eb3ec9ed6
926,vlcsnap-2025-02-19-13h55m14s182.jpg,filename_date:2025-02-19,filename_date:2025-02-19,train,1ab018fd25aec3474491e34bddf2d1f948108692f601ea34582f73fde3cd5900,69f59560102e189462346bb03f3d66a0652ffce7d1afbdbfe7cfc1181573e84d
927,vlcsnap-2025-02-19-13h55m15s388.jpg,filename_date:2025-02-19,filename_date:2025-02-19,train,4a62e7a21df420ace8688e88cbe16ae24ada9a2335bd1eb01a6a6d11c1b0a98e,32e65680afc860b40e3c3faf0ff60c0f2139fe6c512ba815dd8ed0fab19a25c5
928,vlcsnap-2025-02-19-13h55m39s761.jpg,filename_date:2025-02-19,filename_date:2025-02-19,train,dacc99dfcfe92e5bd47d76a4972f70fc569df99c6653fbcf1435226ed85ba7da,b10d3b902626cf93288c8f142288b5b398a16d4f9f5c199f20a1adfabb0e9333
929,vlcsnap-2025-02-19-13h55m42s086.jpg,filename_date:2025-02-19,filename_date:2025-02-19,train,2df43ffbfb8d667280b711d0a12d238c660646b75fc3f285dc09fe02bbbbb644,4eb2bcfb363da4eb6655d4b23d9bb2f6c4ff94d168d67f1b469a032d832181ce
930,vlcsnap-2025-02-19-13h55m45s135.jpg,filename_date:2025-02-19,filename_date:2025-02-19,train,d1331459af883312af2ad6216e698a15871a0069601b61dc55e184e9b040ba46,5904adfdbae1a9595fe78c8c8771650f42c6b05467d646c157754d4df2510365
931,vlcsnap-2025-02-19-13h55m47s384.jpg,filename_date:2025-02-19,filename_date:2025-02-19,train,52d17c7e3eb9e4f86b8c80c5de418f155cfcd1f47e85f266ec98eb486d79b1ec,c50c091357947d5c12105f6a6031ce91ce0e948a2ceb0e2a7a78ad72d64bda07
932,vlcsnap-2025-02-19-13h55m49s999.jpg,filename_date:2025-02-19,filename_date:2025-02-19,train,de3f59d4e9c259a8bd0a6ed21235f1157db119eab848cf0e56a3bf093930f646,38d73e1e4f5d5f6c56f6d310753e7ffc815f207055b3acc12859430557774dfa
933,vlcsnap-2025-02-19-13h55m53s838.jpg,filename_date:2025-02-19,filename_date:2025-02-19,train,21927dca47a791a2818d74e2f7e7ac65a27f0b5f1bef45353f127df2b3004793,5f4ac0806031c8d3004a55775058e4d305ff63ea3178c16446c90cc23ecca93a
934,vlcsnap-2025-02-19-13h55m55s177.jpg,filename_date:2025-02-19,filename_date:2025-02-19,train,c15c5384a86632b29f9f0a8e99c6c7cce107b87829fb54783f6b10c4c1e4b54b,62590e6c2c5283908ab60b697a52f262a5c3f06300c799ee43ea015c95adc2c0
935,vlcsnap-2025-02-19-13h55m56s975.jpg,filename_date:2025-02-19,filename_date:2025-02-19,train,e1b0730e7e4e47e717c996f981d024ec84cbe76d7e5a55b56da7ff9d5e880905,04109496ab350f495c19059e106275f36d512be2c2c6ff018bab29142ee951ee
936,vlcsnap-2025-02-19-13h55m59s825.jpg,filename_date:2025-02-19,filename_date:2025-02-19,train,adf70e7e2d45043e76ec790f571e1fa17f4fea58d587997a5ba18cb20ecbc333,788bea50d2f669833d2a15b109dd173053e3c913a1175161ff1bb7b0de8e48ae
937,vlcsnap-2025-02-19-13h56m00s948.jpg,filename_date:2025-02-19,filename_date:2025-02-19,train,b6c1f8ab63ce71cfbda594da3825ac4a0a5a0dca1ff28af24d15a2ff475e5966,57d6c2f2f86a83bbf083809d2f30f7a6a853e00ceec889b0113db3e6801acfc0
938,vlcsnap-2025-02-19-13h56m03s897.jpg,filename_date:2025-02-19,filename_date:2025-02-19,train,20dc121b4f5afdeae41841b120fa0209f5f69958fd3cbac4560c8c467d3e9de9,30de8ecf8e63b30ab36073d35bcfc0fdf9cc55362c3b5e40ac1e6dc748d10bc7
939,vlcsnap-2025-02-19-13h56m05s774.jpg,filename_date:2025-02-19,filename_date:2025-02-19,train,4ec722a9ba8c75ee1ea9d209cec12f36e54b7c5849c27fd328022ecdbdf06bc8,18cc98c74abc3cfa77061bec688474475b01d34a9fd3688c2116072857a3e782
940,vlcsnap-2025-02-19-13h56m06s574.jpg,filename_date:2025-02-19,filename_date:2025-02-19,train,4a9b48647b82a68e1371cfe6cb5500535c71317d16c4ae3fcfc701a888328b44,fb2176f6314f1706808faf5c1070dd2c96cf6e200aa3e1d6ead2c21500e74479
941,vlcsnap-2025-02-19-13h56m08s483.jpg,filename_date:2025-02-19,filename_date:2025-02-19,train,05c95f02a35d936de0dcbb2dbba686de6025e67b927ef6c0150f8097efeb9279,c668cb7de9407270c6d602f8787a0a3d1016342d88686ef06fad4c7a3ef9b256
942,vlcsnap-2025-02-19-13h56m10s417.jpg,filename_date:2025-02-19,filename_date:2025-02-19,train,c8f469b72e7ea2ffce09320a64211faa9fdc77d25834f5b8c56e891ca997d033,08a738ce85256b61fc54cbbde953caca13210151279cc8cfe6690c22e9a7128f
943,vlcsnap-2025-02-19-13h59m33s924.jpg,filename_date:2025-02-19,filename_date:2025-02-19,train,654e28ce2b387076571082235848ce03daf26cd4330b883ede61052740253d07,840105471a66d6c057ea7e2791b9b06ba1488398ac89c36f78a8c48cb7d216db
944,vlcsnap-2025-02-19-13h59m35s605.jpg,filename_date:2025-02-19,filename_date:2025-02-19,train,13587c794e20e53185d57cdad8762c486bb2b68dd13386f94e92f8849d5132ef,ac2af8e942b32a9b37d8acfe46ba631210138d4fc13ba266d195ddf3c91e64aa
945,vlcsnap-2025-02-19-13h59m36s869.jpg,filename_date:2025-02-19,filename_date:2025-02-19,train,d80ca1130b891e289eb38dbd594fb966ac91b3d1e755a9989987387bf050b0ba,0b61c1e09ca5db6ff82ce51cae46902062e4c858603fac8cd37a540bacd1c560
946,vlcsnap-2025-02-19-13h59m42s553.jpg,filename_date:2025-02-19,filename_date:2025-02-19,train,4830a76b53e4674423999c39f805bb5a0264fc0e21e52db19a8ec2014f27d54f,34f98b0c6d24313da274141cdd29d592605e61eb43a8b639df972d98b9e02ac2
947,vlcsnap-2025-02-19-14h00m24s299.jpg,filename_date:2025-02-19,filename_date:2025-02-19,train,e4ee0d07ef4568538362bf0b365c83d0132eff5df2537f469eaae228b4a60c3c,6dd2f48cdd615ce9c31f6ecb5da18553d4e9b677c7139eb997a551ef479f75f3
948,vlcsnap-2025-02-19-14h00m34s961.jpg,filename_date:2025-02-19,filename_date:2025-02-19,train,a795655e74f25162f8a103da08a0752c7152580d19f129b1ea0fe0a7a3d9f2b7,ab3575acce6d407a878770d9a3b0e1d0daed95ce7eaede6dd1ffa67795c00885
949,vlcsnap-2025-02-19-14h00m36s546.jpg,filename_date:2025-02-19,filename_date:2025-02-19,train,2b12d6e72ff81440c1971ae446b51f705d15a87173b3c4e09dcfe128d79957bb,6280bdfd21ec76380b7a94ce204724724a778e3e665d8c42a330f405ca7f27f9
950,vlcsnap-2025-02-19-14h00m38s656.jpg,filename_date:2025-02-19,filename_date:2025-02-19,train,dd0b51b8d85977e9ec5601388a3821b7a451fd4212f94766dfdad03b2122e269,c4909e0fd0349fa5bd72a816fd3fbf57a77fc66e797eddd761ac365fdb476f9c
951,vlcsnap-2025-02-19-14h00m39s870.jpg,filename_date:2025-02-19,filename_date:2025-02-19,train,69a2d8920fb419bde2aee490b3a1ae12f49cca2f903f7e647f614cd78d8b330f,5aaa98561aafb5a2625461aff64abf2c71ba5524ef9c4bad9828175e3848b454
952,vlcsnap-2025-02-19-14h00m45s970.jpg,filename_date:2025-02-19,filename_date:2025-02-19,train,6b49f1c455d46f1a37a4ef982ee1885c82458ad299c51703636e6d1eb7d1ef4d,bbcee0cbfea3411fc05c3c7c5efb75aac68eeb899d6c8a68b6768de154d6b822
953,vlcsnap-2025-02-19-14h00m47s155.jpg,filename_date:2025-02-19,filename_date:2025-02-19,train,556aeca06afaa2f5e1a9f6054e127c8aafbdae128a4b72e4ba06e7224265b4d6,f8cc029f427a2021f3aead2618910a1aad660de223851a69356cf05702d40bb5
954,vlcsnap-2025-02-19-14h00m49s193.jpg,filename_date:2025-02-19,filename_date:2025-02-19,train,aa53cf6c790dc2499d2ccebc2215560bc219f6a720893da4c0781477bf02c7c7,8d2917455e0290495d877e6cbf9ad66c19670f7c998b77f52fae37854c05c12c
955,vlcsnap-2025-02-19-14h01m01s373.jpg,filename_date:2025-02-19,filename_date:2025-02-19,train,d1864bc02d2a491e4edeca1659f9c02954b4c025ecd7e2712f6d5e33e60d8176,54333d0a4f245414f921425ebfe81821743533abf09f94e8e64a3156e7470797
956,vlcsnap-2025-02-19-14h01m02s960.jpg,filename_date:2025-02-19,filename_date:2025-02-19,train,345979be0af2c8f69073b8edcd47622d18de5816c8e5caf1803e65644660903d,3a659b5638a09c523fd14fcd4db69fa80811b627048a3caa68d524936e1a52d5
957,vlcsnap-2025-02-19-14h01m06s349.jpg,filename_date:2025-02-19,filename_date:2025-02-19,train,cb1cc6552fce77cb95111c5b77abc33deb9f84e3acf105bd27b5cc200773b34e,452bf861f6b12e5cc97c08e66a3749225b5c9c9f93c2a3b256b5ffdf0311c650
958,vlcsnap-2025-02-19-14h01m07s334.jpg,filename_date:2025-02-19,filename_date:2025-02-19,train,db091a1afcc2e1ad66729be800200a2e8c5853bc91e737dc064e1c93286ef20e,dcc1a5ed9e8ec9247973f778047c75160c096cbfd4cca4fbb34c5833942a3e2b
959,vlcsnap-2025-02-19-14h01m27s651.jpg,filename_date:2025-02-19,filename_date:2025-02-19,train,a34413278ae7645e99796a4076a69c2a85d13fac4718be8a0a89f52e41b7d3bf,0b1881110af04b578d37bd65ce960385120fdb858c73f585748c510bfa1d44b8
960,vlcsnap-2025-02-19-14h01m30s033.jpg,filename_date:2025-02-19,filename_date:2025-02-19,train,9faf846187a1e0bb36be595fd32d9d4be6a1109c756c1dcdd49f7df8eed70ec5,166e51923e89da9821a3aa1c3f3de554202ece284c0b382046aba5fed54eab13
961,vlcsnap-2025-02-19-14h02m12s428.jpg,filename_date:2025-02-19,filename_date:2025-02-19,train,259e166bb03189912b8354cc352480b9902a24dd4df10ee96b24c2f606f879c0,d94b1ab46e83c8469b8a4a54c94f26080cd93644e61a7c7a4dc3679e6f3f7309
962,vlcsnap-2025-02-19-14h02m13s928.jpg,filename_date:2025-02-19,filename_date:2025-02-19,train,376003f4989f9ac0fe0bea3e42a188e3af2227ea12cb6e3a9b42eb8ac12def76,c5d84235688ed94a81e15921654f05049eab5b567a559d1d197e019c5b0f0d2f
963,vlcsnap-2025-02-19-14h02m16s715.jpg,filename_date:2025-02-19,filename_date:2025-02-19,train,f6b253ac61f3cf2df814661be23472e75bc02c16dcc4583272d47c1376a50e54,9663a2d155bb5302e1fe81efac91b32d20529be489ab77443ba35110e07e138e
964,vlcsnap-2025-02-19-14h02m18s520.jpg,filename_date:2025-02-19,filename_date:2025-02-19,train,747c942621e39f6fc0e0283554b80996d5dce0890c5a11139a1b6f44b26e48dc,e2534cd69afd7b6ed3f218e7a1d7a7b2ef4415c04ef5397ec7690d4aaf11034d
965,vlcsnap-2025-02-19-14h02m20s317.jpg,filename_date:2025-02-19,filename_date:2025-02-19,train,3f8163cc248093758f931ff86520eb847d56ad244f639cfb1604edbdb3daeef3,46e1264d27f7a1c9339233d9c0411e0b3399d8af07f33f5e438df8bdf56a62fe
966,vlcsnap-2025-02-19-14h02m24s781.jpg,filename_date:2025-02-19,filename_date:2025-02-19,train,18c403ff605ac304c874c294111bba69611be44b509806b30860467906707669,7e62d5d5798320c817eb01fc4fee8e9f78056b17d6f1f756d713ba8d28281a0f
967,vlcsnap-2025-02-19-14h02m26s218.jpg,filename_date:2025-02-19,filename_date:2025-02-19,train,04704a7a035cc3187b419abb11b748a6c731895cf0ae628c3b026f8e1f2d023e,91c354553c3de5e017847097d18075364d8d516ba2560ae77e8651cf5ae5f438
968,vlcsnap-2025-02-19-14h04m04s152.jpg,filename_date:2025-02-19,filename_date:2025-02-19,train,3def2733146888849d60bb4f02073e5f923f46ad5464b4a3dae6f38f57e197e9,4f06731fe993ac01f8a45152c6a4265b9a45b1c8924823e8cc88aac40681c118
969,vlcsnap-2025-02-19-14h04m30s627.jpg,filename_date:2025-02-19,filename_date:2025-02-19,train,7a9795506251b72c15f854f739402d4b1daf13957e2d4bf14f9ee19b555700d6,b73ce2ede48b9799af42b97f723f8c02d065cd9f781be002fc664296d8b08ce7
970,vlcsnap-2025-02-19-14h04m31s687.jpg,filename_date:2025-02-19,filename_date:2025-02-19,train,cb4119d5621f38054e600b0f3eee3fa08d21ce7460e2a838433efc50f0a32241,24771327907a507d5a3b3fda55d749c3c5d591a44ea2e313eb0f36638c76baa1
971,vlcsnap-2025-02-19-14h04m33s119.jpg,filename_date:2025-02-19,filename_date:2025-02-19,train,22c9eb829c7e4f618ffb7a8899335370c8ec8a82f1c055044d34321ff281c92e,f7968424bd307c07cf4917dc245501743893a5ef413933e6e1d2431069d8da01
972,vlcsnap-2025-02-19-14h04m49s988.jpg,filename_date:2025-02-19,filename_date:2025-02-19,train,b5836ebc48c4281a3deadfd89ab9d7f090a646656f0cf914ab672791cbc551a9,35a545c71d6be88a9f6f25291aa275c9da224f149e92cec46f1303a1d83e82ab
973,vlcsnap-2025-02-19-14h04m52s830.jpg,filename_date:2025-02-19,filename_date:2025-02-19,train,1d794e3e95d9a9f58a6b5dc0293c7d7773eaf055a4ebddd0d6dcad613867980f,e549d1ed5ac471fd1dcccc106c47f369fa8ff774da9deda3209dcc879c3381db
974,vlcsnap-2025-02-19-14h04m54s435.jpg,filename_date:2025-02-19,filename_date:2025-02-19,train,5309edeb9bf32cc22ac21e7c0973a906fd15403b6661594ef175fdcbaf91831a,2e32204c1df59c477d2e36f55211aa01464053c9f1297a81561cdda50e5240af
975,vlcsnap-2025-02-19-14h04m56s627.jpg,filename_date:2025-02-19,filename_date:2025-02-19,train,8e0f96eef4b328e084f768b111801d1d6e2b45d04773fc2e4d0e4f2fd519756e,27ff13422353eba0c250ec4f69717a9a80f13110dbf50350007124b499f94ed2
976,vlcsnap-2025-02-19-14h04m58s785.jpg,filename_date:2025-02-19,filename_date:2025-02-19,train,2f1caf1753d9c3e93ba40d2f520baf8e7cdcd1c010668fee8ffca2bb6dbb62f7,ea4c4d1e68a4294395d726891f396f65520fd5cc5725cb4df63eac42b786e8ab
977,vlcsnap-2025-02-19-14h05m09s849.jpg,filename_date:2025-02-19,filename_date:2025-02-19,train,03c07f43d04cecc48f900be6eaa5150ebffa630d45c6b41fc0b6e27073c75070,d6d8f0e57781801d704d9c422f494ebd19e70da44f413138b842011770380071
978,vlcsnap-2025-02-19-14h05m11s136.jpg,filename_date:2025-02-19,filename_date:2025-02-19,train,2ddbc738ef47904b6cfd444c719c397fd746944c9f4e371ac1a03d8a9df6d8c2,beba56c2c713380ba0267902ea3f3af1ec239ba2c09f1e3071d32a34cf7e2556
979,vlcsnap-2025-02-19-14h06m18s450.jpg,filename_date:2025-02-19,filename_date:2025-02-19,train,4905590f73bbd832e4d3ebfdd756a889a25a5ed9d295bcf7a2129f7cec3e68d6,42a8b9a785b9fd6d973083155eddf0ad3a8fb64e370ced087ab43d93e1f3b2a3
980,vlcsnap-2025-02-19-14h06m28s504.jpg,filename_date:2025-02-19,filename_date:2025-02-19,train,290e460c2bab962fc89b4bd45fe289a8243de1aa921e19f395afa0622889d0fb,a9185b70a2080da3bbb7db4991dd9b9f9c2fdb331149d5f4fc21377edfc47a31
981,vlcsnap-2025-02-19-14h06m29s598.jpg,filename_date:2025-02-19,filename_date:2025-02-19,train,826a27858f221c199b936746855927a21d2fbb1e5cbf50e530d0548d2d277bf7,26fa5ede733f3e28ae9ca698708752736f75afd3b2e7abbf417f079d056db849
982,vlcsnap-2025-02-19-14h06m44s323.jpg,filename_date:2025-02-19,filename_date:2025-02-19,train,d1389c526777845e139661b6c141025305f955df239524968d81f6860660772b,86b8c6d31dbe7b84343c4a35b7d7787ee9240c8adc49455059d0d45b8397bbb5
983,vlcsnap-2025-02-19-14h06m46s071.jpg,filename_date:2025-02-19,filename_date:2025-02-19,train,e7f8ecc478a30467271b09f2e0ce4c02953bd498ed8e11dd9325ba310f2eab10,3e485517ffdb31e78ff91d30419426c9210dba72bc124df31b81a8f5bc62a863
984,vlcsnap-2025-02-19-14h06m47s953.jpg,filename_date:2025-02-19,filename_date:2025-02-19,train,5f305ab795d0a862537c4b971f35df4f05e1034885e9003e7306ee88289f3ebc,279572aac65ba71a595d42dc43556d09c6f3e750cb418eb9a51f9c20501ed6f9
985,vlcsnap-2025-02-19-14h06m48s938.jpg,filename_date:2025-02-19,filename_date:2025-02-19,train,62789f76e0873da361d828ef529bac0be55700d10c1cad263a9ac0dbb9768a5c,1819a2d3cb6b366ba86839983bdd026e50637ff8e8fd1ed2cdfbce9e82245e6d
986,vlcsnap-2025-02-19-14h06m58s511.jpg,filename_date:2025-02-19,filename_date:2025-02-19,train,e16d7e54982db1ad9d843d2e54766593606f7fb00ba0420b7cc45d26d11c9704,7b095c6d981de1f45ec2a83312b4de29d1a50966580896eb0d72e42082052c8a
987,vlcsnap-2025-02-19-14h07m10s853.jpg,filename_date:2025-02-19,filename_date:2025-02-19,train,45b9348990348e09b0c918c9aefb110ce6f494b7fb7cd0385a25c8229469d966,6ada0dfd095612879b0642db41a35a5c9cb6934ebc25748684feecb8618d8203
988,vlcsnap-2025-02-19-14h07m11s728.jpg,filename_date:2025-02-19,filename_date:2025-02-19,train,09b5479ab92aa7ab3479c3ae3b57e0ea5435e7071484b9e3db7c61fa71d70184,bd2a09ebae1fa13239b187960bda6078c5c57f3ed13afd3da77a001e18656f3d
989,vlcsnap-2025-02-19-14h07m15s238.jpg,filename_date:2025-02-19,filename_date:2025-02-19,train,f831f6474999383c48b85d1b330a9ff3ceeda1bc882b1ff5a614be032f0f004f,38546493bc78b87d0c9a4479e60c44f550386d9549b1a087eb26e1e8d6753035
990,vlcsnap-2025-02-19-14h07m17s013.jpg,filename_date:2025-02-19,filename_date:2025-02-19,train,74b45d70060c50be073a2fb1e36ccfef51bb2b480e733418daaf3d5033d64d96,9558fd7c5fd7240bb30060d21c9339357cdeed183e9811be2e2492b2a25aa8ca
991,vlcsnap-2025-02-19-14h08m40s522.jpg,filename_date:2025-02-19,filename_date:2025-02-19,train,33213b0e9e9c8f73b6d53f941f6e8719e9145642a880e9fac7793076667159d3,f155bd1fec0af393bdb17d67d88d92c3c8ea3ed2789272968a7670fd48c37fe7
992,vlcsnap-2025-02-19-14h08m41s845.jpg,filename_date:2025-02-19,filename_date:2025-02-19,train,d98459336b5b613be31edfd9af4fc1cdd61dc3e01132b1e4c4cb728b8a014295,ee1d3b58ad5af1b35c35d34d51cb8545aec3178290b032a4e3a2e61517d0d973
993,vlcsnap-2025-02-19-14h08m42s822.jpg,filename_date:2025-02-19,filename_date:2025-02-19,train,5e8763f68d315e19e92a4a874caf9ffd37fd225b88876ceb6d9f0a2754d8df71,345b1a8a71a496dd6418c1f1eb1eaf7c14dd7cd37b7d6b2982d84f107986cec7
994,vlcsnap-2025-02-19-14h08m50s023.jpg,filename_date:2025-02-19,filename_date:2025-02-19,train,86d078fd65b10fb527feafbb37e490e1b5567bd18cbbdb9959136aa1969e09b0,38ff0eaaf2f022faa276646df3ede27c0dbb6f5c0126e28c1a44deaa09e33910
995,vlcsnap-2025-02-19-14h08m51s334.jpg,filename_date:2025-02-19,filename_date:2025-02-19,train,5478677c9e680ccc37ecf35b72741701226a4524d77ede4f10d8eac503a1a63c,cb903f907c73acd8859bc908b5d33ef8fecd02cef50f5bc8fb85579c32b02f0f
996,vlcsnap-2025-02-19-14h08m52s868.jpg,filename_date:2025-02-19,filename_date:2025-02-19,train,d3a6e292dea6202fc073136a7fff88d6ff4e8556fb3652313bec6e271a5e4681,8b1769d0ba6e33dc705cebdc26940ea834d18b7dc0552046e52cfe4e6c4df60e
997,vlcsnap-2025-02-19-14h09m51s764.jpg,filename_date:2025-02-19,filename_date:2025-02-19,train,56a985602da64ab110144dc6d32b8be871953da9a916d82f3711f19c41563c92,ebb80303234770df56ec1e2d542d5a92e1bbae9e2b0f5efb1f42a7e77d6c50c8
998,vlcsnap-2025-02-19-14h09m52s939.jpg,filename_date:2025-02-19,filename_date:2025-02-19,train,e4990ca091ef455f4d22ee10b98c1a866e7b4d3bba0916b222c38b6efa9bb09a,616a6f6bfbe1373442c83a8aa68223a9fee6fe97e57427870ac6d89d27e0dab6
999,vlcsnap-2025-02-19-14h10m28s178.jpg,filename_date:2025-02-19,filename_date:2025-02-19,train,24f7a60494f7485faaa270c0a6edc588ac517558d79fa7a3729a346526d43411,e69afb3481c733403f3ab72627361598d412217dad016e758947d4b3186d230e
1000,vlcsnap-2025-02-19-14h10m30s092.jpg,filename_date:2025-02-19,filename_date:2025-02-19,train,37cc8656e101219d26fd9992e6a08e33e14493f465573cb4126fd414885829f7,3969563cdaead6e430a46c3888e3d5045cc1f54ea54d351255cd3e2835610262
1001,vlcsnap-2025-02-19-14h10m31s420.jpg,filename_date:2025-02-19,filename_date:2025-02-19,train,c09ed7cc16d691bc3409287020708be4213fe4f562489f8f27978e3e21abbf2e,70542c434ac0226482197adf426be66ba9af96ed16fb5f3fbb6ca0bb137be2a2
1002,vlcsnap-2025-02-19-14h10m35s990.jpg,filename_date:2025-02-19,filename_date:2025-02-19,train,f084c842e13346d4fbec587dbea848bb57510b847b5cc56c5484a42defaae21e,70ae987bd9290f65bb5992f1711ed390ea9a3e318a7bd31c4f9772bf9e99d34d
1003,vlcsnap-2025-02-19-14h10m37s406.jpg,filename_date:2025-02-19,filename_date:2025-02-19,train,03188188e4a56450b76396740d51dc8b8099d5aba0448af1a4ae66d765d63d37,f27c3650966e40d01c7b833e1e6b01a773cff9b6bb78325faa02252e55bcaca9
1004,vlcsnap-2025-02-19-14h10m38s466.jpg,filename_date:2025-02-19,filename_date:2025-02-19,train,dd67d977251420230f9e52bd8c3e9175df1a603bb14b55f3458e46189cb449e3,56dafe31d638487fefa443da4b006479a2587ebea6ee9502fe4965452b2eb2a6
1005,vlcsnap-2025-02-19-14h10m47s605.jpg,filename_date:2025-02-19,filename_date:2025-02-19,train,be2819c7daef65f7384db7037db10fb4770b00508abdaca0525a271c9c31c445,8d2df39319978e8d510f127a7d897c9133f06836ed2e9ce1989a8877d28a6edd
1006,vlcsnap-2025-02-19-14h10m49s735.jpg,filename_date:2025-02-19,filename_date:2025-02-19,train,33410847a45c800d43d891f4b29b5d456e3f97a18fca69c0236225402d4b558f,9b4e7c5144ac347caa7fcaf0de2d424bbd280a1a582ffa89839a68f4b8baf135
1007,vlcsnap-2025-02-19-14h10m55s163.jpg,filename_date:2025-02-19,filename_date:2025-02-19,train,36e08ba2695ee141ea377fb2d6a8f78ff1b162a96aa63e8ede0af5076c613eb2,17de64baeb5166af8e171b4986c1f8c5d065d28f1b83ffba9ad03060585d87e0
1008,vlcsnap-2025-02-19-14h10m57s525.jpg,filename_date:2025-02-19,filename_date:2025-02-19,train,403bda61750459481f12ef561b4fca9ce50b82d35e48d3e5207756796206cf60,93b7c4ace8f100acb586ac1822f68f9d9903882658fa7a2af73221747d7b450c
1009,vlcsnap-2025-02-19-14h10m59s553.jpg,filename_date:2025-02-19,filename_date:2025-02-19,train,49f0a2e7c478e25ce4343a507376ed1223fa4b7b54f8059c8b4292e55f70bec0,ab27d4e5f3c1c46c44abf72d571548d48684aae29f0d15c0348f33eb50409860
1010,vlcsnap-2025-02-19-14h11m08s143.jpg,filename_date:2025-02-19,filename_date:2025-02-19,train,1f21fbb13287f9db6ef1c1e1044eea6110a975cba26a47ed22a1c6ab238ce62c,220efb72c6dcd8362cf7e652c8f07a627a1f09382dd4716de9da442d84cdb804
1011,vlcsnap-2025-02-19-14h11m10s511.jpg,filename_date:2025-02-19,filename_date:2025-02-19,train,10634f9486e242ef1e424e2d9d9eaa1fa5680b770344933eb58145a04bcbf848,cd648d600fc12916586e88b9e51c53def20d5177a663de9af56c284fdf8a29fc
1012,vlcsnap-2025-02-19-14h11m14s717.jpg,filename_date:2025-02-19,filename_date:2025-02-19,train,d387c7dcf246fe5d2492964cd9d0d467061bd4531d3744b93ba944504892fb80,03b9b7d2b74e26b580343d65361f1084bfe9095774a6ff9777bec971a1744442
1013,vlcsnap-2025-02-19-14h11m17s573.jpg,filename_date:2025-02-19,filename_date:2025-02-19,train,2ad690bf457b97c4dfc4527f6ad291a0656988d24834b2c3ccd6885f012f14de,84be9f4e0012c165b5973c8b947df6b1053c44460b36cef73a1dfddfacc83b32
1014,vlcsnap-2025-02-19-14h11m58s667.jpg,filename_date:2025-02-19,filename_date:2025-02-19,train,4a09fcfdd4ff3bf1b4ddaae3d76ba7ad2f7b8ace08c4edeaf07783a053d680a6,1b1f547bd4a5e27903b5d77cf4213a0bbb71f9ce9fec9e55993b218a9dce2946
1015,vlcsnap-2025-02-19-14h12m00s177.jpg,filename_date:2025-02-19,filename_date:2025-02-19,train,e2d27c5dabdb8b565f592e5a19f85ef7a85cdf173dc575e675e8a5e436bad503,41f91a33e448d3a1caefcb403e14d0fd56c9901a11f6266d0671c35917ea913b
1016,vlcsnap-2025-02-19-14h12m00s934.jpg,filename_date:2025-02-19,filename_date:2025-02-19,train,8788e5a9947311e6c27a7b37bfe7522cf7c7e6975b1b04ed1a77d45368fa910b,214b0d74ec2d2f750b8729f21b11174892b8c292e98da33ada4844b9e983adbb
1017,vlcsnap-2025-02-19-14h12m12s513.jpg,filename_date:2025-02-19,filename_date:2025-02-19,train,47540111181d42d065319a95e1098cac2a022fbf030f6d46997435df5983b39f,67e273dda33a3dfcd1a713d8d2e4a6a4e902968f4c4830a836a4a3dd9503ba48
1018,vlcsnap-2025-02-19-14h12m14s435.jpg,filename_date:2025-02-19,filename_date:2025-02-19,train,7d1a402969c718e11086597da6f7b3293623b7d79e202b587abff4cf9b4079d7,8be7db167baa4354361dc2d3982e0730c5c8583dad27a36f79cc19e354eb2f33
1019,vlcsnap-2025-02-19-14h12m15s355.jpg,filename_date:2025-02-19,filename_date:2025-02-19,train,746e95c2440354fa9532eecb18ae816ec794ddedf51e421537b99d094495b0c2,4df57a8603b2adb03b8c00898f309989f7cb9a997bea6de7ce6222bc844c7011
1020,vlcsnap-2025-02-19-14h12m25s165.jpg,filename_date:2025-02-19,filename_date:2025-02-19,train,8b3408fe50dc730a6e3a8b3b5d1960e52e500f44231236fbfe29f7c3d6578aee,4f538df79dd8487f43e38f5c2d6daaf8521ea9d210149fe01534d8b69e2b64f5
1021,vlcsnap-2025-02-19-14h12m25s787.jpg,filename_date:2025-02-19,filename_date:2025-02-19,train,623d45f1a4949567ab622b4762354634561ad4707dcb73d9c449dd0d331bbe20,21d252a3af6cdb335713df2baee14e52073cec4cd75633893ac1b91ed3443200
1022,vlcsnap-2025-02-19-14h13m25s152.jpg,filename_date:2025-02-19,filename_date:2025-02-19,train,30c771c83e5c336d5e492221e9ad62eebeec9d0b1310510b08afe04dcbf040f3,cdcedac2704565a2761aee08becc342abd1879ea8538ff10620c0424d7030862
1023,vlcsnap-2025-02-19-14h13m26s006.jpg,filename_date:2025-02-19,filename_date:2025-02-19,train,5034610f3eb5e6f69d7796a32e87d6bf510c4e65fc90cf0a2fff254a0a5dc2bb,f10fd2afe25e78f54e3bcd7802bbac863b58d6b6f56efc587df18d02d673a7a0
1024,vlcsnap-2025-02-19-14h13m27s740.jpg,filename_date:2025-02-19,filename_date:2025-02-19,train,df3c757864c54d1dec86ef84c2f2f9d7bd06ca94be110722b8466360a4021320,0e1894ffe5e59f83b2c866d9715c94d5d57c1e5fc6b9758e4187078c2b5667bd
1025,vlcsnap-2025-02-19-14h13m29s902.jpg,filename_date:2025-02-19,filename_date:2025-02-19,train,3acbb3744561ee5dfd7d603771de697b7c9ff68ce4e831509a6a3412296e38d8,aa5f51f8a1439fb221e999e0fe069f9ee15cfbbaf2f19f6922ee73205b2196bf
1026,vlcsnap-2025-02-19-14h13m31s429.jpg,filename_date:2025-02-19,filename_date:2025-02-19,train,a85820cc7c174868fbf120190bfa1cdf34e63520153c143efd030b2a83a20514,839fb58fdb5904db9245f856fca875508d8fcd564a02537c493c38ae4170e6a6
1027,vlcsnap-2025-02-19-14h13m32s567.jpg,filename_date:2025-02-19,filename_date:2025-02-19,train,35617d5f7e6eadd255969fb993b53d4d6f78a3b038ac24551a41caac657c15e1,700fa7fb6c7a9ce5e45a6fd20ec38738e09f98f450b9fed1c043b0fb72f1884f
1028,vlcsnap-2025-02-19-14h13m33s567.jpg,filename_date:2025-02-19,filename_date:2025-02-19,train,42fb3c988aa91338e89d315be1e7a4a9693c380edbb356e905f0636420985031,96d69e03b7a0ced439d5a1409f667ef8c64ad6a4c9cef0a8e067692a09efd1c6
1029,vlcsnap-2025-02-19-14h13m34s715.jpg,filename_date:2025-02-19,filename_date:2025-02-19,train,1f519599836d064f60d0f12c5cf1864347e9561f89a82323e077cd8fe922c871,5d561c23b34b5c262d961f34ac47e5cda3cc85863f56b3af0d894a65b139c49f
1030,vlcsnap-2025-02-19-14h13m36s072.jpg,filename_date:2025-02-19,filename_date:2025-02-19,train,bac4dfeecb7ecab0fb270b8b5dba399fedde31db4b385fef92bcdae9c85d154f,2eb96ee1d352737e9f5c063bb7b0f49591d64acd3e1130a8297d535f6b1f655a
1031,vlcsnap-2025-02-19-14h13m37s774.jpg,filename_date:2025-02-19,filename_date:2025-02-19,train,f07bc0a5a8b72a307574250af977625072ac5572261267316d7152d303c13d32,7095e8f0e15342dc1452c28da6986df2f6e06ba03441078c6054ff84499e12eb
1032,vlcsnap-2025-02-19-14h13m38s815.jpg,filename_date:2025-02-19,filename_date:2025-02-19,train,c1850919f76370f54dd2af49cef762baf6f8621536821ccfa85aaedc681d2aec,d841d756652d2ab2192d5a29483823ed7582d0e7de107d7069eadc6cdb85f4e9
1033,vlcsnap-2025-02-19-14h13m40s117.jpg,filename_date:2025-02-19,filename_date:2025-02-19,train,66825355e2eb704504bea7859241b7c3af8221b6b58bf3fd12ddc856182aecf1,5c538d51c4a952f62766edae348a6cc26e37e1573204de00b69c5c178110347a
1034,vlcsnap-2025-02-19-14h13m41s592.jpg,filename_date:2025-02-19,filename_date:2025-02-19,train,454646ceaf9dddb1bc12ccea2b1971bf11880e4d44700cf2e31cfa32aee404c6,d7423b70bc2377b39077402cff78374a4963d50dd6e84731fe193bb3cdc92f6f
1035,vlcsnap-2025-02-19-14h13m43s273.jpg,filename_date:2025-02-19,filename_date:2025-02-19,train,7e1944369480a83278697447f0922463fb5fd27eac0c66306a7c94cd3c3ea589,797e6551922bed3b42549912defccdc0ee9d8120233661b9ecaeef1f0293a0bb
1036,vlcsnap-2025-02-19-14h13m44s278.jpg,filename_date:2025-02-19,filename_date:2025-02-19,train,4f6d0bb9293fcb6bb32c8cd194ef57cca097ca57da38af695f3d980cce5d3063,bef4d6b79392775b6ea54a666e8be81b5e961c9bdfb73a7cc91c84cc8d4d8c61
1037,vlcsnap-2025-02-19-14h13m47s049.jpg,filename_date:2025-02-19,filename_date:2025-02-19,train,06a7595cec3fb586ecb94d76803551dbcd29377f812fb81c51748cccb4d61669,92dc9e888ee5ebfad15adc0e61c73e060d66951c032c1fa613b06b2203b2e4a3
1038,vlcsnap-2025-02-19-14h13m48s070.jpg,filename_date:2025-02-19,filename_date:2025-02-19,train,aa1e8baa45eefeb4665b8577cc03e89d76e1ecfc1be4f479d05981d92a699e22,50e5552ce82cead91125120d2f961019a6d017d99705e6013dcc154bf13b2eb9
1039,vlcsnap-2025-02-19-14h13m49s185.jpg,filename_date:2025-02-19,filename_date:2025-02-19,train,eb59926b5e5833f5e85b84f4f7403aa500a42e090e0108d5bd198fb8525172a6,bcb50c0c265d0e743359a71f8fb89d97c295af3c8e19f09363a812ee8756e762
1040,vlcsnap-2025-02-19-14h13m50s269.jpg,filename_date:2025-02-19,filename_date:2025-02-19,train,f9bff1daa1b0c7fabbc414226135c362b6bba3fa20c5fb305a341722756e67b6,8f587a96508672931d57df7e110de802dbbd205565e3a538910e263609f0f233
1041,vlcsnap-2025-02-19-14h13m52s026.jpg,filename_date:2025-02-19,filename_date:2025-02-19,train,8b28a8e26fb1633842995458cb415c2ba3fea0994c2f4506d5f6d335a4fd9551,24433635facb637b5f81c27911312a0aed23276aa6e22d1a0e091ffa6e49761f
1042,vlcsnap-2025-02-19-14h13m53s121.jpg,filename_date:2025-02-19,filename_date:2025-02-19,train,50a5de9bb8095950bc1076c4f29f2da67aed52c73184349d3b37e44ec3c1de25,b68de0e5221c8818ce10e49c941148ac3d5fd8052662707fe0cbc704d1f3d6c5
1043,vlcsnap-2025-02-19-14h13m54s102.jpg,filename_date:2025-02-19,filename_date:2025-02-19,train,66a865385aede354dfc8533d570b620b23bede7eb0f5c41ba04b109bd345fc8d,88b13f54aa3e922b23050ca9e8c8c3a789eb258442a3c7493a07c6d2b2647f79
1044,vlcsnap-2025-02-19-14h13m55s161.jpg,filename_date:2025-02-19,filename_date:2025-02-19,train,1c2fd6a6c694ac6f2616594166196c87214ff8b829453f2d595f54c43003e764,2648efefe00e7602a01f280f567c92d68d306d2f108a662a11816883a1f39aa7
1045,vlcsnap-2025-02-19-14h13m56s676.jpg,filename_date:2025-02-19,filename_date:2025-02-19,train,e187c789fe4d2e734541d5cc35455ecd05ec71ea50d4a7ea0f117d0aef556fcd,f0e73a6026d0c3631363995a3eb4d2cd08c343ca3f2b46866dbe4b2a6f8c24be
1046,vlcsnap-2025-02-19-14h13m58s032.jpg,filename_date:2025-02-19,filename_date:2025-02-19,train,86aed0aa7ff9055046c1c232634739690f11f692843be4456c6adf886a503123,0a097e4ca92ff34139fe23a3fb3eedf587de2412ff262c070429491d2408f06c
1047,vlcsnap-2025-02-19-14h13m59s420.jpg,filename_date:2025-02-19,filename_date:2025-02-19,train,ff2c3b117e1f936acbe4736930fad040e49ea53bd3cc5986dd86c01639d9a9b4,ba6ffeb38846f545a12d835431a7b258c70a0a456af8b3fc177e45b6db22bd6b
1048,vlcsnap-2025-02-19-14h14m19s541.jpg,filename_date:2025-02-19,filename_date:2025-02-19,train,08b6952f205de2a1cc51ff09c14fb0632cda8cd8780d848acc9c8a216386bac6,3a53df3baceb3965433f29ef243de2b8265f23146ff3315b49d334666af22de9
1049,vlcsnap-2025-02-19-14h14m20s512.jpg,filename_date:2025-02-19,filename_date:2025-02-19,train,e597af3b829a23c804124fb90ab6c0b4f31bcdcbea7e3f249f79390cd5fd8aeb,962232332b59d95cf300f8b3b7f0c2a207d80da36c8d44e6861df23bd6a8c9b8
1050,vlcsnap-2025-02-19-14h14m46s982.jpg,filename_date:2025-02-19,filename_date:2025-02-19,train,f1b2aa763bfb3533220f1fde2d3b71d33ffc0e9ea901761ca84f0d309f20244f,be55140a0cdffe5d73d105a1e3c2d3f9dcef2c9ec369c3afdd047fb38754fd95
1051,vlcsnap-2025-02-19-14h14m48s694.jpg,filename_date:2025-02-19,filename_date:2025-02-19,train,9932458550445ba41fc8aaf01368cef8ebbb3e0d4b210eac5b32f3acc1dbc7ed,f702c3e8b839326459988b894c07e83b88fdf8f28a51b059941cf23643665f31
1052,vlcsnap-2025-02-19-14h14m49s913.jpg,filename_date:2025-02-19,filename_date:2025-02-19,train,921e63367aefe09a7330263c26665217379368ad3f4643083ca1bbef621f91f4,2f1499d7b83891e1726b53795376567048dde3a69fcbba685a90c9dc3e68c792
1053,vlcsnap-2025-02-19-14h14m52s036.jpg,filename_date:2025-02-19,filename_date:2025-02-19,train,545ac6cbfe621695f17ac7285dd3c346f15547081548a4b9900072dae789c0cd,eef7f93175b49d1db718009695e061c9a6c85568af64084bef024df5061e0124
1054,vlcsnap-2025-02-19-14h14m53s268.jpg,filename_date:2025-02-19,filename_date:2025-02-19,train,8961cd6f7fe45c77902154256f9610f856d13ff8157a2f01961c953ecf192c9a,4e200b64e5d4c2f21a6ae38f921370ebc368619e518586206164300d46b34043
1055,vlcsnap-2025-02-19-14h14m54s746.jpg,filename_date:2025-02-19,filename_date:2025-02-19,train,eeb702723abf2c351633ca55b30d1c6254ceeeb6765060d35502aaacead9bc3e,43647ab79a77708969048be9db19dcd3379017341d93bfa80877458cc00c7305
1056,vlcsnap-2025-02-19-14h14m55s938.jpg,filename_date:2025-02-19,filename_date:2025-02-19,train,7c1b22747cfc1499c1b140a758722a85c71d417660d566c92530c0209374df42,271a209f6682b3811c2b306e021e656feae26ca57b18f719689ae373ca2d8b33
1057,vlcsnap-2025-02-19-14h14m57s488.jpg,filename_date:2025-02-19,filename_date:2025-02-19,train,129ef57a1897d5cd292dd845a310c08d95e1c13fb6f2b1e74a85cf8346cf4a27,794d4bb6c5dea97eeaf42a35fd3767371b9136b2f204431f39aaaf4d23a6d0f8
1058,vlcsnap-2025-02-19-14h14m58s631.jpg,filename_date:2025-02-19,filename_date:2025-02-19,train,c2ed547aed25b1973b7ed503e308d4109da90ad052837935f9641014a1d5e16d,7683cb55ad94c8d3fb0b3a83e20bb71dcef8f2653613a293470a3f494e86e86d
1059,vlcsnap-2025-02-19-14h14m59s902.jpg,filename_date:2025-02-19,filename_date:2025-02-19,train,2c64c7567f7cc8818822e215e83a6cac49ebe08939872137c595eb16b2a7a307,9ef1541b27144bc1e8cd57f61c05f86164a7e7087db1e0711316925ffaac479c
1060,vlcsnap-2025-02-19-14h15m01s088.jpg,filename_date:2025-02-19,filename_date:2025-02-19,train,4b2bf3b0fb698804de4b9596443be6ceff3134a12d955dca55c574f46b3a9fa1,faabd3f797109a95e4887fe2f7b40c120d671ace7ebe403dbd3b57560b338b91
1061,vlcsnap-2025-02-19-14h15m01s836.jpg,filename_date:2025-02-19,filename_date:2025-02-19,train,38a9233f0f834a11b1791efa20ce7d10d0d3fe962c948af394b1e2096d2ba7fb,9ad1a271f3ff60a32ac227a123bafad3aa957022f705dce0400c29ec75915cd6
1062,vlcsnap-2025-02-19-14h15m04s648.jpg,filename_date:2025-02-19,filename_date:2025-02-19,train,2f9b7b37d674c28796511ab306b927da4d7ac4c9c16afddb6360d66dc48ede4e,0ae41b24299ef39544aecf693180a787e6a8b0ef2c28eece6fd972aaffb12907
1063,vlcsnap-2025-02-19-14h15m05s715.jpg,filename_date:2025-02-19,filename_date:2025-02-19,train,5a659d25881781fc9fd136b1bb6839255d543886f3fd4ab9311694a37607d9fc,2c5064b5d583b8e9a072ec6fa5372a7dc4cc521a2d2d9e9090352e043bfd7f2b
1064,vlcsnap-2025-02-19-14h15m06s649.jpg,filename_date:2025-02-19,filename_date:2025-02-19,train,9db06374329a4e4a16226db6c0e7d085c066dae004ed779447e139fd5d56aff5,f11701024c42e17f69fb609ffe1811dd627b8c4fdfef5fabf98db0d546978522
1065,vlcsnap-2025-02-19-14h15m08s576.jpg,filename_date:2025-02-19,filename_date:2025-02-19,train,fc80e93fd42d31065304eb2a28d9cd5b4441ac9683c04c1ca7c3ff19d4c1ab27,0cb6c25c7dfa43a3e217b86f23b7e19893fbdacf7b3d633b627f094802fef467
1066,vlcsnap-2025-02-19-14h15m14s413.jpg,filename_date:2025-02-19,filename_date:2025-02-19,train,39de019569d7694bf852d09d33a17e2b63730da7240873e961aa539965cfb0b1,74260b1fc8a3c6f1c6692b6671df443cc3a445f4514bf0d631f413f6b9265ef0
1067,vlcsnap-2025-02-19-14h15m15s354.jpg,filename_date:2025-02-19,filename_date:2025-02-19,train,fdca2b0ec8fa9158aa1b567077001f216f5334cd73a73e96c37d9252fcc608c0,d181c3048daba37b6e47ce7ef63f2bbbb004ae0545d2fdfbf5c7d2b32c499e40
1068,vlcsnap-2025-02-19-14h15m37s010.jpg,filename_date:2025-02-19,filename_date:2025-02-19,train,5b96dff2bad626cf7b013b4983b295314b15a2b5dea5cdda210a425f2abed6d2,7563b62a8c04375c75854be5c2e1d2b171b7c98998d5f99e0d6fb9d11a8fc1f7
1069,vlcsnap-2025-02-19-14h15m39s290.jpg,filename_date:2025-02-19,filename_date:2025-02-19,train,1f6b3c05abe9bddd26873bf1d942828b700eb27e0840ba7cec87928a1d6aa661,f6c6186c7710f66552d3f3297dabf5d760880f4a852186b20fd96c3d1ef1d4f1
1070,vlcsnap-2025-02-19-14h15m43s397.jpg,filename_date:2025-02-19,filename_date:2025-02-19,train,233a94902f1a74a9b8ff20ec8e50e99ac4df16a7848b75faa1ac1e093dd27629,ae53e7cf2e11af29914d22abed2c09bac7eea260fafbc9a1c8d7088bfc2c47fe
1071,vlcsnap-2025-02-19-14h15m45s159.jpg,filename_date:2025-02-19,filename_date:2025-02-19,train,301474aed404d6b2b36760ded2446c28964d0fc9ed492b2b11a2909fb153d33e,7863f72d58b0b487fbb6c19b6f92167a88d616c750c1f16c82b313a529a0307f
1072,vlcsnap-2025-02-19-14h15m46s519.jpg,filename_date:2025-02-19,filename_date:2025-02-19,train,c8eaf537ff503ce13e0e567b8dd8c129aebac58859e67f4122be97a46d3ec29d,209d40568df1bff14c7f6212a46bcf9223832c7a920e811a78364b44f52bc677
1073,vlcsnap-2025-02-19-14h15m59s720.jpg,filename_date:2025-02-19,filename_date:2025-02-19,train,17eb86d09770cf7dcb17fe3f18cca4a9d25fb114b9f8c8b0b3e7df6f8470b2e7,8c75cc6317e05602c71bcbe2819a252decd05cc5b12124e0eb0e5f5072f78025
1074,vlcsnap-2025-02-19-14h16m00s854.jpg,filename_date:2025-02-19,filename_date:2025-02-19,train,6f19999a54bca5b8ca20f0b57cd291a8c5ffbadfd6efe5d65d1f1b2da237f125,dc6035918563293db9cf1bcc5d09a8ef6760089d90d55ae2b52c0ab5b5da58a6
1075,vlcsnap-2025-02-19-14h16m01s927.jpg,filename_date:2025-02-19,filename_date:2025-02-19,train,6054b92ef92635675239c6f7dbf380222e555486ea3181da463876d1eb148109,a392103ed4789818207d3c9285ffdf98b179cf663dc5998115b1f6d65f05d1a7
1076,vlcsnap-2025-02-19-14h16m02s772.jpg,filename_date:2025-02-19,filename_date:2025-02-19,train,4f5a363c7bcd2b306f8c750732c0ff87dc364c21d474ed0c5901e8ed0898bee9,1f64cfa32874f8ca3cdb7f67efaea80bd14eefc5a88be0526daecf60a294f491
1077,vlcsnap-2025-02-19-14h16m13s498.jpg,filename_date:2025-02-19,filename_date:2025-02-19,train,78d30c534c9d1529de8e07340069307e0e0e76524b887fcf1d1fb58928114e8a,8fccb550295ccbfe0d465202c24958a41c04c5e9f0c41f3a248b2e98073d2fa6
1078,vlcsnap-2025-02-19-14h16m33s629.jpg,filename_date:2025-02-19,filename_date:2025-02-19,train,da6929331e8a480f86665b923b264e67165ec67bab9b24de722553f63351aee5,a62e91e2a4f6698004517a125ea866ceb1d6e6e34332a391a1a2cda7c17c6339
1079,vlcsnap-2025-02-19-14h16m35s287.jpg,filename_date:2025-02-19,filename_date:2025-02-19,train,fdbb73fb16ab23633321069903555cbe8732323bf6a892cdbce5b366d76dad4f,b6b6f33f7cd1c6ae452eccf2ad2363deb4bb04b98a77426a0c6e688b6202f040
1080,vlcsnap-2025-02-19-14h16m49s024.jpg,filename_date:2025-02-19,filename_date:2025-02-19,train,34b10dea8d16635fced78b519d30e0ce17d5abb161f5e84fab9802a790fd8619,bc15135e86ee24391946955baeee55b366706505351207f5580999336f8def57
1081,vlcsnap-2025-02-19-14h16m51s149.jpg,filename_date:2025-02-19,filename_date:2025-02-19,train,09856d4ccdc4aec82795c3b97db10077a6ee98af2d22615c35bd06f9db0826b3,bae01bf2a79295a2939a3cfa3cc28de630b16ccc5545d93cd55fda3450d5c40b
1082,vlcsnap-2025-02-19-14h16m52s271.jpg,filename_date:2025-02-19,filename_date:2025-02-19,train,0be0ded3e104fdc064f77ae6cc54a2456b1f4fafa82b6512d0e93d22a5e60782,6849dc8a7db7aca9997c32269cd1d4edd24862eb8bd92ebc9bc567a1221e2ae7
1083,vlcsnap-2025-02-19-14h16m57s393.jpg,filename_date:2025-02-19,filename_date:2025-02-19,train,2b05ef2fc063e5b3d81c1868eacfdef8f0a94aca37e2a44f5f7c5b9ea4475fba,e5dc11b10a071339e371234b6a26ae0fe4a3b960f534f0d5ef4a6a97fba1d79f
1084,vlcsnap-2025-02-19-14h16m59s137.jpg,filename_date:2025-02-19,filename_date:2025-02-19,train,ddfb988ee0ec175f9169c66560cd66ad1f7344c602c3047da770f6fee42422ee,1a82c4c5b7bb14268f4db71e43c3cf4fff7818589e15021346957a26d6efbb43
1085,vlcsnap-2025-02-19-14h17m00s831.jpg,filename_date:2025-02-19,filename_date:2025-02-19,train,363126974be65026bb649b0e51b26943b2080c0b92a13882423062b7b0a9074e,647ac9ff16113e7715ec1a4c5a8de9284bfe04df03264c6610f2a124f37afa12
1086,vlcsnap-2025-02-19-14h17m04s279.jpg,filename_date:2025-02-19,filename_date:2025-02-19,train,1f481aa3a937ae184f732b233e1479254476e34a090be0b0a777706ae803e209,bc34faa0da6c9c0c6334065f42898e405fc3a153d05e39e445e9f5eb31976b29
1087,vlcsnap-2025-02-19-14h17m05s509.jpg,filename_date:2025-02-19,filename_date:2025-02-19,train,222c2d09c3112004e705e0180e7825dcdaa9ca2e55f130c6ef1360be31432c72,95256a579de10a6a5906b64cd50592f944b0d43c7188ce22ddde85ff6183d819
1088,vlcsnap-2025-02-19-14h17m06s663.jpg,filename_date:2025-02-19,filename_date:2025-02-19,train,2994478690e7d5ce7676c072c9849705517f1942191b9107ed8b79257ba21447,5dd375bb2112d50a1d202625273c81055067313e348ae85a80b6edab2faa8788
1089,vlcsnap-2025-02-19-14h17m09s838.jpg,filename_date:2025-02-19,filename_date:2025-02-19,train,614055c93092424b70ed89a1f20988bfe7f613635a1e40a5b865504f231a63a4,70e3df2a10c8df6ba42ad997f056988b072eaa5265df2dbba1a68999877ea40a
1090,vlcsnap-2025-02-19-14h17m12s979.jpg,filename_date:2025-02-19,filename_date:2025-02-19,train,307b8cb124adb5f65313cd37efa0ada8f9b325bafd1573e0485b37981defd726,aae9253ed11502d627ce5edeaa2f3fb2823a12a5d44e132f01e17afa0e591113
1091,vlcsnap-2025-02-19-14h17m20s477.jpg,filename_date:2025-02-19,filename_date:2025-02-19,train,e12812f939a994cd0d660e60c33984892dab7382e5515ba09aab428f9a5a358d,75380c731666186c0f2af18f4b9054995fbcd9a4a126a0cca76a850eadcec345
1092,vlcsnap-2025-02-19-14h17m22s171.jpg,filename_date:2025-02-19,filename_date:2025-02-19,train,f2522e94a7be205dba06a395009d3c80864b3ac9aad4e8b266e30a17d25554fc,cc97d808e35aa40564322718d8721b4b1d71c5c52557f85cf2c97620a0715e88
1093,vlcsnap-2025-02-19-14h17m27s864.jpg,filename_date:2025-02-19,filename_date:2025-02-19,train,65f4d26a30508283b94c1befd7dff598a59b434e8da1fff144bc9f0e3563c4a7,d0113e31fb9b1a59075bab21da0b01c95d3e8d360a7347650321675d67346617
1094,vlcsnap-2025-02-19-14h17m29s266.jpg,filename_date:2025-02-19,filename_date:2025-02-19,train,5ea18b6db8519b548b8fbbbd30ffbf59af858246f0ba9d6797503d0327c533c2,e23a1595357d480155f80f232f71267bb6683843747b5edce26e3bfd438175ef
1095,vlcsnap-2025-02-19-14h17m30s779.jpg,filename_date:2025-02-19,filename_date:2025-02-19,train,134cef5ea53ec3eee24f52c8e8836f8fc4aa1149c6286b58314a7e462a1baf71,b8398876edbedfdb3bd8e53825c54998ffce6b7f4410f434fdb4d28521d46e1f
1096,vlcsnap-2025-02-19-14h17m32s327.jpg,filename_date:2025-02-19,filename_date:2025-02-19,train,98d7ed357bc1edfca2afac876a02f5bea8317042cc535785cfadcf6a863e6e59,4bc5037e47359b91454a5db7dd4cea89260a5f5bed134885cb3123e40a6996c0
1097,vlcsnap-2025-02-19-14h17m35s419.jpg,filename_date:2025-02-19,filename_date:2025-02-19,train,25e97c3c4767e2d13fb336a756ee075cd6845bfca9e110d2eee22029f760fdbc,53fad11d680070131b4bc9c833726425a022dbd82fc276bcd5ce9fae48ee9f4c
1098,vlcsnap-2025-02-19-14h17m36s550.jpg,filename_date:2025-02-19,filename_date:2025-02-19,train,c0e0c721acbee407da8d12c95286e142107a77fa31a9d45d4f5389f8ba59e44a,9f5330d00f6ac1d412593109fa3a5fbc0741005affb9ea61a03cace7a5edfd08
1099,vlcsnap-2025-02-19-14h17m38s435.jpg,filename_date:2025-02-19,filename_date:2025-02-19,train,05b60c861c2d22b4b34fefb6cb3332d1ddba809c031b0f2d2b0a2fa8fde4be0b,888e9a02397eb74786fc9367d07e613120e6c87ce628ab9e51d57402df2bb07c
1100,vlcsnap-2025-02-19-14h17m39s643.jpg,filename_date:2025-02-19,filename_date:2025-02-19,train,96524743d1f3597a71c8f553a73a21556ea07c11188bb950cf9c62d3179364cc,2217e2a285f0a62c14521f3cf5de313e6f7cc70cf8cb8391c36ca550ddaf25be
1101,vlcsnap-2025-02-19-14h17m40s884.jpg,filename_date:2025-02-19,filename_date:2025-02-19,train,36107768bd75697e53929717f8418bcdcbf14fbd935399412293eb82b2e8a979,fb97a499ed452d5fd2e7ac2eb988dc024a558e95ab2521ae5fd7f2ca35ed71f9
1102,vlcsnap-2025-02-19-14h17m43s931.jpg,filename_date:2025-02-19,filename_date:2025-02-19,train,f9352c5f4673d01a2657103f8c8f01ddc1969f1af7846ad7daeb7e742d021bd1,e84ab4af79ffd183fc3b133ea2f3095ca7443c102025057e5f979069d2c1ee47
1103,vlcsnap-2025-02-19-14h17m45s679.jpg,filename_date:2025-02-19,filename_date:2025-02-19,train,f974e617d439f0cc9386d5378556be093023d4f19769ca67e85b61d04e9cb4a8,b2be192eb418e5a402b2c302347e329c94aef3201f4f9f0bbd23556729464821
1104,vlcsnap-2025-02-19-14h17m47s029.jpg,filename_date:2025-02-19,filename_date:2025-02-19,train,2cbd13797d28bc47d3eed9c0f539481241d6f9076b98df93edf5683f4b452a1f,c70ba3c1734c741e80a4ae6b0855efcfa2eb96084c3f8b420e7935c521950703
1105,vlcsnap-2025-02-19-14h17m49s490.jpg,filename_date:2025-02-19,filename_date:2025-02-19,train,7842d265ff3368782eda25451b98121cb7487adb399e16fd2172206ac5d9d11d,1f336624b75ef7ad1ea8fa0f7ff31771b8038b8f4b52ca431ed1575611ed5472
1106,vlcsnap-2025-02-19-14h17m50s710.jpg,filename_date:2025-02-19,filename_date:2025-02-19,train,79a654464ca8cfebf01ee356769a557b28c9fb7ca45a51ebf276fa226447f439,4809404118295b0495097eaf5ca6184d1ac477d4d07f160dc0f3b9933407c27f
1107,vlcsnap-2025-02-19-14h17m52s707.jpg,filename_date:2025-02-19,filename_date:2025-02-19,train,3e07585c6ae1d6f3a4b16dc34e537d750bdcb959ef74823dd2dbb0f6659aedba,951827093a3e9ca2027196c0bfb093adc5745c6b25c4b741bd8b60ca01e94bee
1108,vlcsnap-2025-02-19-14h17m55s306.jpg,filename_date:2025-02-19,filename_date:2025-02-19,train,1ecb531950a438253bd97fecee07b985dbc42c635823ada47538f0ccab32b8d5,928d2cddf4e031c736cebe76cb2ee26d219c1a245d15097f4617456f195d9200
1109,vlcsnap-2025-02-19-14h17m56s528.jpg,filename_date:2025-02-19,filename_date:2025-02-19,train,a609e10863a17b8c9852fd2b1ae781ffa60eafad1249eda8cf46b670ce9809fb,28ded22ba7918ad00730c294f85e5ad624c6a3455a595eabae4edbc11d29beb8
1110,vlcsnap-2025-02-19-14h17m58s126.jpg,filename_date:2025-02-19,filename_date:2025-02-19,train,078065fd4854491b62666c6c798d59053493ae72182e144a43612d3861c94288,c239a43d65ea4e27d1c8ac3f2137e6be77ac6db11588e953f8647f3f8b7af4e4
1111,vlcsnap-2025-02-19-14h17m59s275.jpg,filename_date:2025-02-19,filename_date:2025-02-19,train,2fca581f2adabc4ca106141748ff559f51657b4665311dc5f3a09b054cd4e377,42e1d72acbb151c58bfcdc92721d210c37f07008861f93676a90082ab8601e24
1112,vlcsnap-2025-02-19-14h18m03s281.jpg,filename_date:2025-02-19,filename_date:2025-02-19,train,f5dd68ed01c72e99d059ef7c1eaff34328ded997450849fd91d68d18ecc8afa4,ad6fb983bd961a0de0102e31b6502d199acba4fa77efbabb2fbc9571470dc620
1113,vlcsnap-2025-02-19-14h18m04s533.jpg,filename_date:2025-02-19,filename_date:2025-02-19,train,fcda5342738d84ba5033d6d410dc786a8590adce2ed3f6d3f8490333bdf18932,df40e1c83b4b16b8d54717a783b14dc5ef7a8c3565a824538117c9ab7ebc4432
1114,vlcsnap-2025-02-19-14h18m05s573.jpg,filename_date:2025-02-19,filename_date:2025-02-19,train,9b0950c8ceda15703bb8dd0dda8d6da6423a9908319a74574e262d8878bc7f2d,cd42084aeadb171e6fbb2f6bc84a5f3a960f5f0e63c0d30f8f5150d1239de6bc
1115,vlcsnap-2025-02-19-14h18m08s164.jpg,filename_date:2025-02-19,filename_date:2025-02-19,train,6a76e77bdcfa3b85f535dba0dcd51e92e48820e2ee60f1dc8b47c5800b5eafdd,3d05868645a1810dadbdb8faf4e5eb867c2cc0765d5afc0f4cd929b44cd0fa14
1116,vlcsnap-2025-02-19-14h18m09s429.jpg,filename_date:2025-02-19,filename_date:2025-02-19,train,d1c7ee59248a3bd8d99f9c08b97c29cc4565d643fd04b2f6d419e32ddf479865,3eadf6fd83526c174a16707696ad13db696c4788f75f825e3f1ab512c9cbb370
1117,vlcsnap-2025-02-19-14h18m13s117.jpg,filename_date:2025-02-19,filename_date:2025-02-19,train,50eabe33181783bda2156848821e7b86cc7ef1d1c42a7c3f9ffd24af7a82c893,bb7b71313e2ce4dd593e52ea8daad596a96290a7bce6ea4eee94ee1580ec6e53
1118,vlcsnap-2025-02-19-14h18m14s188.jpg,filename_date:2025-02-19,filename_date:2025-02-19,train,939b07a3f098f3d73b55e5be713c02e8e7210e730540c495608776e1df5ec9e6,5fa4580a2aac8fa1e44ff48b88265728202bc323a70695f992c0f370f8d034fd
1119,vlcsnap-2025-02-19-14h18m21s417.jpg,filename_date:2025-02-19,filename_date:2025-02-19,train,eb0fd8e3495671c4b4941f7fc776b02179878094f3f23cc344dec5e1ee873e63,01001f6540ef161ce9bb4a6abf936812759d6a3ba990580f50a3d403cab7005e
1120,vlcsnap-2025-02-19-14h18m22s350.jpg,filename_date:2025-02-19,filename_date:2025-02-19,train,24374a4f645ed965e8f8347563e9d57c91089afc56a44dc8dcfc5e71cb22f958,3b37ec911f31942f613191d77164fb822f83f26dfa85502967195c4bdef746f9
1121,vlcsnap-2025-02-19-14h18m38s123.jpg,filename_date:2025-02-19,filename_date:2025-02-19,train,23046d74d83c712d6523a6ee7f179419c25339f76ab09b38681456c73c8dfa2a,c1f759751d5b2b0991e42def8c8cab5563c2c0943da3694d61892af901aa8565
1122,vlcsnap-2025-02-19-14h18m39s521.jpg,filename_date:2025-02-19,filename_date:2025-02-19,train,38a0bff4a7bbcc3ce40aa9d59cbf487204107ae0d220facb24b8af9db9ce363a,a33a6bf91776aad39603d203382b77cdac351a8c1c9911feb1320da5c6bc1b31
1123,vlcsnap-2025-02-19-14h18m40s892.jpg,filename_date:2025-02-19,filename_date:2025-02-19,train,efec803b7e8b32ab113e0e8df2f3352fcfae9e00af1f540d007cfbfee81d4985,174fdd6a60c563c2c1ce59274ac4672e03f8afad8359d82d85ab427f6cd18c48
1124,vlcsnap-2025-02-19-14h18m42s334.jpg,filename_date:2025-02-19,filename_date:2025-02-19,train,30a0fecb32b5aef337e5dabcb06c834912a6a5914b5bd1bc43a178225b8e0776,b4f7efedfe0b3fcbf2525faad1b92c7ba0681454d0a423c79e9069c049b3184d
1125,vlcsnap-2025-02-19-14h18m45s459.jpg,filename_date:2025-02-19,filename_date:2025-02-19,train,c4760b8425ad4d2e4857a62c5ffc2800d0137d329a904327191034cbedf784ed,d3a3cc7fb1bfce0d7b662669840500d931e5d21c6c3025c72ee1a99bee09c861
1126,vlcsnap-2025-02-19-14h18m47s024.jpg,filename_date:2025-02-19,filename_date:2025-02-19,train,eed53eb895a4f6400e3f6fc0d20a8fb824b9883a5dcb79cb1f00a3abbdf45e49,f2611f007c934468ba2bde5b8808dcb0ad0c9d3a8d30b7e8481cb453edb8d1fb
1127,vlcsnap-2025-02-19-14h18m48s452.jpg,filename_date:2025-02-19,filename_date:2025-02-19,train,492341fcd377d432b9b103f6b7d5741230f457a9142596ace4f8d83cd53c2482,0675541f5156f5653ee00f171d04af94f20eaee36604c0d414b3b62cf9e4bc00
1128,vlcsnap-2025-02-19-14h18m49s834.jpg,filename_date:2025-02-19,filename_date:2025-02-19,train,bf924a38a9d4d5ce3844f3b2a70bedb68d6a05bb959153ccefbb4ad2860dbec2,4c2144ee0da12b5fa58881c2c48f2bf40fa0c19c88ea9d12c5936aefc182e6d8
1129,vlcsnap-2025-02-19-14h18m52s728.jpg,filename_date:2025-02-19,filename_date:2025-02-19,train,2d19df23501d70de34a467b73abe766ff62d69f518312824613c37b6ec236215,4f4d989845df5b7f60c33e02302a97abdb8548e09c1a7f3742f7b34410e73cc6
1130,vlcsnap-2025-02-19-14h18m57s265.jpg,filename_date:2025-02-19,filename_date:2025-02-19,train,052ee480e70869f7b87cdb0f68377ddddeb7f86abe597fd76f567f19bb200460,1e94f325a2a61263fefaad34b71ed29bd6f18d506b86c897d4a6e4ed05768388
1131,vlcsnap-2025-02-19-14h19m00s660.jpg,filename_date:2025-02-19,filename_date:2025-02-19,train,d6f4f159ab0131daa3e492ed2b528a1a6656c7d9d567dba1ba95ef996bf3be37,f57cdfeb29081ee6fe3165e05293201ab0afdb8a0f6a7f7d53b5f0bfc5947c6f
1132,vlcsnap-2025-02-19-14h19m01s897.jpg,filename_date:2025-02-19,filename_date:2025-02-19,train,b412fa5d20e8f2451396083a5b8bffb00f730b68a5664d43f3c2a45c93fedeee,7ac216decbae176cf197e9ce472427f661fbacf3848b26e74352d8e2d53626a5
1133,vlcsnap-2025-02-19-14h19m03s107.jpg,filename_date:2025-02-19,filename_date:2025-02-19,train,f0758ec5ad8d0d32cfa474cbfc46421ab2b22a6a6f3fa8543f433c2cbe638d01,12c33c469e903c94772ee2a42f40b49f2c73ee4d96cb65b9d0e0ee653b20d312
1134,vlcsnap-2025-02-19-14h19m05s064.jpg,filename_date:2025-02-19,filename_date:2025-02-19,train,dea50043ba4de82aef45747e2f7ce699156ccc7e9b3bc6d80b597dbf37587ca5,58c7784cf0a691c7e66e629886a74cd0d1b12eae17688c1f54c00feda30a66ca
1135,vlcsnap-2025-02-19-14h19m06s730.jpg,filename_date:2025-02-19,filename_date:2025-02-19,train,f355a8492594bd95221c63a5d6b11f5e4074051e6437f096c0568d765f796576,49fb2cebd0c1dbb44a76d173b0a81bf927e6c42f309b83c69d10e24c57c1b1c9
1136,vlcsnap-2025-02-19-14h19m07s758.jpg,filename_date:2025-02-19,filename_date:2025-02-19,train,6edc4a70c5aecd7263b3ae2acc765b4efdf63f553ff9f436a5275358bc4376e6,318cf5d48abba893580de82343dd63d85afd6b4e8db6a010649fb5ee1bc4ff63
1137,vlcsnap-2025-02-19-14h19m08s998.jpg,filename_date:2025-02-19,filename_date:2025-02-19,train,7c1a8f46a11e80278f77b6b9b6fc67bcd88bad1f9a74e9229e43a8d48ac936e4,bc6e27e0005e9e3c4f51e2646142b5a2f058e754246e6d7ffdb3228c57afc017
1138,vlcsnap-2025-02-19-14h19m11s006.jpg,filename_date:2025-02-19,filename_date:2025-02-19,train,f29f14bd6b04fcfe2b9dda663209944a78638ebbd9725a5bb4a375a6cb664350,63bcee366e786c902117ff75fb76fc155348604f1448b5eed5e232383fd6f0ef
1139,vlcsnap-2025-02-19-14h19m12s057.jpg,filename_date:2025-02-19,filename_date:2025-02-19,train,b37358014653c2ca0b71c66c02166f65db22054fb079849633082d54e9239b11,2bf585117f68bf888bb97a744ca7e94f981d8ed5da4cd96acdcfc368d8c2f745
1140,vlcsnap-2025-02-19-14h19m15s097.jpg,filename_date:2025-02-19,filename_date:2025-02-19,train,756e42c0ffff57401111d2068f5d74dd3dfb261e6611a8b38fdd16d988cd08ab,f9c4dcdae69854b9d683a8e2fd8ac9164a01a8f4f88470bcc2c53f5426aafca5
1141,vlcsnap-2025-02-19-14h19m16s367.jpg,filename_date:2025-02-19,filename_date:2025-02-19,train,32680441fa63e2d0df077a0195c4c2ed9436c28135cdc77906c23739bada2403,5c32216bd41e6760a0eb70569ca2cac8063553fdda05b07b7c83d7cdd47e8b62
1142,vlcsnap-2025-02-19-14h19m17s746.jpg,filename_date:2025-02-19,filename_date:2025-02-19,train,e0561149fc07d34bda1823c5d76a704c439b911ff9db0ef2365bc8a059f686ba,d6e3c3a024c96554b064c3a1e58fafe18ca8f0fc371c87efdddc972894b005d6
1143,vlcsnap-2025-02-19-14h19m19s423.jpg,filename_date:2025-02-19,filename_date:2025-02-19,train,9c8ecf0d2023840832149f34093d829fb61abdc271cf09173d3e3f117a756185,a3c3933e3530de72b3da99afe7cae1b87d20b5d655c29b29d4ce7fd6bf0a9123
1144,vlcsnap-2025-02-19-14h19m20s868.jpg,filename_date:2025-02-19,filename_date:2025-02-19,train,8df2a78a89a27c0bbe8fb50f19a7feef60a9a369182dfbf1c38ed7acedcfa474,d7dfbc21debdb317fc6a5a236b3e8b793b66a0f71db8de69bfe900c11906665b
1145,vlcsnap-2025-02-19-14h19m22s495.jpg,filename_date:2025-02-19,filename_date:2025-02-19,train,4339f98064bb50f33286a6240b647c814357b254e3c121f01d0c5ea557ce19aa,62794f87f887dc4abc55f639b6745760edd99ddb68ce86e3023222ae65a09345
1146,vlcsnap-2025-02-19-14h19m29s310.jpg,filename_date:2025-02-19,filename_date:2025-02-19,train,eac062b7c806999f9778d22d381cd4c10d908e2c2fce9c27ebf2d547866ffb9e,c3c9397e9892b33f94182da5b9eb505b003f96c364afbf7e88b5a4a72e238d1c
1147,vlcsnap-2025-02-19-14h19m30s631.jpg,filename_date:2025-02-19,filename_date:2025-02-19,train,faeffec3aa8e89d2e43cb3eea4ea8218a1cba9d6b5b7dd897c5fa7d91c00b1c8,33355e0f79871aaf670d41c135b1a01df759031e3a97a23b432e28fb7b0edd48
1148,vlcsnap-2025-02-19-14h19m32s445.jpg,filename_date:2025-02-19,filename_date:2025-02-19,train,d7cbd2b688189919f46914b4a91679c49423a258e0aee7ed0306c011fb67ede7,d9b2b988c4ce930174f466f657f758004f5edfdb6fb4f76b247e7d6b82d16153
1149,vlcsnap-2025-02-19-14h19m33s813.jpg,filename_date:2025-02-19,filename_date:2025-02-19,train,3063e8a8a8cff4b5888f8acc47beea5641e775f63314d80382b7fbf6d99b9948,7b2618c5f1ef56fef8a6603943df0592eb2aad7aff7d1ccc666f1162ae156483
1150,vlcsnap-2025-02-19-14h19m35s705.jpg,filename_date:2025-02-19,filename_date:2025-02-19,train,7d629a1abf283763aed177ae2feffdc3761dd2672f658c62b51da174154f0c30,26a9d63932476777219a60130ac3d7ac2b4ce055eb86254d853c652fb8cfdd93
1151,vlcsnap-2025-02-19-14h19m37s434.jpg,filename_date:2025-02-19,filename_date:2025-02-19,train,a3e07ae4a112870a43f2099390255ded6b0ad14a3721d1ba4c9d2d0daa8a97d7,84b4ca0035005d52e12d118aca74d18d9f43ba1f77f812df08f2ff7d499af0da
1152,vlcsnap-2025-02-19-14h19m40s893.jpg,filename_date:2025-02-19,filename_date:2025-02-19,train,fea10b5ebe6ad6a1a3f054c57fd6116699ba13e64015566885c22fe40acceed5,8c2003931e03a4704ade9c81ea62aa34167b514577868a55add98f6ff3c122d6
1153,vlcsnap-2025-02-19-14h19m43s815.jpg,filename_date:2025-02-19,filename_date:2025-02-19,train,47e672e19bc9b8b757a0a86393807bffac24890d124a66d12b49476e3a28f396,ca50fe75ed49d48f696cf8d69245e36c85bfd973828d3e8e9104e06887822403
1154,vlcsnap-2025-02-19-14h19m49s935.jpg,filename_date:2025-02-19,filename_date:2025-02-19,train,d08ffbd0a6c1013c81d1334c5b9895c09f41fdc286fcaa1ea8a7b22eddee5f8d,d0b0e470b606d00b66ea7a39e264ae7c64cc72aac557ad7aa2a13233017f7b0c
1155,vlcsnap-2025-02-19-14h19m59s146.jpg,filename_date:2025-02-19,filename_date:2025-02-19,train,17495a4df3a9d6f6bb65b9457f5bcc4c03ff72903ebb83294df626c08bd5b83c,e1612e8383161ed7146e5997bbc3ee2ad7c045dcb858e220a5e2cda7454ed294
1156,vlcsnap-2025-02-19-14h20m01s580.jpg,filename_date:2025-02-19,filename_date:2025-02-19,train,9169dfd11237f55c23087f3dd3a7bf316deeb9c92c01188e45d57f2696c8351a,4c76f0fd0f3be2aaf487944510b6b4a660e1a7d0a442befad54d547dc41e6dab
1157,vlcsnap-2025-02-19-14h20m03s908.jpg,filename_date:2025-02-19,filename_date:2025-02-19,train,53e2108ce54aa74638e239508687cd2f63256d86d7490567a5228b9c345dcdc6,fd67762fd2ec14fe419859c643f1104183d824eb6a98bc0f86e975fa649f3962
1158,vlcsnap-2025-02-19-14h20m10s229.jpg,filename_date:2025-02-19,filename_date:2025-02-19,train,828bb852eb958cfc4dc40bfeb962e7836b7292c44143ea549d7285ff1f6adad9,11ebd1061bf21693068e4d858e304c01710e01d940f2388243db20f17db4fc62
1159,vlcsnap-2025-02-19-14h20m17s035.jpg,filename_date:2025-02-19,filename_date:2025-02-19,train,285fc94d96a8b4c43843f73da91d184ab1b450ada909b57ba0800cea91855f66,215128d6cc16dec8c3529bb71185bd4d0d94dcdd426bcf673e845312bcb70ec2
1160,vlcsnap-2025-02-19-14h20m18s634.jpg,filename_date:2025-02-19,filename_date:2025-02-19,train,24f5cd63eebd4caabf0ae96b7fd62a4e48b80d86facc697acf3d51dbe70784bc,e17a54ba7558ba178543c4cdbc15848c42ad3c863cd54bace5efbaa95ec7c629
1161,vlcsnap-2025-02-19-14h20m20s852.jpg,filename_date:2025-02-19,filename_date:2025-02-19,train,fe297c1bff2cd9d2862b5e36487e1a7b1770f67a96b5e20bc8add3a28ee2af85,e7bb167dad4fa55c1e3f5dbd659468c448c4e3afdf27edeb73cab47fca193125
1162,vlcsnap-2025-02-19-14h20m22s734.jpg,filename_date:2025-02-19,filename_date:2025-02-19,train,382faae79d746d3fd073ba43f415022f0b090f02b2010224d572e2f8001b8ec1,a592d5a5b69c81382c889168c9393ea2b3c78d4f0841076cc846e38c9c03e368
1163,vlcsnap-2025-02-19-14h20m24s800.jpg,filename_date:2025-02-19,filename_date:2025-02-19,train,14e86a06f3ddb4ce3698680453e5d5bf595c1449acfb4c3ba17678bf47fbe25c,72be179932cd4addf60796d2a7c8429817f79df20f2e3d649dff384a49fba939
1164,vlcsnap-2025-02-19-14h20m27s927.jpg,filename_date:2025-02-19,filename_date:2025-02-19,train,914324d38c5fa226d34a944f21f193204bb6ece964fd45aa63ee877e5699be27,7c60fb9e84756d78de822b5c25f51049924aa9817e81e07b8e6efc68157eccd2
1165,vlcsnap-2025-02-19-14h20m30s517.jpg,filename_date:2025-02-19,filename_date:2025-02-19,train,863ff6a324bd5ffebe4ee333fb70fd9e7076b694b74d77175e6e4cbfd6074623,34e9b4f78c9279e0664435da7f5fa9d7ca5dd0a67af8253b41f26eba50424bd2
1166,vlcsnap-2025-02-19-14h20m51s271.jpg,filename_date:2025-02-19,filename_date:2025-02-19,train,544272311ebb5274b7b8192b8e2557a4bf0270a90ca88723c260af51a2067fa2,87d4f67bedc848111128c0a1221f9854e4225cf77553f31e6067247dc386b911
1167,vlcsnap-2025-02-19-14h21m02s093.jpg,filename_date:2025-02-19,filename_date:2025-02-19,train,0d8849f2f09746477a95b1114cdafb34bf500e5f74f52a924fb92dff1e9f9ca0,74bae0b836d0563883ee23244601a6929abad0a0be7d7fc0a1a4a856406961ca
1168,vlcsnap-2025-02-19-14h21m04s606.jpg,filename_date:2025-02-19,filename_date:2025-02-19,train,48b4670c4ff88c4700f9ce9932921ebe13dadd0de9c36c9aaec3f2e34acf90ef,cc295a31068331085a9488fa0eda69ff001a0b9c7b9220e19d6ab8fc0b8bb581
1169,vlcsnap-2025-02-19-14h21m06s191.jpg,filename_date:2025-02-19,filename_date:2025-02-19,train,03adf0285bf6e1054958fe5c30ba120372771b53272d3487916a215136552f90,3e96c0d18072178571ea8df8483b06a5de5e5cbaf302f1a6bae3ef628dd39088
1170,vlcsnap-2025-02-19-14h21m07s603.jpg,filename_date:2025-02-19,filename_date:2025-02-19,train,a7ce9bb8a93221d3357376b1460d28f3591983bba9dac376f65016403393f2fb,bc62da899e723eeaf0b2c82f3527529b485d9360405b5ad59c4840575dfd2d72
1171,vlcsnap-2025-02-19-14h21m11s259.jpg,filename_date:2025-02-19,filename_date:2025-02-19,train,d21ca2b2d3555024382682a50f40fcde9763707b2c2f5bfb93a4552e8c2edcd8,40645129df189353ed8dc55fbab37c0ec6173051da1963c09bc69a4831e4fc29
1172,vlcsnap-2025-02-19-14h21m14s442.jpg,filename_date:2025-02-19,filename_date:2025-02-19,train,f41b13b43da06c43e2f71c3041bdf19dca04acdb74f9139d00c962a90bb33076,f905ba53b0041724cffd104dd006b869fceafb36ba4a8b330c7036c4c9a7a925
1173,vlcsnap-2025-02-19-14h21m16s605.jpg,filename_date:2025-02-19,filename_date:2025-02-19,train,7d99e771376fc73df6f567b19628ed4e9a9d93f2e6f9c66d626c11d027ab5be0,8caedeec47fc16151ee73589c247c2530f8d9285017640e526bfdc8bda483e69
1174,vlcsnap-2025-02-19-14h21m20s272.jpg,filename_date:2025-02-19,filename_date:2025-02-19,train,5b8ad34025c5e9e5ddc05e1e8b11bafc77578b4e71fd8c5d1802307f42a955a5,1773e062c9e4eddcd66fb20812c391ad2dec26f76e6a9d5856d38ef0026f5519
1175,vlcsnap-2025-02-19-14h21m27s113.jpg,filename_date:2025-02-19,filename_date:2025-02-19,train,c4d16811e6ab2e89d78c2755d395d99e991441a4bcf8d54a7b9658ff8c183a52,773a31d293d08908e1f5692bf52fb1851663279e384a24f6b36acb013750d69e
1176,vlcsnap-2025-02-19-14h21m29s062.jpg,filename_date:2025-02-19,filename_date:2025-02-19,train,692e1e02f08f169608a1b44f92c607fd486734e7eb16847ef3965a089f9ac52d,90bb0105eca401f5a490ae8126a201f9786fa89125c80d4053aeceb5d46eec95
1177,vlcsnap-2025-02-19-14h21m34s505.jpg,filename_date:2025-02-19,filename_date:2025-02-19,train,c52281b583b733b8ebfc59cdf4bc119ec074e60c9c9f52a784132d45b06ddef7,5effd55804403d4e68ec525b403474e2ce50ec87523547fa724ab764990412b3
1178,vlcsnap-2025-02-19-14h21m35s797.jpg,filename_date:2025-02-19,filename_date:2025-02-19,train,c362e259efe583684a81494620c09c07b138cd49fda775ac05d782f6398da603,0300ac1ebdd5055ea24d93bd88848b111ce6aeaebc6e2d914d557a29fcc09c76
1179,vlcsnap-2025-02-19-14h21m40s743.jpg,filename_date:2025-02-19,filename_date:2025-02-19,train,7d526043b70da959a0c8f3b5c66933b83ef56117c82ea0ff844e7cba0158ba20,7806e093094a2883dc0128873da9c074df877f1b946055ac8367ecddbf8fb0b1
1180,vlcsnap-2025-02-19-14h21m42s258.jpg,filename_date:2025-02-19,filename_date:2025-02-19,train,af6adee42cfeac1793a0ea3d99a348cdada362f5ae02e84fbfc81e5f925056f4,ea45cfc0932d2aa6aae6555c63ba25c1dafe7937cc0be96900bcaef9b244cbd6
1181,vlcsnap-2025-02-19-14h21m43s583.jpg,filename_date:2025-02-19,filename_date:2025-02-19,train,44cfef149171821908b48a46be13697a278e87786ec46fcbddde25de9456d63a,51c439c126861366592c2920a0edc85097640bc66ac873a33ad778122082caaf
1182,vlcsnap-2025-02-19-14h21m45s672.jpg,filename_date:2025-02-19,filename_date:2025-02-19,train,b12c170dad5ecec7d6663edeb095df98f8df75f3b08d4800a3ac276ed8cf7342,e630b69e68561f8e854c7f4d747b0c60c95e05296f5eee6b1cf5d33e6c2e4cd3
1183,vlcsnap-2025-02-19-14h21m48s272.jpg,filename_date:2025-02-19,filename_date:2025-02-19,train,e429a4e4bb3efe2fb9c93ff8883410a405e59e829c3bed36e3a148eb0c973d26,77b3d67074f93376eeaa558cf92f0fbafce200afd9b91955e6da60c06096fb87
1184,vlcsnap-2025-02-19-14h21m49s364.jpg,filename_date:2025-02-19,filename_date:2025-02-19,train,917c42282c2ff3e1ba7530880dab528779792ea47ba9b8c750951bca4af82dd7,a1aafd419a8c724aa2429af15017ab8bb4a15f5c2ffc3c630048ac9996b00514
1185,vlcsnap-2025-02-19-14h21m50s699.jpg,filename_date:2025-02-19,filename_date:2025-02-19,train,1726b6f67a352e2c4a9c2ea8bddd1870edde02f7e50fd949474c2c45294e931e,c3cffdf0a05812becfe0394ed50300faecdac2e5a465e41cf4a03aaf02cb2778
1186,vlcsnap-2025-02-19-14h21m59s343.jpg,filename_date:2025-02-19,filename_date:2025-02-19,train,437076ced51c5cc2e40b8ded299653ac67e8b7c70828bf7dfa10bedd7be61d88,c1a271ba28482233e450affde5bf84e948a2af2c89bd8a3b56300e033af7401a
1187,vlcsnap-2025-02-19-14h22m00s796.jpg,filename_date:2025-02-19,filename_date:2025-02-19,train,dc213d24a8b86e242ac02cbde8400f7f10880dace21ab0b4f84664cd962daca6,0bd78a7d7819ec4e74033a27c50eff1d9058591cce5320b532ed10d5b11bf87b
1188,vlcsnap-2025-02-19-14h22m02s558.jpg,filename_date:2025-02-19,filename_date:2025-02-19,train,4b4f4a1eab9d043ffc03e103e0250b1d9a90139c06bbbc310ba22ee7019d0921,207278a9b42cc94c2a4e39446b83c3ba6636f33fa4bc6fbf916a0021f4f56634
1189,vlcsnap-2025-02-19-14h22m04s298.jpg,filename_date:2025-02-19,filename_date:2025-02-19,train,0f12ffb9cfe42d7ee352e202a40879ab6732df3f65e50361c7806e4bf0969198,659c28c656fa63cddffffb8cb8ae243192e192311bae9a7b86ed37442fa99edb
1190,vlcsnap-2025-02-19-14h22m05s489.jpg,filename_date:2025-02-19,filename_date:2025-02-19,train,b6466675166f3064a73f8b8e3d4c2fc76005abc1682bf6ed87eef05a8c2ae7e1,407615f0dc6c9512b02840a4d78a3159c45ab4869e37261debb2b6cfe4cdc3de
1191,vlcsnap-2025-02-19-14h22m06s610.jpg,filename_date:2025-02-19,filename_date:2025-02-19,train,ff2cfb4ee6aba2d56b58df2dc68326bacefa4d17fe8119956d96aebd007529a5,deef24432e32bbd1b89626505b400dec80a403a25d49294ec295a01f65789901
1192,vlcsnap-2025-02-19-14h22m08s636.jpg,filename_date:2025-02-19,filename_date:2025-02-19,train,5669527e381a12d5364e5f068978a511ddb2813cc5b1ce0a3f73dc6aa9763b17,02b8c4931588ffa684d1e23ee85bfcac7cc656d1979baec13d52683e9945a119
1193,vlcsnap-2025-02-19-14h22m10s323.jpg,filename_date:2025-02-19,filename_date:2025-02-19,train,5bc8988dac6cedff16b4d4d6937d0d25fbafd3607558663f4e7b8e4ccbc00587,48eb28919d340bf5d3e5d516847f8f02d302b4b3be1292898eaffd7dec0a8862
1194,vlcsnap-2025-02-19-14h22m11s941.jpg,filename_date:2025-02-19,filename_date:2025-02-19,train,ad678a6bd4d9475d76a76a56e6115e918fcaa3f6f1a3f4305be78a86c83da6ea,2b407461b00077a7d7cad8dff93d8fad84ef93b5f49b7c504105d9593ba81516
1195,vlcsnap-2025-02-19-14h22m13s272.jpg,filename_date:2025-02-19,filename_date:2025-02-19,train,c6cf9cb44ccce164b16bdc3a0d839f25fb02519fce72d11c664cc64ed07d3824,4c93a6696ecab4f9ffee9154e6e8f50236237670a2ef57431dc32d498d14cbb6
1196,vlcsnap-2025-02-19-14h22m14s561.jpg,filename_date:2025-02-19,filename_date:2025-02-19,train,fb8f36d63227d35afa33d0f6f89253e90f09b837c5a08ba94d4ce3a81aa1f443,7e9060824ed036e2978031479653e78a92e339b60e7de3e1374e2c27231cfa32
1197,vlcsnap-2025-02-19-14h22m16s149.jpg,filename_date:2025-02-19,filename_date:2025-02-19,train,365061485836d98f56040ee715b159a358ab44e67fa6a5669ec56c2569c34c68,4659388963cf540255db1c6593308578f122f324839134aa4b45e1458e949021
1198,vlcsnap-2025-02-19-14h22m17s919.jpg,filename_date:2025-02-19,filename_date:2025-02-19,train,b763260ffc4c1dbcde113fc89920ecc36af42b43f9eb9a3fefad58054086f771,a0aafd96af9fb2945c85bdf5031e0fe2ccdcc6c941d39a45698b7e5ad090fb73
1199,vlcsnap-2025-02-19-14h22m19s590.jpg,filename_date:2025-02-19,filename_date:2025-02-19,train,e882bec4b9b274275c34ee9d092f0b372dcc68608b679e500f5b1a18af93900e,efb0e52a3bb6829cce97843a44cf201c029be195eb1e3f2a528a04ca3b9b99f7
1200,vlcsnap-2025-02-19-14h22m21s120.jpg,filename_date:2025-02-19,filename_date:2025-02-19,train,c5b3dfe2ffbd420bee9b0f92d9e21b54e0f7dbe124c66bb0b0ec91e3d56efa17,e454f0bff3b2adf25ec5f282a1b700ce638e864efcbc132da70d46093955721e
1201,vlcsnap-2025-02-19-14h22m22s986.jpg,filename_date:2025-02-19,filename_date:2025-02-19,train,95e33fadb2d45615e83ce25cd91c2bafc72884930a4455005fd965d195ed4dd3,49b6e436291601629ee1f2e7c0adae849e124680f58f0dc6e71c565d6ecd33cc
1202,vlcsnap-2025-02-19-14h22m30s503.jpg,filename_date:2025-02-19,filename_date:2025-02-19,train,dbd56ce748e137a759342b5b337120757f9dd5f461104aa923ffd8139db97085,d5b2b029c9645b0d6b03287e7caf59c2556a548d0b09c1eddd7042e6d9528d30
1203,vlcsnap-2025-02-19-14h22m31s721.jpg,filename_date:2025-02-19,filename_date:2025-02-19,train,0d7b46602a7a22be57bd276d24ea1194c7ce3464c94e3436d9a4fc5617758924,197ce63b537575d5a43f8ca40aa8cc191958c19b0af7fb6adb106d787281e74c
1204,vlcsnap-2025-02-19-14h22m32s888.jpg,filename_date:2025-02-19,filename_date:2025-02-19,train,f22f1365de529eeb076f502b88e2e94e11ea6af35b9a7115510734e502bf2821,699501168e53f416ca6273a3650fd7591df86290e88434768e8ce077f01eebc4
1205,vlcsnap-2025-02-19-14h22m33s748.jpg,filename_date:2025-02-19,filename_date:2025-02-19,train,38fe4948b684fcdb0262943489a3cd6976eb73145c18d07828ba5bdfb228604d,8e598529c1d88772dbd2f1164519f84731fc19e243b62ba28b75f3c9291e31ac
1206,vlcsnap-2025-02-19-14h22m37s644.jpg,filename_date:2025-02-19,filename_date:2025-02-19,train,7ab3ac233bfdf70841cbb7474bab276edfeca9b59a5d67ef3923500f0e67f9ed,40bddb80c0b643264e9a910b9440954922fecc1f295b0079a35dee4938149711
1207,vlcsnap-2025-02-19-14h22m38s648.jpg,filename_date:2025-02-19,filename_date:2025-02-19,train,cc02e792ed219f2a0fbf57bff5da4144d3922a9832cf3c2837cdc0b6c13c5cc9,3b4f9af2e63239cffad40f92d51aa99a008ba4654edb3976c39b1e202d7dcc8b
1208,vlcsnap-2025-02-19-14h22m40s331.jpg,filename_date:2025-02-19,filename_date:2025-02-19,train,5abfd5f7ca62b3b46fe50b887b9d0bed51442bad9a3f13ed96862482d99f9132,e01f7a94522788d57288c5621c589a97d6fb45798b4606e9078f0e2ad9809be8
1209,vlcsnap-2025-02-19-14h22m41s800.jpg,filename_date:2025-02-19,filename_date:2025-02-19,train,099fdcc54e5d4dcea8cc0575455ddd30f475a50fdddbe30f389f1516c9a4c8eb,723fb16ebbafd00965646d857b8f1e906ca332718fc189067dfa1ef5064d0737
1210,vlcsnap-2025-02-19-14h22m49s334.jpg,filename_date:2025-02-19,filename_date:2025-02-19,train,000f9ba928c67efd9c8f08b00efd4ef2eb09c4ec661a3e4db9274e6b87cc3da5,97978dc4771e2610a83fc001a3a96dbd0dbfdf50608724e741234d010f05228e
1211,vlcsnap-2025-02-19-14h22m57s513.jpg,filename_date:2025-02-19,filename_date:2025-02-19,train,fdcf71f7b1ed4f75c995837a433f68f05c94c202c4f3427b43910adfee9fb6aa,59a2ded4989ed97b6df87f0d46ec85ed7f7c7ee66979c4d213c9d4106b333748
1212,vlcsnap-2025-02-19-14h22m59s159.jpg,filename_date:2025-02-19,filename_date:2025-02-19,train,5d8f2a0789b44218f8d5685fde2bb356f46763ad554cb5faca2608b31bbb9166,cd263fe4df8b51f120ea535cfbb3b3d507101692cab93ab4e722c1f5251ddf46
1213,vlcsnap-2025-02-19-14h23m00s963.jpg,filename_date:2025-02-19,filename_date:2025-02-19,train,290324c6821dfc1a231a1d500a76c7577f412f028b40f52926292731af6086c2,4ceb9ade32bab47b934f52c743d721b6b6af3da605ffc89998803a60c36dae13
1214,vlcsnap-2025-02-19-14h23m06s243.jpg,filename_date:2025-02-19,filename_date:2025-02-19,train,39f1bade85f5217b2215672d4d5f021e7d8e4ae139ce23d7c336f814ef2adea4,9dc3f3a8ebd47d175154cd7f09e2ded8012e5df5271d2452c70af1e58b372b16
1215,vlcsnap-2025-02-19-14h23m18s342.jpg,filename_date:2025-02-19,filename_date:2025-02-19,train,e0bcb4eb2ce78103e5e81e8c736b44b66a2d61787c2b739e2263acf1fc7a3cb1,afff8a346a55a50371c0ff8ad0c1438355b969134cc27d01d394c13ac9c9415b
1216,vlcsnap-2025-02-19-14h23m20s369.jpg,filename_date:2025-02-19,filename_date:2025-02-19,train,eedabb63e6264e83612656c0e4ef45f19473c6d37f116935c7ef542923c721f3,024285f5a843c4d0314d438ed80264b63cc788a6026a271cb198a055363d9aff
1217,vlcsnap-2025-02-19-14h23m27s011.jpg,filename_date:2025-02-19,filename_date:2025-02-19,train,45b31aa8f16cc3b4842cf37a3dcaf752ebc2493b1bd5ed309f50cd86f7ccf8e4,0808ce67b1e89ba650572326c511fc20d8d3d14d9e3fa110c3f758e34899341b
1218,vlcsnap-2025-02-19-14h23m32s690.jpg,filename_date:2025-02-19,filename_date:2025-02-19,train,eb6849ad05fdc841e41884f1f8de5771cd4b9a838c1312d8ec69753fe4bbe551,0de1984ccde2cde3c9c5d138fb801c7677bf90ae651e608d831c1af2648328a7
1219,vlcsnap-2025-02-19-14h23m48s900.jpg,filename_date:2025-02-19,filename_date:2025-02-19,train,bcca482536b42cfa8beda81615a0a65fc97a3a1c132e27401640641542b75b07,b92f2bf8f48a691ac4577ee6079cbd65b069bab8458d1731143e859426a81017
1220,vlcsnap-2025-02-19-14h23m51s336.jpg,filename_date:2025-02-19,filename_date:2025-02-19,train,65d15b36d16103d4c032d8ac62abe2456493685e2ae0ba41d2b125edbce010bf,cc2f6ee573c91d8192b5d2df8e1c639d0f0341decc2043af62bcbcd667513d03
1221,vlcsnap-2025-02-19-14h23m57s513.jpg,filename_date:2025-02-19,filename_date:2025-02-19,train,0024f448b604b1e7c745857f36b3853b9e0ed1aa11de9e6e480113f0cc516f4f,4a83d3ffad531e4ac375405908a83c245400d2cc39f137555f5348eff7a6d0cd
1222,vlcsnap-2025-02-19-14h24m10s654.jpg,filename_date:2025-02-19,filename_date:2025-02-19,train,e6126a7aa205e04a651b883ecd3a31ec668df0809c23544f48555964f704b1e4,509c911cffad102e15a25f79a19769c34294767c811da7f8d18ffd1e0d130e0f
1223,vlcsnap-2025-02-19-14h24m12s307.jpg,filename_date:2025-02-19,filename_date:2025-02-19,train,548167b07fa3c2e1fe6ca39edf838bdb6ec74a8ad60ea4b30bcfc602358469e6,bbcdad36d769e2e45617934fe47882ea21ae22a97d58fbeef0f1d8466f97d76c
1224,vlcsnap-2025-02-19-14h24m13s530.jpg,filename_date:2025-02-19,filename_date:2025-02-19,train,a024a2a0ffba7af38757577d075ef40fd8f846d031f991a22497fa18f055d4b6,46145869e39e88bf68ac2115d887b250bf07ecce34915d2e7605bd56bf2dd08a
1225,vlcsnap-2025-02-19-14h24m15s730.jpg,filename_date:2025-02-19,filename_date:2025-02-19,train,6c9262ca3ac1add4a6f96be2954b70eb73b65920445c68c9e829ade95e79fbe9,b8c9077c2d6943f77a73179b84a7a4ac42a22260ad52e3440e40637b80bda60a
1226,vlcsnap-2025-02-19-14h24m18s714.jpg,filename_date:2025-02-19,filename_date:2025-02-19,train,338160a531f7d7013693f49083ca4d4a4ddcdbeefa07c18527f841bb53f2f811,463ecf26e7c24f38299181d4032fa2e4fc28f972bc500228f5dd1cbda972638d
1227,vlcsnap-2025-02-19-14h24m21s932.jpg,filename_date:2025-02-19,filename_date:2025-02-19,train,98f2d8360489af920570c8211dee465def739c5d70b8f2c3b160693cccc903bd,45df6f97835b52152f621b1dd55bf27e96c985a9f97ef182bd7d0afbc0c0a303
1228,vlcsnap-2025-02-19-14h24m23s841.jpg,filename_date:2025-02-19,filename_date:2025-02-19,train,f4696caba8707f370bd8e85650b8053a44a3a8d2095304aa060e8cbe617a17ed,1c6e7077be7c7a6bb024b2adf742484ea9bd65b908abbdaa4d6d5d5362d8454d
1229,vlcsnap-2025-02-19-14h24m26s982.jpg,filename_date:2025-02-19,filename_date:2025-02-19,train,452303abb224debecf6e982a7c06d873baa2c21ddd94fcb79bbbeef5f022bdb4,248f0044c923a0dfed0da34d4881f1302fbdc56d8fe1068828428d6c33d507e4
1230,vlcsnap-2025-02-19-14h24m29s457.jpg,filename_date:2025-02-19,filename_date:2025-02-19,train,8cf58975603c4f8b8b32c9b5742862221283be5afa84043aa556a7641efdfc4a,e426c31ba41f365f72633a0d8e9e5cdda48f089f85565620475a53941bdbd205
1231,vlcsnap-2025-02-19-14h24m30s948.jpg,filename_date:2025-02-19,filename_date:2025-02-19,train,d8f40c96097f1e94d7f78f9dcd88b8d25b05ee71dbf2cbfb0979d9564d80ec24,393fdb18d25258903cf598edc67f077beff8e838daddfadd9222612a68d870e7
1232,vlcsnap-2025-02-19-14h24m33s862.jpg,filename_date:2025-02-19,filename_date:2025-02-19,train,13977da03da0f415b554bf0630c51a4456212d2cd8780715fd4a3607300c2b28,2cd2e35b2c859b05f1fcbf4eb0f557774c2f7af509d4130a63eb408d3f0d86d1
1233,vlcsnap-2025-02-19-14h24m38s339.jpg,filename_date:2025-02-19,filename_date:2025-02-19,train,1041bab6ea374e49b60eb5916a770a552b213eee8e9e9fc55160855be1c9f75c,0a7c9f81bc245e323870f31517e8bce0e3ee9fc2fce0436d1700131963a396d4
1234,vlcsnap-2025-02-19-14h24m40s628.jpg,filename_date:2025-02-19,filename_date:2025-02-19,train,7d1b40b905f4f18644a88296dcaa69c9af2b86eb28ceb1245e17ba5390d595be,43ec22970684be0fa8697aacf1267a4950a6084c2c5aba33a6989f4ac388e2be
1235,vlcsnap-2025-02-19-14h24m53s165.jpg,filename_date:2025-02-19,filename_date:2025-02-19,train,07fe335a6f6bb0192866e0eb7b68213e661390f46505e350e1bf04c3351b09a4,c5404ca9a26ba36e21658ab65ca36dd9f6a196265d76076ef84227f0d88e7d3c
1236,vlcsnap-2025-02-19-14h24m58s985.jpg,filename_date:2025-02-19,filename_date:2025-02-19,train,9b4bdaddc9cc13951ac268543eccb4875b26d2ee9677321a78a46e608abc96e1,a6c3f23d6b3c36230ad05a08ff36a25425179060b9ad0da3029c0b73e0e8f761
1237,vlcsnap-2025-02-19-14h25m30s703.jpg,filename_date:2025-02-19,filename_date:2025-02-19,train,b1ec8f679bc57e59b6eb35cfb09a364dd908cca0a939f9951e616e4bc11ed76d,0a08ac87fc52987e6e1ff1cd5a37d394283a9c8625c511df70d1ce0032050280
1238,vlcsnap-2025-02-19-14h25m42s996.jpg,filename_date:2025-02-19,filename_date:2025-02-19,train,2f4f057b88c695aa8286537d4e02b02c10c92e0052e66d9bcea13e1586520f9f,f9c53bb96076c9403f0ca99408483bd38dec87ff3a59c0252a1133f32e9b436c
1239,vlcsnap-2025-02-19-14h25m44s752.jpg,filename_date:2025-02-19,filename_date:2025-02-19,train,b626b44cda57212283093bdb5ccbd25c6cc99c1237c1ef4a774d782e2bcfd848,79ff0458c607cb510781501da3f545903e995fe52973f4cadaf21953f48f964a
1240,vlcsnap-2025-02-19-14h25m46s099.jpg,filename_date:2025-02-19,filename_date:2025-02-19,train,69d05b4a3bae1a0d22c2e3af8f303943cc4498cb8699e8895bf26b4facc0b274,f3c10233d9a8b9d90822e802b5f98509a55c8fe1455b0a5ba2653d3da32d528a
1241,vlcsnap-2025-02-19-14h25m58s876.jpg,filename_date:2025-02-19,filename_date:2025-02-19,train,b06915d28b8b39d5a237b47a76a2e50261cdd121cc4b5275dc2b486360ca22de,f1fad95e9f884ae6b77739e4f1493339418b67754942f8d70ad63a687035b190
1242,vlcsnap-2025-02-19-14h26m02s360.jpg,filename_date:2025-02-19,filename_date:2025-02-19,train,65d73d790f39fd8e97e3a033a64964b2045b22975835aa092ae7eff499012c81,ed9ac35430a275d7f74024e3f9de3513d214c0fdbae861858405e57ab8c0978e
1243,vlcsnap-2025-02-19-14h26m07s130.jpg,filename_date:2025-02-19,filename_date:2025-02-19,train,3bb6aa80a85147d0874199daf4f5bad1d028ad83568d62674737f6c474181293,7a82dd9439fcfed182940d970cf1f139f776f334b9da23d19048d0a51c6b60b9
1244,vlcsnap-2025-02-19-14h26m23s481.jpg,filename_date:2025-02-19,filename_date:2025-02-19,train,fa1306b8e39b617c58a4067c04b3da258854ee42c13d1215902c277c6874d333,f6396c542110f55e156634278107aa0af3c64d36b25ed8619d546fbd83cc6ed0
1245,vlcsnap-2025-02-19-14h26m26s258.jpg,filename_date:2025-02-19,filename_date:2025-02-19,train,393eb86e79f7ba7519feb1be668b0e99fde65a6a8050e5f49ad409eec5a6c655,79db98c63dbe07f546318be377d4f3aee00f3894f4d36cee27055f0a3208a513
1246,vlcsnap-2025-02-19-14h26m29s396.jpg,filename_date:2025-02-19,filename_date:2025-02-19,train,e4334eaaa70d97d6fb6dda0d77b691395593322adf829838836727cef61cb2b0,cd9ce8e6ec14113e68fc6056d3036f6485009fbc11c0aa9511c9d7f682d26961
1247,vlcsnap-2025-02-19-14h26m33s245.jpg,filename_date:2025-02-19,filename_date:2025-02-19,train,46e4e8ae911706385264c873e23070ae81d218e0dfb54660adbdff789b803065,b352ec36936d15925aeb58055ebfd1ace4a07002027c52050575ab50f75f6e19
1248,vlcsnap-2025-02-19-14h26m38s427.jpg,filename_date:2025-02-19,filename_date:2025-02-19,train,b0bd8e182ee8d4301ddb5f067ff83f7c02040642d4a8132b38b6a07e747e9d38,9d1bef3e7ae50dc3ac16439d9fb3e2daf76d7ecad8ed92762d5b82f613400e13
1249,vlcsnap-2025-02-19-14h26m42s192.jpg,filename_date:2025-02-19,filename_date:2025-02-19,train,8a1b1fd5659877964cd0be4838a6353e1b75b9a4b9ed6371a6f66d0d34b1141b,f29a01320fc2e5add0840d11286e6e0e070c8a3e4cacc7a93ddf8ddba2f4a01d
1250,vlcsnap-2025-02-19-14h26m43s863.jpg,filename_date:2025-02-19,filename_date:2025-02-19,train,c1d61985f06550970de4ddc0fd6ac7d468c6aa4d95e05b42b3d65a921c13161a,3fd2cbae656ef760aca9a7bca539d1db456ce9d1c726d8e68d36acff077f32c1
1251,vlcsnap-2025-02-19-14h26m51s034.jpg,filename_date:2025-02-19,filename_date:2025-02-19,train,9e27cf9b94b0a527acbffb35a0a4471f1e9519d9157348f070ccd91bbd5e6473,0df384b7ba7166f6a7f7cd24df7f3b03e99fa82c3f0de9a8847f1622a6e1577b
1252,vlcsnap-2025-02-19-14h26m52s346.jpg,filename_date:2025-02-19,filename_date:2025-02-19,train,f7c507d61a489a14a572282d6946d1611c5f44ec8562949b26949fc52f77c349,776af9d806836af03674f31338f17ff7f7e22dfa81af9704ef61f175d6b212c4
1253,vlcsnap-2025-02-19-14h26m57s974.jpg,filename_date:2025-02-19,filename_date:2025-02-19,train,de8d0ffa6a6373ffc9050dce64da6d5704a091cd701254cc2721bec4541020c6,66cf2a5df0290190c733634482a5208b72ddaf61f96f3bad58a3768d977c8bcf
1254,vlcsnap-2025-02-19-14h26m59s160.jpg,filename_date:2025-02-19,filename_date:2025-02-19,train,8d7f2b356086f2b53e251b2c7babebd498325357e33f982e8fa7ade59e667392,bd128229e4d4942fab28807f52023204af09e12720fccdb48a6fe6d05a76e467
1255,vlcsnap-2025-02-19-14h27m02s489.jpg,filename_date:2025-02-19,filename_date:2025-02-19,train,e22cd2a3a29c422b70f746b7ddc50dfac52131f4d059fbe44f1ee016e0610b14,7db18783fdeb462d135e9dac85a68ae69688e6ef43e7e448536f4061f9f58acc
1256,vlcsnap-2025-02-19-14h27m03s552.jpg,filename_date:2025-02-19,filename_date:2025-02-19,train,e6b7dcd014c34b2bedef13718fe0dcf8ea9b604c2ba00475e67928369feeb77d,5657391d1a9d673a69297fc86108cd0147da7bddf1730f23252dcb15574e1312
1257,vlcsnap-2025-02-19-14h27m12s180.jpg,filename_date:2025-02-19,filename_date:2025-02-19,train,67204f8c5fcfb237ca2b6a18c0edd272bff1c40f479de08b179e2a49b70249bc,82af2eb39745ce49760ee600ef5766c954fb510cf92c131f682d684f241a8951
1258,vlcsnap-2025-02-19-14h27m15s411.jpg,filename_date:2025-02-19,filename_date:2025-02-19,train,9f75844b6abddb95327f418933e0aa3c87d02765f75862a768edaf4581895a3a,e231c942bf6627baace2c606468bc4a50181ecd9c5f5da1412de47ffd78c0c90
1259,vlcsnap-2025-02-19-14h27m35s786.jpg,filename_date:2025-02-19,filename_date:2025-02-19,train,e6189ee99ce7c3c8e83b9e89b5066ea1c5494bcd5f3ead81be6f93a888a0ea71,6068207fce2ed4e93948ba710377d57f823fc534e5ebdea842ebf5d52fe394b1
1260,vlcsnap-2025-02-19-14h27m51s946.jpg,filename_date:2025-02-19,filename_date:2025-02-19,train,2034fdea75b04494f9d9c58c9e27b063f69b9d06b37e1d4b21cc477e80acb24f,2ee53fed8784ad382c4ecacb27eac8a60b0f7e79098c1a9d967f29c968b3d208
1261,vlcsnap-2025-02-19-14h27m58s022.jpg,filename_date:2025-02-19,filename_date:2025-02-19,train,5fc6503d47e864c13d9f28f3e616bb994ea02ad1cfa33156a675d4fd05a07081,69a7319dcc1d18b2451dc5478d49258bd2a203372a314017784f9eabf28d7d8d
1262,vlcsnap-2025-02-19-14h27m59s759.jpg,filename_date:2025-02-19,filename_date:2025-02-19,train,51b607ca21b33ede43ae1decdaf29d2bf58cd9d8a69e7d35f0eb1a678f3ae29e,0c1c8ce82bb4661b92f9b078024c74425aba1f72f771ec32e5591cd5d0aeee7a
1263,vlcsnap-2025-02-19-14h28m09s822.jpg,filename_date:2025-02-19,filename_date:2025-02-19,train,e558fe1ad0596990b4ac74d7e023074763039496d5681df6d18392c07c792190,99519b0b15ac85025f956744c36843fdec51bd11111c9c36aa18b675705c4364
1264,vlcsnap-2025-02-19-14h28m10s843.jpg,filename_date:2025-02-19,filename_date:2025-02-19,train,1748d53494aa1c11f8bb49e8ebf08fed822521e1d875d07308a5d846c8cf2ea9,9786f6fbc82c5ba6b9f5cbdbaf816bc5c4ab7167c4d596098046bca3fbfc33f0
1265,vlcsnap-2025-02-19-14h28m24s310.jpg,filename_date:2025-02-19,filename_date:2025-02-19,train,516129e885192eef0e8cb01f2c19b00d3abea030e01a83870c3e48a176f86e86,5117c91b4c01e9d8283310bfc0e2948e137ea3ea25952d0e27ca2d967e9ba19c
1266,vlcsnap-2025-02-19-14h28m25s460.jpg,filename_date:2025-02-19,filename_date:2025-02-19,train,2c2030abdc0415f5d457850973e291586186d9c2135f9ea2f5976f504b4644ea,1a1b1be47c462faad50f05f8d741ace4e71738313bc0b21abe7df2386828db7c
1267,vlcsnap-2025-02-19-14h28m31s489.jpg,filename_date:2025-02-19,filename_date:2025-02-19,train,46458187098d3911ed6988c9d193fc6c15b7bcdb1303c4708be74928abbfe982,bc40e07cd59f59623e36b1fabd3893040ea17dc69f1b7fdf9d1ba1cae9f9014c
1268,vlcsnap-2025-02-19-14h28m50s795.jpg,filename_date:2025-02-19,filename_date:2025-02-19,train,eaa0fc41c63dfc85003b8f7be2e02ed2b182913c28c3abb7e6cf22b69429f5b4,6595ea8c51097e19ddf3de5b27a6592969e07254417e7ede8659a5db70abfe5d
1269,vlcsnap-2025-02-19-14h28m52s076.jpg,filename_date:2025-02-19,filename_date:2025-02-19,train,ae0894d72b2e28e9bb18e144316cbc1985fe263aa38dc5199b359f1a34907b8b,c68c8396ac7b142cfbaed8156fbee9cc0b5e32305204bd862ddfa896a00d7082
1270,vlcsnap-2025-02-19-14h28m55s809.jpg,filename_date:2025-02-19,filename_date:2025-02-19,train,bb681abef4a464f42aa46bece67bbedf3d474dc145fdf9c1352da7790e7bb485,b9ab0e3b04670891033cd02b3ee97c76922a8af4518d962ea6649b90ce20436f
1271,vlcsnap-2025-02-19-14h28m56s662.jpg,filename_date:2025-02-19,filename_date:2025-02-19,train,9ee8bcc1a25f81ce7ac11ca16dbfb5cdd4a7d7a2fe17a947bdb669074fc039ac,7f497594465ea44d19b93cd430ee92246d3916f8a0881b7b8ce78b9d7f667ca6
1272,vlcsnap-2025-02-19-14h28m57s765.jpg,filename_date:2025-02-19,filename_date:2025-02-19,train,47584583993ae282884ad56fbc6080de9bd8a50a3dfe9e4c51636a0e3a468d3f,f89ace270ba94510fd6ddaf824ebbc39faf961aed3d2c3c609ff229c666e5b0f
1273,vlcsnap-2025-02-19-14h29m02s439.jpg,filename_date:2025-02-19,filename_date:2025-02-19,train,8c397f152f83b56df65f22c265137152baf8ff6e2e35f5aa8ae94d837daa275e,7f425a3c9bce9e2dab85b5d7bab7d7fb8b623f2f68c677f5ec8f0bf381c196cb
1274,vlcsnap-2025-02-19-14h29m06s968.jpg,filename_date:2025-02-19,filename_date:2025-02-19,train,928de31ff484a1873d18748b87886f2fefc1ace38347d81037ac49701ae17c3f,3b69202e92ad1ddddc6adef95bd6bf023483eda0e5141a7b4995845234021d6c
1275,vlcsnap-2025-02-19-14h29m22s085.jpg,filename_date:2025-02-19,filename_date:2025-02-19,train,be035df89f1f6df6c92719d60851df1f306d7dcd8208b39bc3a6de6a7f27ae23,23db39db4ed6b7d304690c64d93bc2e25f2d2dc48bdc46808113f835d8f9f69b
1276,vlcsnap-2025-02-19-14h29m23s045.jpg,filename_date:2025-02-19,filename_date:2025-02-19,train,a75e43599ca645d955b3a33a20be109a8223f165e54b6027193dd9bc2d8955bc,97922c9b36f6b62812f9d63a42982c80acdbd4cfdb3aeae8e00ac104a078c085
1277,vlcsnap-2025-02-19-14h29m24s770.jpg,filename_date:2025-02-19,filename_date:2025-02-19,train,1e996a8838b4c0dbe34bd56eaa5e2073f8ae22ba10f3f6f4b1a21f4d055de60c,6e36221f4a881d348834fd53b0c89fc99984bb7d07ad0f9fc37365c92c5ac567
1278,vlcsnap-2025-02-19-14h29m25s660.jpg,filename_date:2025-02-19,filename_date:2025-02-19,train,fc1daf4ed7f705dfa2df7e4a8acf31baf975ac929d72cd9622da6dd43ca461d7,105bae489e41847fb20a26bb65d83b049d99dd163dfbb8a944f70cf9a8f921a4
1279,vlcsnap-2025-02-19-14h29m41s728.jpg,filename_date:2025-02-19,filename_date:2025-02-19,train,da321b4e8580d91564a651932e75a472c4f647bdd804e25e402ac8f4e6f11b16,94155f4fcee4ac4b4e8e48398c1d6c2ae22addff8b3c4d5e3aa6fd5e79b61baa
1280,vlcsnap-2025-02-19-14h29m42s669.jpg,filename_date:2025-02-19,filename_date:2025-02-19,train,2219ca28c154fbefbfccda3659fc5b9c87a0f12c098f06ee1d1540313223c597,6f36a5d791b8a2fa2fe2f55dffe310440b0e596ce24810e580f08d4e7de1e516
1281,vlcsnap-2025-02-19-14h29m43s309.jpg,filename_date:2025-02-19,filename_date:2025-02-19,train,f2ba50166fd85a10c5b71afd2ef5b38c2943ab90177f2724f81aeec6111add4e,93a5860667be906fabddae2a93f5a7ca34ce084e8716e28a007856783e72dd86
1282,vlcsnap-2025-02-19-14h29m46s948.jpg,filename_date:2025-02-19,filename_date:2025-02-19,train,4cdd9f63ff8728730033a29f660a76db0538b97fa0d0f0c4b3d2ab5efc89126e,cdfc79faa0d4717be0cdfef70e335658f32bae02b4f6d41ae5e18b2fd4550eeb
1283,vlcsnap-2025-02-19-14h29m50s117.jpg,filename_date:2025-02-19,filename_date:2025-02-19,train,fe0a30f376ed584da740107b0c8efbec64c1fa5308f3861ac0b2975f3e52df44,1f446774b5ff8a39d168d6ffd015c99b1f4cf7f0cdb92b2303fbc4429a5aee90
1284,vlcsnap-2025-02-19-14h29m51s283.jpg,filename_date:2025-02-19,filename_date:2025-02-19,train,99b7d71f48804e71364869672cd85b32b7686954f26c5e9447479ae1f5631e8a,e38d239496c7c761635bdbca6ba55f11ba02e47919c9ac4459030d3f207b0afa
1285,vlcsnap-2025-02-19-14h29m52s169.jpg,filename_date:2025-02-19,filename_date:2025-02-19,train,20305e0aa25689d799a2e5968d4cedc154196404d693384c91d97f7e8fc4a7ac,5357560f08900a0d0c88b076c384826b897724256dd019086f2daf6c3bf8d9ce
1286,vlcsnap-2025-02-19-14h29m53s140.jpg,filename_date:2025-02-19,filename_date:2025-02-19,train,6376696959f54e0fa23a39f82fb5d56aff2c3c355b401fae80b57c0b01cbc064,2cd2e9c37dca10d0c650b927b888a616a43255143fb5e6dea3d990df45946624
1287,vlcsnap-2025-02-19-14h30m10s427.jpg,filename_date:2025-02-19,filename_date:2025-02-19,train,53c8ffb09437ace1c7b8c16a687e22efbe74a2a9385ee586e21d30b4be1d3809,8df7ab2b7cf0597ea60ae2f092a24b46c85211037545535ccf4308055269b2aa
1288,vlcsnap-2025-02-19-14h30m11s265.jpg,filename_date:2025-02-19,filename_date:2025-02-19,train,5a266d721105583a3a1cd362926340b6e20453c8a62061cb8a51d734a095c3e8,d90f1b91a96cdc9037bf8237fdaf58d0cdd02f71b7d783142f109be6f71afae6
1289,vlcsnap-2025-02-19-14h30m17s564.jpg,filename_date:2025-02-19,filename_date:2025-02-19,train,59d9235fe4238dd42d84fdfc3772cedd91ac2df06a91b2fb4a49366c21947843,b416b531b10f44faf7b9ee74fb750551e247aba15dfab35433f74ee80758f7b9
1290,vlcsnap-2025-02-19-14h30m22s196.jpg,filename_date:2025-02-19,filename_date:2025-02-19,train,0a9fa3bd13cfb19f35dc9675a178ba901f6feac941b9a0fb8aea6f74b1122948,b845eab1498df7474ca27d198827ba753816f31e78717063d13f9bfe667292ed
1291,vlcsnap-2025-02-19-14h30m24s704.jpg,filename_date:2025-02-19,filename_date:2025-02-19,train,03656a65a4799271cbceb6db4b0e5fc3b7508ff67915dc5490ac9fbcea74f543,d6130f0d49a8aa1594858a09e8ae0225cf4755cac1c7ba6ab248eb76846bc53e
1292,vlcsnap-2025-02-19-14h30m26s173.jpg,filename_date:2025-02-19,filename_date:2025-02-19,train,6c642b0d2abc361817c5e27c9dce96bbef5ae77c18b1c6685919ccf508c66109,43a8f7327a727cd349f9b82363a2d17f3b20e08f5e0db323104b612847af3bef
1293,vlcsnap-2025-02-19-14h30m27s488.jpg,filename_date:2025-02-19,filename_date:2025-02-19,train,ca9782a66ba563690f90c9cdd92f8341aeb5ad6206535e7c1ec969782bd035c5,512703cfa261ccda6de2b9801f70ee08c7874cb4ae722e744d20ce01bef10ca1
1294,vlcsnap-2025-02-19-14h30m31s728.jpg,filename_date:2025-02-19,filename_date:2025-02-19,train,5d62ef75e3226c72a537ee09ef0340b0c04b5d304c7dd15dcbb062ae5e05f3d5,49595849ca5fea92c8ac965318cf1df8efd8f27e1bc5967a26c1ebd3c9a3314f
1295,vlcsnap-2025-02-19-14h31m39s906.jpg,filename_date:2025-02-19,filename_date:2025-02-19,train,676bc1cc80cfc7e70a26b30ab1411767b9c0a1feedffe79a871b1a339178b5fb,5fc06534fa1ad78dae3cb268a14fd21be87fda9bf10cebbf6046b1cd36ba6e51
1296,vlcsnap-2025-02-19-14h31m40s773.jpg,filename_date:2025-02-19,filename_date:2025-02-19,train,2934490f101d0dd0e7dd12655a5eaa2a12f90385eba0a931bca5f7a6d710b54c,5915a336479b933efc602e1be458dcbe75faf5a8b509c6de4091b00de008a22c
1297,vlcsnap-2025-02-19-14h36m32s311.jpg,filename_date:2025-02-19,filename_date:2025-02-19,train,f39ac9883b5b4a472b0c82b78c8505ed48a052b7a722855e1f499780aa2a7a1b,6e77347a9263a35818ffb38dd05e63617484d82c07c4f8ff7fb59b7a95e9b53f
1298,vlcsnap-2025-02-19-14h40m30s538.jpg,filename_date:2025-02-19,filename_date:2025-02-19,train,d09f7a494b152e8ed1529ba6617943caa528957a20f40ea7d8fc8041857b879f,3446bdd9013fdac8ff7c8ea5410b2fdcd242857bbbf02408267e5fcc991117f0
1299,vlcsnap-2025-02-19-14h40m31s815.jpg,filename_date:2025-02-19,filename_date:2025-02-19,train,d4414af2d71d1253886d1264a1f9421afae9fd9f6c1cab3c2ae01e609154e7cf,68d48dc75f3e6cac2addfe063e24c1c3df4401404e839b42a8c334c0a0572573
1300,vlcsnap-2025-02-19-14h41m17s010.jpg,filename_date:2025-02-19,filename_date:2025-02-19,train,6419c3d5902548649d2b92e32de4c9d30c01286d1157a6d172351163e9cd078e,cea9327f30b76af358e9eae0161b0f01a7aae085462779a15fcabac609aa3b33
1301,vlcsnap-2025-02-19-14h41m21s708.jpg,filename_date:2025-02-19,filename_date:2025-02-19,train,77cdf761b2242879171376e860545b5af2928a1d0d2cd18a93b30cd6f4d34a8f,42e42fe02a32c90261684b83551462ab010b8da9ec1bff10eac76cdf743e47a9
1302,vlcsnap-2025-02-19-14h41m24s367.jpg,filename_date:2025-02-19,filename_date:2025-02-19,train,221703f722214e3dca099b51f9e49c07c5b387069fd78fe1c56f3e5fe256240f,8dd23342109218fa9f14707edec808b19dcff167a05848da29a083e05dcaafad
1303,vlcsnap-2025-02-19-14h41m27s559.jpg,filename_date:2025-02-19,filename_date:2025-02-19,train,97f516757da78a1a84ab135b554b9923fff0cad80d74019acb7bb06263db0757,d830e483d4b85b44ad05841b8875a3e3a3338c416ef23bffcade015af37c96b1
1304,vlcsnap-2025-02-19-14h41m47s374.jpg,filename_date:2025-02-19,filename_date:2025-02-19,train,5ad320b67498f340f613ff301539dba3ac458c07e5420d8a5e66e6868117318b,cec1c43e7a5a333cfd9d7f003d5ed14abb2f7a8c164f8f45c4ad7d85fe4e847f
1305,vlcsnap-2025-02-19-14h42m07s301.jpg,filename_date:2025-02-19,filename_date:2025-02-19,train,3e11e4b12fee8fe120023914f41004e73e0c59ef43a2bd01120f3a41e9813839,574b925e4113d0590c00b40306a83d23bf8b53c8e2bc6e95756cfa94506aeb03
1306,vlcsnap-2025-02-19-14h42m08s843.jpg,filename_date:2025-02-19,filename_date:2025-02-19,train,b689fcff612a0818ca3abbe0b0b3122aa4859926be8c40f97326185043e27c7d,eaf72f0a92b56df9f94d9ce7cfcea52e69fb231ea97156dbddf84d1334eb45ea
1307,vlcsnap-2025-02-19-14h42m11s556.jpg,filename_date:2025-02-19,filename_date:2025-02-19,train,b3660376e256b5c8866441e0569beb946ec43c08f1da4c2ce6311ec28d2868d3,43e87a609e6eb46cf2d20d27375daacafc2a26feda1ff54ce614b2c9bc0a16f9
1308,vlcsnap-2025-02-19-14h42m40s085.jpg,filename_date:2025-02-19,filename_date:2025-02-19,train,956f938a250dfc41194df5aaf0d9e778062b31b29ad0234a4fc6c216b6ad6234,1962fc1e13c3fe328e3a498aa3d899f72cd9e00c949d96867342bd0dda302392
1309,vlcsnap-2025-02-19-14h42m43s320.jpg,filename_date:2025-02-19,filename_date:2025-02-19,train,e50f0b3a71f1a74890378f010c2446e3e079daa573673a1268588b22f52af23b,346b6419d8f6dc0040a9467a96e89aadc732ad21c6823988d78c092a30f44075
1310,vlcsnap-2025-02-19-14h42m47s480.jpg,filename_date:2025-02-19,filename_date:2025-02-19,train,40ac89047bbe2274f17551426e96a179e5b2dd9643042feed095975b1656df69,256c5e55ce147ebcd9ee4da813b628572b68a585412988b25e833965010b0f93
1311,vlcsnap-2025-02-19-14h42m48s659.jpg,filename_date:2025-02-19,filename_date:2025-02-19,train,afb7d957f0096215841a09eb9c1a747391d59d8edd6646fa1c6325700a0c9a35,76f34ba5e045e7b4ee126d27a8d4bdb7ebb815f3e7f2dd04944c955abf8df86b
1312,vlcsnap-2025-02-19-14h42m50s430.jpg,filename_date:2025-02-19,filename_date:2025-02-19,train,fc8bb45e19128f9686f57776cee54941bafcea1d84bb1bcd8f192452ade976cb,b6e499c5edc30547a14b95a413cb5149319efffab35b873a3069d5e9704c4254
1313,vlcsnap-2025-02-19-14h42m52s398.jpg,filename_date:2025-02-19,filename_date:2025-02-19,train,80042164adbd85672507091166dae4f4cfb4ccfd7f40907ee5a6267e935faec6,370205df6ba418d30dda947eec174fbfb1ce62da1b9494ff331fcbba866bd4b8
1314,vlcsnap-2025-02-19-14h43m36s622.jpg,filename_date:2025-02-19,filename_date:2025-02-19,train,407e068e04b4099e33e6a0a96162372339fab071224afb0041d1e553d2fd072a,a0bd220ce57880cf1b1c1fdb9b9b979a9b6db9ad7c36356b922d873353fd358b
1315,vlcsnap-2025-02-19-14h43m37s950.jpg,filename_date:2025-02-19,filename_date:2025-02-19,train,bba737b2045e2e98a62179a3509ae6c41582ac6ae092d40dc3845c59789881a1,f056936bffffff79595bda4e0ec755be9249fb192ef48f6e4b4e28b5113653e1
1316,vlcsnap-2025-02-19-14h43m39s458.jpg,filename_date:2025-02-19,filename_date:2025-02-19,train,e60a81cec96a59a1f817a44f7a6b27300267c5be8d71308f2c9383eba3bace13,d6e01a332a40fdb7863e5f3956cd47fb9ce77537b3e3b19284ecc1e127de637e
1317,vlcsnap-2025-02-19-14h43m40s685.jpg,filename_date:2025-02-19,filename_date:2025-02-19,train,2001218880feda9b3646d51b5656c1f0764bfa172ee9a12be5118250b5e75341,2cd3632b615f931b7686847def2ec33eb83dc49843316dfdce96f0d039f387ae
1318,vlcsnap-2025-02-19-14h43m42s279.jpg,filename_date:2025-02-19,filename_date:2025-02-19,train,1aecd03c2456a98efa76f369b35fbfb3d2beabf160d2ba37c34158631675761a,2a141455593c9dda497b065d9b9d254642800881edc6043c06dc4b6440bc3051
1319,vlcsnap-2025-02-19-14h43m43s461.jpg,filename_date:2025-02-19,filename_date:2025-02-19,train,91dcf9775b065313a86890aefd1ec9384623bae7d6a98b12782d54214f09d9c9,86b8bde7c87a07df70bd1aab1b316ed0eb7aec158cc943f308b71bdf2647aba5
1320,vlcsnap-2025-02-19-14h43m45s644.jpg,filename_date:2025-02-19,filename_date:2025-02-19,train,5d91190dd15eae6441d748d8156e61d4969f9863e54af1d56a6b4ca5a5f5a9b6,ccd7f527559a1ccbf60dc7c528cb67f7ecffacecc148c8da8c5fc73f3a58d2a8
1321,vlcsnap-2025-02-19-14h43m47s256.jpg,filename_date:2025-02-19,filename_date:2025-02-19,train,2689e9fc822d3c75795ade5455c82f52ccd4bac68526db698e432ca553a84d9e,99bbee8ba0cde91ae4df4e5d5311513ca54ebd8743f66614add42ed0945acbf0
1322,vlcsnap-2025-02-19-14h43m48s958.jpg,filename_date:2025-02-19,filename_date:2025-02-19,train,d06ce063871d749d08941396f055bf060dd01dad109ee9e4e2181686c254c291,2792c7f934b61cb577545c95b9c0c60a87fce1244e54a72cfeb2260a6e325721
1323,vlcsnap-2025-02-19-14h43m52s839.jpg,filename_date:2025-02-19,filename_date:2025-02-19,train,7e03d172c146a05a733397b3607486b7ce1c4634decfb01ff5b50fc5d8b05b75,e797ceb08613eb46d08aa8b29620a33fbb056845b62d068b9a578c39dffa9062
1324,vlcsnap-2025-02-19-14h43m53s660.jpg,filename_date:2025-02-19,filename_date:2025-02-19,train,5f1543345fd9712be6d0d1095ba80384769239ea843103f59000c7c03f1931ac,0d5f00fcf5d466adf509587975d13b4b9e78db49fa0b469b3e65858f4191bd18
1325,vlcsnap-2025-02-19-14h43m55s673.jpg,filename_date:2025-02-19,filename_date:2025-02-19,train,167d364bb3e3af942ddbd528646102a2761a1763eaca49ede67940386a0d9a10,736115105aded61683d8f3d272bb2394dd86ded21fb28a2bf84ff1b246198941
1326,vlcsnap-2025-02-19-14h43m56s785.jpg,filename_date:2025-02-19,filename_date:2025-02-19,train,9d6fdc42cc76fcb6d98dcc301dffa1e3e436f22afd4315e59b278d74c4757fbf,ae21ac068a4eda588ba757286b4cd4afa61976750c2aef70f571c44ec5e46864
1327,vlcsnap-2025-02-19-14h43m57s951.jpg,filename_date:2025-02-19,filename_date:2025-02-19,train,ea1b960f9f31b944c1377e2777327bf4b48a7cab0b794af1f58bd7e5e93fa487,886a04b952a9a61ceba58a3dac35a5c432b785633223bad4d1a4a19b8336e123
1328,vlcsnap-2025-02-19-14h43m59s828.jpg,filename_date:2025-02-19,filename_date:2025-02-19,train,884b525fd6d172dd7c7edfcdd6ec4d85a84b0694d8003ffe69d721818d956657,838d0eca415d941641f29deabcc8b83231863d7eb1c959fd4e94a52f39321e5b
1329,vlcsnap-2025-02-19-14h44m01s613.jpg,filename_date:2025-02-19,filename_date:2025-02-19,train,57b41a3f6726dbb4116b5ce6271abc60c76fec15a49b6757cbd207bda5d208f8,e7e509ef571d9b2a5bdd66fcb38971e68184f5e5e3e30d831e934e1139170280
1330,vlcsnap-2025-02-19-14h44m02s669.jpg,filename_date:2025-02-19,filename_date:2025-02-19,train,e477323215e8bd1eca579be4681f9e041e0a319b60cc725cfeacd5d91d58cbfe,4a85ccdd47b8022742fbdbc9b4a2d3142bf8734782472569f195f48e0ad6867e
1331,vlcsnap-2025-02-19-14h44m04s177.jpg,filename_date:2025-02-19,filename_date:2025-02-19,train,22b3ef315fa5c5db4830dfb87554aad3b50503df0e2d8ddcae874275662a78f1,6949c3cce66ba523123c4b808d3308ec24a15d04d7339ef00114079adcb46569
1332,vlcsnap-2025-02-19-14h44m05s195.jpg,filename_date:2025-02-19,filename_date:2025-02-19,train,82de8b042101455bc6cdc915b0aa11e407f8c0dec4fe8f91bae118281a908f49,336f052974ad428bd9628d41a20b6561781c319d75ce3b3d7680cbef146711df
1333,vlcsnap-2025-02-19-14h44m06s363.jpg,filename_date:2025-02-19,filename_date:2025-02-19,train,07d66b6702c9687531c95f36f30e8022026c82e39da058b4efba451e7c8a8792,25bb6c478f82d2b4662920303ed1e051d0bb9f9899c0b05d025e9e3ae8eee40a
1334,vlcsnap-2025-02-19-14h44m07s468.jpg,filename_date:2025-02-19,filename_date:2025-02-19,train,2cc4f150b5dabeb74208c25f45f72af1cf38ca453cb5e9986b567a8e422dc0ba,38a7073ba8972d8ab7eaa1125286ec22cc8baa890c6e38596337361828b24020
1335,vlcsnap-2025-02-19-14h44m12s000.jpg,filename_date:2025-02-19,filename_date:2025-02-19,train,ab5ad45e87f57903ace814465f2d3b697ca5236a3295ef5eb456716c130ff471,2c1931272b528611443ede486349f97bf92a35edefd8133d28ef0cd24bd216c5
1336,vlcsnap-2025-02-19-14h44m14s194.jpg,filename_date:2025-02-19,filename_date:2025-02-19,train,d94507903e4731c6fee7db8a38b76c23c5847d3548e28215ef425503a5bdfe76,4cfc2cf4b264631651035d3f0218b3a74854ab9fbd4b02345757a47551ec5310
1337,vlcsnap-2025-02-19-14h44m19s563.jpg,filename_date:2025-02-19,filename_date:2025-02-19,train,9357c833095636d708cceae1cea87cb0a091cb6181874acf8f9ad229d3ab143e,5fa0d769b9793588530a84c6c4f18292f56635b337cd687ba0adabf8946f687b
1338,vlcsnap-2025-02-19-14h44m25s230.jpg,filename_date:2025-02-19,filename_date:2025-02-19,train,379a8af9d6ddf7cc4e919220f61435c6c6238b4f69f7ad5a899ee7876fcb5975,63a81c5bf04b17f3f019cb9c1c2a407a42610140346c61243bb3e1a336c42966
1339,vlcsnap-2025-02-19-14h44m32s377.jpg,filename_date:2025-02-19,filename_date:2025-02-19,train,005cb68a7f0d59ebc0cbfb241733703ceed8642275c304aad4dc85664c16e0b9,7119017d1d06d6c67c4bf597bdd2719dc6ade220d617a6b67fe62f92b4b58ebb
1340,vlcsnap-2025-02-19-14h44m34s887.jpg,filename_date:2025-02-19,filename_date:2025-02-19,train,b6dc7f81462c89858092e22a121e3d4ff062bb413a87e0a20e012c0ac96b570b,933f577fd613712a4380a3a57e217b799cc76871ddf56ed072ebf7d6633c7be0
1341,vlcsnap-2025-02-19-14h44m52s414.jpg,filename_date:2025-02-19,filename_date:2025-02-19,train,c0e2194b40f3d813ca4de1e31e4ac62cba2618817862793cb7f68b5541f0fd00,329d35b23f6ce45edc4e1a8ec18ab16ee159048cdbda6d53d8e5c7b7f8fcbdaa
1342,vlcsnap-2025-02-19-14h48m34s422.jpg,filename_date:2025-02-19,filename_date:2025-02-19,train,59ca0a9ff086fd0d7349c88b9114104b42e022c1d6167e712ac5a76dedca896a,560cc3e414184335b5fb289ea829d3378adbf6f2f8a19a1a3b16819baf1d4a14
1343,vlcsnap-2025-02-19-14h48m37s863.jpg,filename_date:2025-02-19,filename_date:2025-02-19,train,dc09288f44b0dbc9df3a03b3b38a91b4447e627317b2483ed63532dc2b74e75d,157ed03c80bb2240663d328ce91f9e4eaf6c7bd452a22b6a5308579aaf004666
1344,vlcsnap-2025-02-19-14h48m50s009.jpg,filename_date:2025-02-19,filename_date:2025-02-19,train,0c74060d9f58d7ce08b1edf290dd76074c0005c4a94baa41521ccbb9fae3ff87,c762dc7d2f98651c356340855b35d650dc7eb507f4f4c4839ed9f5c51a96041c
1345,vlcsnap-2025-02-19-14h48m51s875.jpg,filename_date:2025-02-19,filename_date:2025-02-19,train,6ca3bb5f7300d601cfc6d8ff0a7ed60c2247a0d252f56940ee150099bfef668f,e9a8fb6ad6840996e751bd35c8f60168037127ae108dd14b9299209002c9de65
1346,vlcsnap-2025-02-19-14h48m52s934.jpg,filename_date:2025-02-19,filename_date:2025-02-19,train,38f15784b2cc6f5f85ce27381f92ad34d59fa861def79d871046ad587d956d6c,3869f99b4394de77078ea9cb70783b66ddaad6b2fdbb6c02c0faa815c500b9ea
1347,vlcsnap-2025-02-19-14h48m54s951.jpg,filename_date:2025-02-19,filename_date:2025-02-19,train,2ae385a7b1f0cf7d02c4dadb3fa39796bc13298e825be4c7a0c476be3386c9d9,10ec607f0604411b346af5e5f068370ac7967b9db1a954c6b8505e13b752cef4
1348,vlcsnap-2025-02-19-14h48m56s199.jpg,filename_date:2025-02-19,filename_date:2025-02-19,train,fd9039e41276033c695e56761924aa54434e23c15f0ba4fa53b6c352a5fef358,b2f9f3316fe9277f2fbc7f5472055093f267a71e58719cab497f8798088290da
1349,vlcsnap-2025-02-19-14h49m03s416.jpg,filename_date:2025-02-19,filename_date:2025-02-19,train,a1819561acf120a8ce5bbd647f11fb54d26ece3249d6170e5c9d2b4df8f5ae30,037fffca2b1b98756b23ab22c5c510bf3fed6a6954f6cc3a1e25a5418ce94c89
1350,vlcsnap-2025-02-19-14h49m06s136.jpg,filename_date:2025-02-19,filename_date:2025-02-19,train,450ffec8586ec6b04b0db24f74eaacf5e582db5976c07adf3703f3f9d295ca33,3b176d9d25a6e6faa9d40a5ee0fdfed67c0251e9e172225f2a377bf79bb25b69
1351,vlcsnap-2025-02-19-14h49m07s302.jpg,filename_date:2025-02-19,filename_date:2025-02-19,train,7be2b2c276bbf1c9820f996940eac707ddc261c691f09788a4d21c83d5cef1d0,cbeec370f0ee1b7347d86a981a86651322c282a620bacbcf1663b42fef5d994c
1352,vlcsnap-2025-02-19-14h49m10s566.jpg,filename_date:2025-02-19,filename_date:2025-02-19,train,aaa96927315ce56621b3a59888b5b43cb8687326ac15bfde376da4e0d9b9b966,037830bc94063240f766e1586b7b9efe6aa964bf031b683cc56d8a748ebb4ac7
1353,vlcsnap-2025-02-19-14h49m13s735.jpg,filename_date:2025-02-19,filename_date:2025-02-19,train,1ea7b0001f74baaf054443bf02da876579b5619dc8f357ea329590da5106dd03,16ea3e4da3677025ae0fcef745d3ad7e426b2297b1466f106183f745e9e1071e
1354,vlcsnap-2025-02-19-14h49m16s803.jpg,filename_date:2025-02-19,filename_date:2025-02-19,train,b39f6230f44fdf2bc186c81b60e8577474d1c28630ce987ecd2f4aff0fc398df,dd397058b51e2797ab0586d537dbe9a3f6d082b2ab82838c6ff8b94ecc883697
1355,vlcsnap-2025-02-19-14h49m22s648.jpg,filename_date:2025-02-19,filename_date:2025-02-19,train,0b6b09e0f6da16964e250f565918d299d3529f6bdf1664f40d4483cc7d97f029,de2790883a79aa836035c7d28b61fd5bcdc9793183c72014442560453c136ab1
1356,vlcsnap-2025-02-19-14h49m26s635.jpg,filename_date:2025-02-19,filename_date:2025-02-19,train,7ee2cc19028cb2d97cc80bddde59d638934dd05b522f1d21f7206debd15b8db2,2e973e4d79c17c05d6ade0ae729b6e247bfb6dcfc3738c9b8a22d99d844e2343
1357,vlcsnap-2025-02-19-14h49m27s850.jpg,filename_date:2025-02-19,filename_date:2025-02-19,train,d1e5dd5d8ddc0510fe69a85b1393b0d2c13257a0232181b2c85ac28153179a74,92ce39d9fefca1f702e5ea425116a67e8a2be9169d536063c0c173495c7639f4
1358,vlcsnap-2025-02-19-14h49m32s273.jpg,filename_date:2025-02-19,filename_date:2025-02-19,train,857dd41879fece5cc929953e5086e1b19b701fdbba45a5556b2c4af1aabd98e8,a63ad31d0bd30bac12c6dfaf3b788e5ad4d03241700975275aeb2542122ef046
1359,vlcsnap-2025-02-19-14h49m33s379.jpg,filename_date:2025-02-19,filename_date:2025-02-19,train,e6b10d617e3103cd049579b986eb260f634d35c9fcfc13b5433bda77b70a1b81,5fe1719fcd9cf52809f231dafc55ade0f299dcb8f7444b84e82578d5b60e385f
1360,vlcsnap-2025-02-19-14h49m34s670.jpg,filename_date:2025-02-19,filename_date:2025-02-19,train,5d5ffe984b2086db0ca0feba1cdaadee41850b999f49c251482100c15c7a5606,582d0cddef370c0a4e4f452c20c07c4daf34724baf45112b0be37254bfb77711
1361,vlcsnap-2025-02-19-14h49m35s695.jpg,filename_date:2025-02-19,filename_date:2025-02-19,train,32d024aeb7a4fa4c4f47dae7563d904dad2dc0866035422e3699afda7fecc9fc,754a73364c88ac08ae3a426b51ef3b86ea8b3b456d55fa576f959d0f0857fe74
1362,vlcsnap-2025-02-19-14h49m37s566.jpg,filename_date:2025-02-19,filename_date:2025-02-19,train,c8e2fb2bbce02ad20d4de6561448954a07a98f97baf2790547bc5bfd18f7983b,0868782cd3f899e1cd209152a58af6a138c5bffdabc87e75ba42e93523baeece
1363,vlcsnap-2025-02-19-14h49m38s907.jpg,filename_date:2025-02-19,filename_date:2025-02-19,train,8513e334308c61cf7e0d75c71a3ba96ca08c7fc3992db917b17d3996895909c7,026f7d6987535c91f96816764590d8943771e7479918c7ea2df441ceda85fa17
1364,vlcsnap-2025-02-19-14h50m09s851.jpg,filename_date:2025-02-19,filename_date:2025-02-19,train,f99de9d854e278298d4c6eb03a92520e412aa4d86abd1df0af21ec070d463463,d5f9739fd0e2bae076297bc84a740d8119fdd8ae6a2e23666da123e886bf2d2b
1365,vlcsnap-2025-02-19-14h50m11s149.jpg,filename_date:2025-02-19,filename_date:2025-02-19,train,2f2d85b95f3cb213d878212b63bca3573e15ce194dcb81d54500fce2d2023ff3,dae31701eb089fbd8f3726dbab8e4a67382e816b217a24455cc10b20b1564470
1366,vlcsnap-2025-02-19-14h51m06s256.jpg,filename_date:2025-02-19,filename_date:2025-02-19,train,49b4175784dca68a7fb97e627a2e0e97f246c93a136c0c246cb4e01961942986,b6fc61c6dd3416b332337db1d72a786ca6c5aa0b9f930368612a0216ad2e1fc4
1367,vlcsnap-2025-02-19-14h51m08s696.jpg,filename_date:2025-02-19,filename_date:2025-02-19,train,facf662534fd5220546aaf924b47875ebd62a89de7cc032a04714c45f58bf4ee,ecf0ac9d1287073fa1bb8a10903898ed3b273ab2822436e92613c885f84bf801
1368,vlcsnap-2025-02-19-14h51m27s247.jpg,filename_date:2025-02-19,filename_date:2025-02-19,train,48aed5a94e40fadd13af6dfbc554c2abc35f78647795938b08fbb794a67a7138,ecc1e0b79fba36883cd107dc5e476c5d449f0d37fbf89a1b7837c21032782746
1369,vlcsnap-2025-02-19-14h51m34s534.jpg,filename_date:2025-02-19,filename_date:2025-02-19,train,7637a44037b324e735d309d177d4b24fed730ff1269456ca80ec0ded44609acf,e9a95fc1df70bff99474a4118bd8c3861a141bb94917493e4545c64c0901901a
1370,vlcsnap-2025-02-19-14h51m35s903.jpg,filename_date:2025-02-19,filename_date:2025-02-19,train,02b2dcf9d51d5b333bee0bd7fa4276155e601b3b4561616054bf0390252d0a2d,36e91c41c2701863405aae6ddb6676683bc537dc0d0207956fdb0891c4b9ed96
1371,vlcsnap-2025-02-19-14h51m45s396.jpg,filename_date:2025-02-19,filename_date:2025-02-19,train,697335023445d31fe3d8c0bedd5d2171cb36f3010aea03a0af22c524f956d35c,c6063ba3e46c1f1cc65c17b0dee0188af8c317ffdc23fc2214cc229fea3fa576
1372,vlcsnap-2025-02-19-14h51m48s394.jpg,filename_date:2025-02-19,filename_date:2025-02-19,train,0174dfd72ebe97ed4757911aecf836e1ba695e24e605c422172cd9f6c2628772,e8f41f40a40ac6713b01dc44298de53003e7906d2542474ae813693086adc502
1373,vlcsnap-2025-02-19-14h51m49s732.jpg,filename_date:2025-02-19,filename_date:2025-02-19,train,0e37aee2633bf42ef286ac818ce03b64685ff7d0d6841fdda516e45d292f344f,f63dc81bf4d298d087dd150e71b6568b504e4d6d182eeef2628b5c43ccd85d64
1374,vlcsnap-2025-02-19-14h51m56s432.jpg,filename_date:2025-02-19,filename_date:2025-02-19,train,eb0c10bdbb15b2940f774e45fa059cc074e2e85263fb451d2edf7d0df55ba1a5,3cc3fbb96e988f873c9fdb97e64f8bdda9a9134dbe3ffcca25f528748f50cafc
1375,vlcsnap-2025-02-19-14h51m58s173.jpg,filename_date:2025-02-19,filename_date:2025-02-19,train,fa4de9737cd3ef888b4577460d2f5ef91ac3d4d0f24063690a4cc1922592f435,52bb4d710af2927b1412404835601a1034771e73bf0a5d93210a810406238230
1376,vlcsnap-2025-02-19-14h52m00s031.jpg,filename_date:2025-02-19,filename_date:2025-02-19,train,75f8b68df0e7c8a97bbbcbafd0593a9345b332bb13230d382a2e8651752b8a77,d77431cfe70d75bf0aedeaaa94091afaaa3cba44f555f526d09fd1fd3948ef30
1377,vlcsnap-2025-02-19-14h52m05s088.jpg,filename_date:2025-02-19,filename_date:2025-02-19,train,e9ad3e631ea8c10fe647587c79e64f35e0c25fa233da68713480f3e057f35853,6b54dcc884722ad5f691943313145fb75cfb601b40e3928b1d77488ab91b2415
1378,vlcsnap-2025-02-19-14h52m06s971.jpg,filename_date:2025-02-19,filename_date:2025-02-19,train,400bf5f9f1002ec872ff82267e3d570f09f821b8b66d9669220d95b54e548785,97d6e7b7de574608ae6d6a3011ced0d35d8d5cc13bcebf57bc97df9ba08beb86
1379,vlcsnap-2025-02-19-14h52m08s273.jpg,filename_date:2025-02-19,filename_date:2025-02-19,train,c1b2a34ebc7b78b521d30070ee1d3708bfd64b1a7dcdfc317678ec2ea3c17422,b4e50fb65521e3cc2ac6c9378d427e630d075343b55ddfb3ec71eaa119a43c87
1380,vlcsnap-2025-02-19-14h52m10s428.jpg,filename_date:2025-02-19,filename_date:2025-02-19,train,fa435c4d3d96dae37249191b947b7dad0c1d767d2f7374c0c9ac2f556ab522e9,2d0f983fbf3b17d22122f18a955817c1985b271b7ec6723013cfef5bc593e405
1381,vlcsnap-2025-02-19-14h52m15s511.jpg,filename_date:2025-02-19,filename_date:2025-02-19,train,da159ea4290ce0f6d1e4922bef85a9693a7b71ad6866aad81e5bd4629da08cb7,3f8ad428add179b14e132d97af10a934292fca74942cb5efdddfcbb210053f9c
1382,vlcsnap-2025-02-19-14h52m17s352.jpg,filename_date:2025-02-19,filename_date:2025-02-19,train,bbf41c348f456f9b975187653ac987083fb5de51114e4615829e8a298aed14d6,81c54188e32f1026944e3ea482826975acedab51e6bf0e78f7ee6ff901bd6b06
1383,vlcsnap-2025-02-19-14h52m19s141.jpg,filename_date:2025-02-19,filename_date:2025-02-19,train,6c6a00301c853548a19017d84351028e596894f6c528be578ac1328bb2dea58f,5fdabc9ea75e4d2eb73b932859a0edf852812e291bf6a8a7f96484ef039e834a
1384,vlcsnap-2025-02-19-14h52m20s419.jpg,filename_date:2025-02-19,filename_date:2025-02-19,train,d51a5cf3fda305cc46463cafea6fdd1b6d0565cc3e71c31a06fdb8ca7c1093b3,734487106b74eee98703ef1358d5576e633cdfb96a83b01086b5d6cd63155720
1385,vlcsnap-2025-02-19-14h52m23s948.jpg,filename_date:2025-02-19,filename_date:2025-02-19,train,e25eb92f3eb7e056144d675a7c42ee90543deecb8347d9806b11cd3c111266cc,c9ef1da12e269f3df5bdf3692d8378386e97cb39e888f91ec209bca45dc418ee
1386,vlcsnap-2025-02-19-14h52m42s234.jpg,filename_date:2025-02-19,filename_date:2025-02-19,train,b97d5bcc87098dba989088130fcf5873b2ac966bc944a6123050f44404d4d4d1,1565c64ceb4ce27afc195e366ee7618f6a2d081fd175b8ba239187a6a3e4f12a
1387,vlcsnap-2025-02-19-14h52m55s921.jpg,filename_date:2025-02-19,filename_date:2025-02-19,train,9f76e4337734907189d7cf01c2eac6a25c4369fef9f038d513aaa82f06ecc1c3,11e4841ab9b782079f5797293d36f9894ff7dd4f9781f3b6ef1eb0489a6c2da3
1388,vlcsnap-2025-02-19-14h52m57s658.jpg,filename_date:2025-02-19,filename_date:2025-02-19,train,ee0801cfaccb20f79f9e8b52295e91f6c65139a3588fda94887a0e86b995cdcd,ea526a3fb2d6d73ece3fad5985649658d59d816d2420b8a79c25e0e9dde5f11f
1389,vlcsnap-2025-02-19-14h52m58s804.jpg,filename_date:2025-02-19,filename_date:2025-02-19,train,183f515e12b978a302b7d2cb11b202cc45f784dd72b32a74fa48b8cba370a951,2c35caf62220b2c148d1c0757c1d1c679203c1c6542506ff2bfa579a988a750d
1390,vlcsnap-2025-02-19-14h53m02s307.jpg,filename_date:2025-02-19,filename_date:2025-02-19,train,831e6d70950c2ac4a827f4ab7d3f705845d8ee9c672b37ae9a2df7cc4730dc16,e73cec5a81ef5edef17eaeeda7bdd84adf1ffe9af16e00b2b74291a19498209c
1391,vlcsnap-2025-02-19-14h53m03s993.jpg,filename_date:2025-02-19,filename_date:2025-02-19,train,1ee59c3641301e15f71a5a640e930a1269a800869d4944da4b42d5795ee65b3f,7e1483ff7cd50ffe2a977d7252558169651afbe3316ae11c6b55dabae9f30b20
1392,vlcsnap-2025-02-19-14h53m05s215.jpg,filename_date:2025-02-19,filename_date:2025-02-19,train,12ab03b53dc00e518ffa0f1ec49d0e29407940abeed1cd635d4a10fd72c1eb44,4e5f7e927b17fc132b554347f9e2abc1efc56eb3006c2f8dafc96bc8e606e571
1393,vlcsnap-2025-02-19-14h53m38s996.jpg,filename_date:2025-02-19,filename_date:2025-02-19,train,add3c1018145bf1561d001d2e339fa50a54be4b53b8c04e89ed394aadffd8300,0ab1c4cd4ef70e2d877c512722714952d3d5ebb217f4526229de158485533b8e
1394,vlcsnap-2025-02-19-14h53m48s935.jpg,filename_date:2025-02-19,filename_date:2025-02-19,train,cac46288a8c4c82716d5f0c6ffc782381c0ca571c1e77fbebe007b98e641af7c,10f7ef8e1541ad24a236fe1dda4fdc41b6fafa946a479b45afdddc547330e870
1395,vlcsnap-2025-02-19-14h53m50s235.jpg,filename_date:2025-02-19,filename_date:2025-02-19,train,67ea6c3149907fafbb12dc46aa21327ce4c72964623aba1ffa3e3eddfa2d4b44,8f349715f72e763ef46ea439065affb9ae4b12f6382ec2a5863805524962018d
1396,vlcsnap-2025-02-19-14h54m39s529.jpg,filename_date:2025-02-19,filename_date:2025-02-19,train,9baf5a81684337ec364127c04126dbdda5c88cb878044df298c728e4f2b58936,04aab11b99eee8e58a6ffe685a04a5e6a4267f3cb63c395f376951c2860bf927
1397,vlcsnap-2025-02-19-14h54m40s931.jpg,filename_date:2025-02-19,filename_date:2025-02-19,train,ad4e396abe3a6654cfab63d11cacb83fa8f8052d7f81752e49cdbb5995776755,ccb641a55079d9bbcbb07ff6433dbbe9df59347a1ace90ff2cc1689ca3bbdf81
1398,vlcsnap-2025-02-19-14h56m49s906.jpg,filename_date:2025-02-19,filename_date:2025-02-19,train,7291fb28247713ac841ce34f9f09a985f21206773a0efa66304c956739f97d8c,63ad9f672d0abb5c9461227599ee04ad3d69073ade49e9aac8252d0bd7f3ba12
1399,vlcsnap-2025-02-19-14h56m50s870.jpg,filename_date:2025-02-19,filename_date:2025-02-19,train,7840679536e0fa458102fd0631f2e5a112d383cb27774bb7dfeec7f08075b374,e455ced34b629b209fcb927b11a00aab0e8fb9bf594077d22011090aa882eecf
1400,vlcsnap-2025-02-19-14h56m51s808.jpg,filename_date:2025-02-19,filename_date:2025-02-19,train,0e944968ca7108feb80d24a57af2ddd35e094170dee689a97dff79789c6e121a,ad0f1e23e08693cfe22e92a27c1ba96b8cfc552f23c6ec41dc075ce9f2f7fa0f
1401,vlcsnap-2025-02-19-14h56m56s152.jpg,filename_date:2025-02-19,filename_date:2025-02-19,train,8d4c73b9fc0bb374baf997c583f03d756599ecb2fd78152fcbc20a98ce8cedd5,cc3814c2f11a32767ca72a5c35f37a466cf3ef6b8e6ac3ff5afa9cc998f1ae0f
1402,vlcsnap-2025-02-19-14h56m59s767.jpg,filename_date:2025-02-19,filename_date:2025-02-19,train,d365d2a51fef88b5fbc9b53ba2cfdee50ccbe3760739edd8b3dfa479713f0c33,d80dfb70901d1d756a1901a57cf2fb6d9aba159190689b7c03a6995c40f3e71f
1403,vlcsnap-2025-02-19-14h57m00s992.jpg,filename_date:2025-02-19,filename_date:2025-02-19,train,684796b0e438c5bd0764119c08a87f76a12569f46800ecf2ed50c1275ed53e39,21faaeb1b0ef72efbc6187257c212684d3e9d7fe13af39a83b0b7951eafed8ec
1404,vlcsnap-2025-02-19-14h57m01s838.jpg,filename_date:2025-02-19,filename_date:2025-02-19,train,48595ae17c3b2dd56ca294a03090a65164723085ad2c70f4b96407596a517ce3,533b6b0942f933b7db8dda6895a682afb9330b8f61330dc9b6c9016ddca63f42
1405,vlcsnap-2025-02-19-14h57m05s927.jpg,filename_date:2025-02-19,filename_date:2025-02-19,train,09aa1eb130eed60da08fd141866bae67adced4719d8b39cc711ecb399edd105b,9b52860d21639953feda18c1c545f77d3f27e76b6683391f4b3c83ffb218ee18
1406,vlcsnap-2025-02-19-14h57m06s711.jpg,filename_date:2025-02-19,filename_date:2025-02-19,train,b4f807fdc211ef80444bb094caf03704b5f341e349d17c3153ab5e5251124fa8,e671ce963f689ef25c99647d9ffe2aa35d4526ec3bc23f48b9914ca82f19455d
1407,vlcsnap-2025-02-19-14h57m13s139.jpg,filename_date:2025-02-19,filename_date:2025-02-19,train,ac3e290e2761486c7237875b620e4fdcb6a9517174b9162def43f9982c2f3cae,7b29aa2a19ce719de377baf3c60edb92edf0f0b15732f82ca2b2ff46bc4233fd
1408,vlcsnap-2025-02-19-14h57m14s904.jpg,filename_date:2025-02-19,filename_date:2025-02-19,train,8e392cc5d473243064f018694465dea72d1c6193d403400aa3ef6f63ae2da673,0791f09e95b996d16d8b1247b04058ea8eac26533d72514bd1fa04e533c8058a
1409,vlcsnap-2025-02-19-14h57m26s963.jpg,filename_date:2025-02-19,filename_date:2025-02-19,train,6e6dab23b37bc9565910c46ae5b889ce73c7e54c99b18d968a43b77d0ec61817,a62a039208bb754462e408e1714968365808a1a5ef3dbfde6b76847b92710b49
1410,vlcsnap-2025-02-19-14h57m37s456.jpg,filename_date:2025-02-19,filename_date:2025-02-19,train,2a70498f69f152ded48aaf43dd1db3f6ac50460bbe9e65dbda0c8bba93922316,7e11ae80063b63f1c4896754a54084205a898cc95fd9d264724f44abfc080936
1411,vlcsnap-2025-02-19-14h57m40s129.jpg,filename_date:2025-02-19,filename_date:2025-02-19,train,15c3c5cc81b333a0b97bc29a806e33d8e74a588a4903255c290a21a736ac257e,03c0039cbfcdf9cc71eaea37c4f5435b4fbba6fc622159555e33737cd0606bb2
1412,vlcsnap-2025-02-19-14h57m44s637.jpg,filename_date:2025-02-19,filename_date:2025-02-19,train,8fd40a36b0ed6b72853fb12d46da8b54fe7f8e2521768d9c8bdd7518ac930534,4935b51d98de58143c6309c7ac5c80a93323472f2ba334023e3cc1b3c05a0a47
1413,vlcsnap-2025-02-19-14h57m45s556.jpg,filename_date:2025-02-19,filename_date:2025-02-19,train,d024507641ddee818dc1d24b8611dfb8b882271468b30c88b26370a72df39a99,7dd6777c293bee7de345b80bd3e22193d63d2763b2c13b89eee208ce8285897a
1414,vlcsnap-2025-02-19-14h59m07s946.jpg,filename_date:2025-02-19,filename_date:2025-02-19,train,c2ef1d450cde6b588c05365a5962003057472f4fc64df26d8067c62c77c5e0aa,bddd84561827fbe2849e5a5da2cc8f2e4c9e1b5d4650504c99b78c1ea0e0dc56
1415,vlcsnap-2025-02-19-14h59m11s394.jpg,filename_date:2025-02-19,filename_date:2025-02-19,train,fb208df5230f810cb83f5d3332dc240cc0eac7e25a2bb1211e323968d7d11bb2,e9f52817091031fb5dd93fa3b95d61e21372d25fe56edbc75b98fed18fab7190
1416,vlcsnap-2025-02-19-14h59m21s547.jpg,filename_date:2025-02-19,filename_date:2025-02-19,train,856b5fa1c4959b1c9827a83b27a47ff8f4215991f2b593080c69d82c0d5af280,2021eedf826dc5b406472b62fbb9ab0ff361a27ad687246047865e1c6cd6d072
1417,vlcsnap-2025-02-19-14h59m27s203.jpg,filename_date:2025-02-19,filename_date:2025-02-19,train,1c3a0fce7a27142871a1cdda1ca88d5ec91848c88e55999dc5e0c34aca8f092f,439bb2701abdbc1e1d2732ffc1526e13246962e8a60c88109e9c27738e23b4be
1418,vlcsnap-2025-02-19-14h59m33s317.jpg,filename_date:2025-02-19,filename_date:2025-02-19,train,216d4de34843eb7fb7db6054c3526bf6b1c083352f1c87e2b094f1271c192b63,669e6d02607585db932ab3366aca07477a09989a6ed5698d8f20a5614ffc649e
1419,vlcsnap-2025-02-19-14h59m39s791.jpg,filename_date:2025-02-19,filename_date:2025-02-19,train,92323893314ad601ec0c59f7fe71a72b8b4b3e0a91c56e8d92c34a5e42608d22,6d895a136b9f856b198cac94565f5a142ffd933718fc92cabea7ed64c40516b6
1420,vlcsnap-2025-02-19-15h02m47s247.jpg,filename_date:2025-02-19,filename_date:2025-02-19,train,b9305db79cac2fbbf4ed19b16cc1492067d34b985b4b9021ce2ee80e82496bb6,4533e26add6e4ab16e68fb58cd158660d9691b946f8ef8ea83710bac64cd9b61
1421,vlcsnap-2025-02-19-15h03m06s067.jpg,filename_date:2025-02-19,filename_date:2025-02-19,train,f3c4aaecfc0a41627772d9b7ea639ec71ed18eca50012a6a6c0ae3b550d30e86,99f81069b7a94bee3a97b7e7330a09f20693dda6070374c6ac19c77e5b05b124
1422,vlcsnap-2025-02-19-15h03m07s795.jpg,filename_date:2025-02-19,filename_date:2025-02-19,train,7365c5237e4a2f2c29dd6bc03ef5c9b51e808f7708332e8e8b56ec84f84c6f63,b6c1b86c7f1769bacb71e29b650a0a3c36709080b76bf72e4e384fc6dac8ee07
1423,vlcsnap-2025-02-19-15h03m09s050.jpg,filename_date:2025-02-19,filename_date:2025-02-19,train,eff890132d45306def1b2b107cb2cb09363b89fde533a8056d7b78dc6fab6845,09e067e26cad674cd511d23e322cec85c3dfe9eee59e573965074bfee6e876ca
1424,vlcsnap-2025-02-19-15h03m11s775.jpg,filename_date:2025-02-19,filename_date:2025-02-19,train,f591f139f4b3fb9b74c16dacd4a07ae27cee7f056efa81bcff81a17d0aef226c,0907de32c07b955d739dca876076d57939a9c5bcdfc2e86587f1098792c24c34
1425,vlcsnap-2025-02-19-15h03m18s985.jpg,filename_date:2025-02-19,filename_date:2025-02-19,train,f2479a6f5627b09f0dcc1991a9d3524344f2b48cece4e4d02dc78edc6349b789,f46e70930e22c27691cdbdd0d71c564def5328b81381a76f22d9fd436ede8f81
1426,vlcsnap-2025-02-19-15h03m21s989.jpg,filename_date:2025-02-19,filename_date:2025-02-19,train,806424cbe5f0934247b3bd6181979b8dfbb394ef5c398bc05d17d91207587ddb,35a0238ba3363a98a591b782704e3b3a3af5fcd4885033f52ba6711f56170628
1427,vlcsnap-2025-02-19-15h03m28s846.jpg,filename_date:2025-02-19,filename_date:2025-02-19,train,761d7ae1e5795fd64b10b573ab8ba3fb641e47bdf212dc4259e656c4c2015167,ab08ba21f06aba9789ab902d66607a211c19c3ef29eef70791d0507d9cc2f6af
1428,vlcsnap-2025-02-19-15h04m52s434.jpg,filename_date:2025-02-19,filename_date:2025-02-19,train,bd5328dd2f006fa5110fa26e5dce265b7ffd57e9b98683666e6a18b5c99aa430,108a547061a6e2713bcce056f7ddd62a1e13140dd70399d494b70dcb5bb4e5f1
1429,vlcsnap-2025-02-19-15h05m02s468.jpg,filename_date:2025-02-19,filename_date:2025-02-19,train,ff9c555e73d0d924b615c48d34c7a19aa5df4d95d4006fc5dc09a676cc86b600,281a260d94fa20e0ecb3bc6aea90a16164c03c3a604570243cde235a72c2ae51
1430,vlcsnap-2025-02-19-15h05m06s028.jpg,filename_date:2025-02-19,filename_date:2025-02-19,train,35f08d9459a0d69421766ec567ae1b6ad4679de0a545717a80e3c2f5ec5cef6e,a67cabc5d3d3801185fbe83f374c2a0da9b6116cf330d764bd4d9ba9c2501964
1431,vlcsnap-2025-02-19-15h05m07s275.jpg,filename_date:2025-02-19,filename_date:2025-02-19,train,041563388e837589ec69d9c98b496752a79640ba9c4a368ab1369fe937264205,ea69752edbf501c95b0dba929b2b1f7c5e9f864231438f681ca2e0d7bc6aa979
1432,vlcsnap-2025-02-19-15h05m11s436.jpg,filename_date:2025-02-19,filename_date:2025-02-19,train,61e05570e7b109ffdbba469b28e45ff7de5f08ccf9e36df881186915bc120c40,caae90c3cd861e8b0619900cb62ee32e005260b127a784138d30af8dbeb78be3
1433,vlcsnap-2025-02-19-15h05m13s265.jpg,filename_date:2025-02-19,filename_date:2025-02-19,train,e67bce49afda75a481b6027f956ee873afb5376b72f736df4f61a8faae0af51f,b25b0337d343689a4b1c9599be2857b8c2f662bd26bd8f2793c61d466156ef14
1434,vlcsnap-2025-02-19-15h05m14s423.jpg,filename_date:2025-02-19,filename_date:2025-02-19,train,85cba7e2ef15ad8830ddc9f3d05df9ddfdd4f99db7edbd189e37e8799daeaca6,a6564898dae5780c3bb1e47da972ed46f8dbbdfd0a6fa4ae95b04af989d1e139
1435,vlcsnap-2025-02-19-15h05m19s330.jpg,filename_date:2025-02-19,filename_date:2025-02-19,train,f16984fc10f387fc28bcd079088f2495455475952ff164c3751a854e29f2db81,cc1bfc2740e97cebca245f339ef1bcfbd6f71cc44d02770592c3564129c598e9
1436,vlcsnap-2025-02-19-15h05m20s943.jpg,filename_date:2025-02-19,filename_date:2025-02-19,train,0ffc0afba23f8a7585ee2d7697c44bed1f5df879fad2a92978b775a4b63c401e,04917ea8fb7733628d631a5ec73ef2a298c3b4e0443e7f0e7f11fa9ba91cf9b9
1437,vlcsnap-2025-02-19-15h05m31s134.jpg,filename_date:2025-02-19,filename_date:2025-02-19,train,7503f5237164c28e21bedf4482ba76ff2d15711fa37be27e821786c4fefbf4d0,b65801fc14fa78850b7b7111f693e94ae9c18f164e3cc4692754da6736654e8e
1438,vlcsnap-2025-02-19-15h05m32s965.jpg,filename_date:2025-02-19,filename_date:2025-02-19,train,40c5ac5b79ea56ca812bf8bd4fd3f681e9aa3b4c0b974fbeb43579041896034d,b26549f625f7f1c4423cf8be560d9b5443170a494c9c2125250acb049cc0ff5d
1439,vlcsnap-2025-02-19-15h05m34s170.jpg,filename_date:2025-02-19,filename_date:2025-02-19,train,b9e5305316ee0e4574e79217ec2329583dacdc2c3605e4b9d392f9b2f04b7a01,e9462d2fe27238e46aeca505eb786c660fc9b1abdbca2372bf00274221b2b48e
1440,vlcsnap-2025-02-19-15h05m35s973.jpg,filename_date:2025-02-19,filename_date:2025-02-19,train,9c6b47da1d94eddd98edb54d8f8ed8642178e7d93982741a79fd88fbf9bfc698,cf2307c50ea8b184e3762d923bc63b25fa44c41c02077a90de9226cfe493527f
1441,vlcsnap-2025-02-19-15h05m38s035.jpg,filename_date:2025-02-19,filename_date:2025-02-19,train,34f2b99e0dfd6fff53fc0c822232dcc95f3470f44f549e98ca3e2945ad85c859,8771330e197447d3cad6e63faff1f6bfcfa84e0f9f3a53c04b0c63da6715aa02
1442,vlcsnap-2025-02-19-15h05m39s456.jpg,filename_date:2025-02-19,filename_date:2025-02-19,train,1c7ffd1ad8a4b37116037a5f4877ac973a6e7f25feffce8200bf9426bc6f09d1,63bdf194affd89bff334dc68c78517d0262b94fd3e6650c612006de794331e61
1443,vlcsnap-2025-02-19-15h05m45s997.jpg,filename_date:2025-02-19,filename_date:2025-02-19,train,40ab356c1f5b805d3060f986588a5614163bbf2f6fc5acb80846a29705ec14bd,b7d6f99c82a32c443ff4d82b855cf02b4b7f5dee8b30149d4d0a1c03fd79308a
1444,vlcsnap-2025-02-19-15h05m47s629.jpg,filename_date:2025-02-19,filename_date:2025-02-19,train,9f71741d034cd2ee2e1bbd52af57b406349c6415b7d3521089ff30986e26ec71,657237c34c173062f45767afe6156caa34fe2a563a4e1b5c63127a23e94042be
1445,vlcsnap-2025-02-19-15h05m48s501.jpg,filename_date:2025-02-19,filename_date:2025-02-19,train,237d43a85cc8c9c54f3ed64eb83b6adcf97659cf15f2f560bc894bf4af383272,6880fc31761dd285f61b03ababfa01989d04122d1cb7a3ec7b49882900fd6744
1446,vlcsnap-2025-02-19-15h05m55s804.jpg,filename_date:2025-02-19,filename_date:2025-02-19,train,4b832c6a7bc9f6376e6b6a03af69ddedfac0fc1b9a3f92e9dbdabc55694ebb13,ee66b355afe39795bd2169a57de3bae86a029279927dd95f0c7712fe79d1fb65
1447,vlcsnap-2025-02-19-15h05m59s072.jpg,filename_date:2025-02-19,filename_date:2025-02-19,train,f48527e3b59a2831fd3bb649ace7fbe2a201a67b7525f0a4806f467bac54012f,1f516e347b722bbbaaea4fabc02328b5af7073abdb991aa46c05bd1fe68daa5a
1448,vlcsnap-2025-02-19-15h06m00s407.jpg,filename_date:2025-02-19,filename_date:2025-02-19,train,456a64d003e6088e94ae2437602e0ba674a3b1454c1ad9232d644a0249464883,482aeac6406c456556533c8ae465ff0a74341cca81da6b4e9783dd585106e497
1449,vlcsnap-2025-02-19-15h06m03s837.jpg,filename_date:2025-02-19,filename_date:2025-02-19,train,efb00d304d3ffe1f2920b00c521cb11a8bd1ad6d0a04cbe36cd53ec073e5b742,46be470eb0c108b4c961b66400aadca1f70a18585eba4db3d8f6d7028a6e16eb
1450,vlcsnap-2025-02-19-15h06m04s731.jpg,filename_date:2025-02-19,filename_date:2025-02-19,train,5be338f299bab49bf180ae1a187014db311001103f9dafe33dcbe3db09cfa11e,35ba5def49663563bce6bbfbd51df836471e8c518c9e8b4999f39d07c953f570
1451,vlcsnap-2025-02-19-15h06m10s398.jpg,filename_date:2025-02-19,filename_date:2025-02-19,train,d4fcf451a27137f679512288d11df3903a0469526669aa435f22dd6280edaaad,2c4ba5be6b4f3724f342eb3ece8b60a90c6a5ee1b091acb357c9a7382ac3268c
1452,vlcsnap-2025-02-19-15h06m12s627.jpg,filename_date:2025-02-19,filename_date:2025-02-19,train,cc2f113716b4c8fcd3a7e141d7becf18d63984d083f5160e3cdbb66c2310cc82,36e1bf90bd4bc2be76869e7022d03f5d56450cdb794243962f72ec9a8d1e40e9
1453,vlcsnap-2025-02-19-15h06m52s866.jpg,filename_date:2025-02-19,filename_date:2025-02-19,train,bfe2cc6e3a985f5af314eaba8f00d8ff5b9595648e2e9886fc5f06fb60e0ea58,e8051ad7546615cb0d60eb72fa830c03a97578e4b47d22b5b3abdd868e33970a
1454,vlcsnap-2025-02-19-15h06m54s076.jpg,filename_date:2025-02-19,filename_date:2025-02-19,train,9832b7b746a0da553656463f1b48569ce1ee9b3c073949d4f69c5605d0f01f58,c38060432dbc39aa703a2c14d1e86b3779029760c7f75e81b98cdabec20482b2
1455,vlcsnap-2025-02-19-15h06m55s463.jpg,filename_date:2025-02-19,filename_date:2025-02-19,train,ca4848e8874547b4e82139f08e4bc4481dc9647edd30005f198fdb082ff44e16,d79dbb034df4375e1b30e5f770dcd7c82702b1109f138ef6191b1b9819e9640b
1456,vlcsnap-2025-02-19-15h06m56s689.jpg,filename_date:2025-02-19,filename_date:2025-02-19,train,fc5e760bc67ed0a963cfe7815ca8e2659f5064a5ba913015431a141c9bf3b0e7,cabbe0949cf9e0bfad4157c38d001aab79945829eafa0e4cc8ea0ba0623439ee
1457,vlcsnap-2025-02-19-15h07m23s969.jpg,filename_date:2025-02-19,filename_date:2025-02-19,train,2d1160057f378aad000023b4ade4d383ee619c8afd0fbe8b3aec0c32178c1eea,89fa273cce5f57d7868197773ef3a7cb39411004fd668cbf6d226c47072b209e
1458,vlcsnap-2025-02-19-15h07m32s936.jpg,filename_date:2025-02-19,filename_date:2025-02-19,train,a249ab3c8a67c86b07b5056f38515dd4c3c6a83420b3b3b7d5683f1583f67cdf,076e2506c3c844e8d6af99d3901c85a13a9c36d4ff98517104b84b91079ca1cd
1459,vlcsnap-2025-02-19-15h07m34s342.jpg,filename_date:2025-02-19,filename_date:2025-02-19,train,d0842bfcc3a0cfea30b8a1488dc43aed57905a9806cff2b80b7540f83cc690d3,871de8a0d7f90267eb75740a5d35deb29aad67159093b6915367e395deb91726
1460,vlcsnap-2025-02-19-15h07m40s674.jpg,filename_date:2025-02-19,filename_date:2025-02-19,train,d31b6e19042b543a1a4a02d29b564ee177e25251987db1e108672f47a53c40ac,8d09c9f65fe493b9c4196e4895746cacfa8fd5a2c6294794546572c7985d35e5
1461,vlcsnap-2025-02-19-15h07m41s910.jpg,filename_date:2025-02-19,filename_date:2025-02-19,train,0087cec574e7b7af6a730033e8224ebf5d93b19ba5d1aa3349831c77fcb79dd6,51147822c3a3a1e7518568cd75d52fd26910b9d414310650952f5990cc2ca088
1462,vlcsnap-2025-02-19-15h07m53s295.jpg,filename_date:2025-02-19,filename_date:2025-02-19,train,f6cc46d55e794cf50a3d6d4e3a2fe9aface92651dcf71696ec44421a30938cd9,7062e96fd6e44781e8171e02fea7f28b50b8589add03f2eafe05f98d69b277d0
1463,vlcsnap-2025-02-19-15h07m54s836.jpg,filename_date:2025-02-19,filename_date:2025-02-19,train,39570f0bdf0635e888685a96b4da783e4bbbee87f1506db44944f9b3a98ab149,3801c1338134f15e089a0f5b73990485296a5cb1e5b3f981970b8a450a8c554a
1464,vlcsnap-2025-02-19-15h07m55s743.jpg,filename_date:2025-02-19,filename_date:2025-02-19,train,92b151f5b02111e9a13737a81cb1c99d6da7aca97cb6dc0a762c23633632ad66,cbfe1d7748857098da8a28ef3842e54a5a64192b4b7ed61fc8e893c16875b766
1465,vlcsnap-2025-02-19-15h07m57s285.jpg,filename_date:2025-02-19,filename_date:2025-02-19,train,c0ea73d81133f22c0b0e7b1acb0203199d6ae1ea0ecfbf5e8c6fd7d008cef962,cffa53a7c1a7c62a51a05a81e735d1f5834571c01541f324cbecb3e7f99ba127
1466,vlcsnap-2025-02-19-15h07m58s501.jpg,filename_date:2025-02-19,filename_date:2025-02-19,train,94b9e5ccbfa5459f824486165750efcb11e980744008467a6604ddd5a183773a,dc1c108c6fa91b739c4b0c5bbad09f76abd495fe5b04cfe463fc7d476b1046ce
1467,vlcsnap-2025-02-19-15h07m59s774.jpg,filename_date:2025-02-19,filename_date:2025-02-19,train,cb85cd893314b245df114e88fae22109991009b51c17eedf6394c6f21536d1dc,25605eeecc5a8f1bf00f305639caa13461c7476060bd6823a0cc83b80fcb04a9
1468,vlcsnap-2025-02-19-15h08m00s922.jpg,filename_date:2025-02-19,filename_date:2025-02-19,train,bfca7e01f876483e9c129766dfc37034d96d8bf75e57763a8657ae387e25db66,ba3e7cc3001bb9840067e3930725dd1d94965fdafffa2104f2837edfd5a5696e
1469,vlcsnap-2025-02-19-15h08m03s174.jpg,filename_date:2025-02-19,filename_date:2025-02-19,train,7766c263c587312064debd54064e6f446440aa4c8695696c7d05f9fa25ceb7fe,58c9a5adce15fe89f69ad24e4fbe64cad46707efc9384aaf13767abaaa196aac
1470,vlcsnap-2025-02-19-15h08m04s999.jpg,filename_date:2025-02-19,filename_date:2025-02-19,train,587019efbf08df24569e7f6960353c9c445e5618e9e510460739b751ab33515f,7ef905e99331523e499c71fdd3da5202fd2bf5a401009794bbc0b5e44fdece74
1471,vlcsnap-2025-02-19-15h08m05s738.jpg,filename_date:2025-02-19,filename_date:2025-02-19,train,16cbc9d418fafdf72d57bc5bd58bbf957efb9fcfa671d50dfb7137088a1dd56e,dcec9843b9c82aec93793d22e9142dd81e3c8b3ada6421c88e6f35967d907335
1472,vlcsnap-2025-02-19-15h08m06s801.jpg,filename_date:2025-02-19,filename_date:2025-02-19,train,b7131750ce1fe3a8c93b715e3cd1b07bd232451b18d353a5293df04eca3e0755,0ef9ea73b85752f3e33fb6d9660973643c2591b85f7fd96d04b0197bdc1ffec9
1473,vlcsnap-2025-02-19-15h08m08s106.jpg,filename_date:2025-02-19,filename_date:2025-02-19,train,ee6b02d0a30b00d67d98a43f3f1dadfa38df0b3808640a49be0e06a29b6e897f,86d567c2ab23acf80f16ce948dc4214e3aefac34ff6768380579462d2b5fa9cd
1474,vlcsnap-2025-02-19-15h08m17s622.jpg,filename_date:2025-02-19,filename_date:2025-02-19,train,b0c3097622cd477a83c26b4cb0a13d15ec1f96d2b0bb043a2709b65ff1799aac,856b231c25936a5fbe9465c9d5128e651a3e157d298bf4cb6ed03fd4152acc33
1475,vlcsnap-2025-02-19-15h08m28s047.jpg,filename_date:2025-02-19,filename_date:2025-02-19,train,03ec1a8688a935530dcdbca872cbd74b01ca268b032132bcd78eb09d1396d488,d09e2e8ea0bfc00ff500594c51caf6a04d64fe3b820a7812506e66c7f2cfe9f9
1476,vlcsnap-2025-02-19-15h08m30s503.jpg,filename_date:2025-02-19,filename_date:2025-02-19,train,ca0fac316156c676dbca5d7f274e893e708b3186d3436a851b5cf904937be638,a741f7db1d0264f07abbecf0472518f82b0e8528eb1eb65ff31e8832b079cb47
1477,vlcsnap-2025-02-19-15h08m32s103.jpg,filename_date:2025-02-19,filename_date:2025-02-19,train,ff2ede9aab496fcfcdfde04ffc4f421d95e9ed0b99956396e3806a3c55444e84,3603abce8d4e71168e869f3929461bb4cb443c83673c95d6afc891167029d6c0
1478,vlcsnap-2025-02-19-15h08m40s310.jpg,filename_date:2025-02-19,filename_date:2025-02-19,train,d72523913fc6b88e07fe751515d7c6cdf96d26f64d5dd858d1287ff24c4f2335,b0a60150be72b9f9fe90844e80cf79696196b643c1cef432e3de58dd601520dc
1479,vlcsnap-2025-02-19-15h08m45s240.jpg,filename_date:2025-02-19,filename_date:2025-02-19,train,680563ee9a5cf8138c35a4d7cb3d93468388a571699fac5f48b72b91e89e35c8,3c38af9c08cb316ab9c22fdf514ac22a6bd30e90b74e2d1ab36adc25e7505e1a
1480,vlcsnap-2025-02-19-15h08m47s330.jpg,filename_date:2025-02-19,filename_date:2025-02-19,train,95887024fb118047ea2107aa553ac1248aa0ac904ce94f9ee18795bf94349cb9,f2164e1d53f7624715597a8cbe510673596811680d59480be6fef5114d12cca0
1481,vlcsnap-2025-02-19-15h09m22s147.jpg,filename_date:2025-02-19,filename_date:2025-02-19,train,4fc1e1d83bd3961a07f346dfcd5b62c1c2609af6709fff6a371ff42d8c5d5ae3,43b1cf427453664e47a24a2d833dfe45c6b16a6993c2c354d341694215174793
1482,vlcsnap-2025-02-19-15h09m28s804.jpg,filename_date:2025-02-19,filename_date:2025-02-19,train,3e565e579719c43daec195243ae0a27ebe5ef4badae942e53a45adbc3763bd49,912a34b1a66f9bfc41a914d5eeaf55c33f97d28aa2e6dd7f8ca81a7b6263b46c
1483,vlcsnap-2025-02-19-15h09m35s477.jpg,filename_date:2025-02-19,filename_date:2025-02-19,train,eae4eb362e029da6f4cfaa19a2bf5b7d820a2a59fd24d71bd48f231c0587adfe,4dc9bd081bf25ebf828b184c931a80895c2c369b3f9f2caa903e53c91ebb1c81
1484,vlcsnap-2025-02-19-15h09m51s230.jpg,filename_date:2025-02-19,filename_date:2025-02-19,train,3bf38900373698cf9a63054fbef6c0803b7c4ed1e0f71a4e435d6d67ffd82855,3151b9c01856dbd89ae88d66883eadc186d0d94ef4eb63d334bf12525188af1a
1485,vlcsnap-2025-02-19-15h09m52s738.jpg,filename_date:2025-02-19,filename_date:2025-02-19,train,66e2f1c05ec787e32ae12d20d42ec99c028055034986a8bd85bb6654fb66f47e,3a9ca35413d32cfb1f89ffae734249cbe4e154e29bc34eac7895d97087ac31df
1486,vlcsnap-2025-02-19-15h10m05s314.jpg,filename_date:2025-02-19,filename_date:2025-02-19,train,7d4614303e5d49b90d3f18c0ce1f516f524d0a5e5b507f2ec92df666e3aa09eb,994d33a740147a14c8ca6f70b3d6c6d596b1fd3239ed3aa20a905bb38e8bafba
1487,vlcsnap-2025-02-19-15h10m06s856.jpg,filename_date:2025-02-19,filename_date:2025-02-19,train,9cd1a182a8e32951ccc84b49ef65eea5975ca82da6050ae8d3e8ca5797c15d28,1b70f5aa272166bfa1c5452e2f251e2b634f0e43be992ac58a4049dc6360a174
1488,vlcsnap-2025-02-19-15h10m14s544.jpg,filename_date:2025-02-19,filename_date:2025-02-19,train,c935ceae5ad2c346f641006372dbcb9c8e268b921fdd2132b211a1b9c2ca6f43,4aadeaf10e5b383f4ee986541bb0be3dbb3b5fc119432e58c6500916d825ce0d
1489,vlcsnap-2025-02-19-15h10m15s907.jpg,filename_date:2025-02-19,filename_date:2025-02-19,train,7224e0c0d56d35d04e5ae689b94927f98336ff9d7bb39c6314ab2f3b6089a49c,7a2966569836a00e3b6b4f68196c02a38f820358004f6fdcd197e02489c14194
1490,vlcsnap-2025-02-19-15h10m17s204.jpg,filename_date:2025-02-19,filename_date:2025-02-19,train,9cf5b7ac82d17bff8818ab5e4f417bf9f64ea53b2dbb8ecdf6b254f910c4a935,bf3bdcd555c7ffe91f6ab12cf5c8428b9f36d8ba33442ec6b44aa6eb2bf60eb8
1491,vlcsnap-2025-02-19-15h10m18s648.jpg,filename_date:2025-02-19,filename_date:2025-02-19,train,22cde8cb7f2a412cafb5e57a960c77fedcbe17c853b4dcafc0cd25bc8cf9ea6f,6db97551f2e5bedaa9cefdb64be4b891c38775b331c5e591a6fcfe12941fa016
1492,vlcsnap-2025-02-19-15h10m20s504.jpg,filename_date:2025-02-19,filename_date:2025-02-19,train,611aae97c3aaac71ab89e9046f46d61c0439a01be920d638935067a2b37f1383,465f076d50cd26be5a37077a65161db43be4cfc01a5a7dd3c47b7105f4e318d8
1493,vlcsnap-2025-02-19-15h10m21s566.jpg,filename_date:2025-02-19,filename_date:2025-02-19,train,de7db92ff2e521273e9eec766d84b10c24d4b4ba090123527392535fc64e36df,a1cf0e89e65e37a2a84196896ca3bbadfee266fa5a64b6f55229713b0d369ac4
1494,vlcsnap-2025-02-19-15h10m24s357.jpg,filename_date:2025-02-19,filename_date:2025-02-19,train,5bab603491e777f06061a7072a76c649a13ccd5f2bab0a8b9033dc4e2c57577a,328f3deed58e2c1013c1cebd8d7a881a0e4cf77ecf2516350db7b7fb98999867
1495,vlcsnap-2025-02-19-15h10m25s854.jpg,filename_date:2025-02-19,filename_date:2025-02-19,train,3a0adf973f9d31b5feff1542cee827bc409df2cda67d82cc94bcfd7514c2a2df,a318c3e0b4cec3f98b97784f971cafacb43750d2ac9c6ffdba199f987c7fdb3b
1496,vlcsnap-2025-02-19-15h10m37s208.jpg,filename_date:2025-02-19,filename_date:2025-02-19,train,2bd35d3daac958b23ad11d270ec880fa78b5a0a700f3612c0e91e0310d59f786,7acd24e00c81dd4f9dcf7c18ad53cb48c3822f711b0d3c8ceb35c79598099380
1497,vlcsnap-2025-02-19-15h10m38s494.jpg,filename_date:2025-02-19,filename_date:2025-02-19,train,6fbee9c313bc971ba09bab0ec1f0c5d5aee60d519ed880718ae9e8f0b02894b1,33c9e1dec89dcb26f8305a4ed137e74734eab16b2ca20c556bd210c33aa60818
1498,vlcsnap-2025-02-19-15h10m40s348.jpg,filename_date:2025-02-19,filename_date:2025-02-19,train,251fa77bddf375445b9e7bf5ea3fee1bc5be169110668c874925989ad3d2118c,5d3f7e7dddd1055449887ee0400c2c7b4207dbdbcbb4f1ad238140fbb0891ddb
1499,vlcsnap-2025-02-19-15h10m41s342.jpg,filename_date:2025-02-19,filename_date:2025-02-19,train,d4981d1ffc740dd847ce982eb02d38f781ad096ae5fef999fa032947933d391a,dd19003a0caf3f2456a404e5fa2a0a189fec2da8714b27b3f8c9f292f864d527
1500,vlcsnap-2025-02-19-15h10m43s692.jpg,filename_date:2025-02-19,filename_date:2025-02-19,train,8240baf8e806167c88571f3543325e924fd302eb0507965c3a1a0627299f2b0c,7a8f0b782d6828d193fceabd6a9fc74a2351e6506299222e685c60244580a9e5
1501,vlcsnap-2025-02-19-15h10m45s082.jpg,filename_date:2025-02-19,filename_date:2025-02-19,train,6edcd71d92d5fb94cbd291f082c078b515c1598a2566e93941fe02c0393b2b58,9f17aca584154164574e1291ea663c09de216d6f6c793db8fba7f5ab20c6b022
1502,vlcsnap-2025-02-19-15h10m53s105.jpg,filename_date:2025-02-19,filename_date:2025-02-19,train,81efc32a596dea98df3c5ce522e41986bc7bf33a755662d1b200cd789c62f809,bb743902b33020c7f58193da36f5da1d086d0053d6a143cd85f079fc47586d61
1503,vlcsnap-2025-02-19-15h10m54s993.jpg,filename_date:2025-02-19,filename_date:2025-02-19,train,c56a34488342bb3b8de39af8dd2cbd9feb97d698778e5ad6d6127e26052b010a,1a8e1c5e00cea3423796d5921243f83d61063dfd19e47fa13f4e340b77a57f3c
1504,vlcsnap-2025-02-19-15h10m56s365.jpg,filename_date:2025-02-19,filename_date:2025-02-19,train,f51a4716eb46683c54e73617f95b405c8f362c39356d584ecd349e9c6cf5bafc,c25d8a77b4c0f91f29c55fd9e5798dcd35a9a6e4935feeec7ebbf1a9e2ffcee4
1505,vlcsnap-2025-02-19-15h11m02s002.jpg,filename_date:2025-02-19,filename_date:2025-02-19,train,d72840fffb4cd84df7e75581b4d6268b587a8f258e19ac9995cef1f469b6500c,e15272a56541e3c1fdaaef56424cc4f52476301f3d94fd6769273004c3c0ebb3
1506,vlcsnap-2025-02-19-15h11m03s288.jpg,filename_date:2025-02-19,filename_date:2025-02-19,train,119f5cef209c17042f045cd4ee91f674f50a12b6e33534e07aafed7b205dad83,1caa1bcecb1438e60b8f16c42535609a9f75cd2c143fd8ddb3415918b8e49f31
1507,vlcsnap-2025-02-19-15h11m06s611.jpg,filename_date:2025-02-19,filename_date:2025-02-19,train,c897fda18927e7b8a2a9a75df04b223562893cb2a045a561e7c0f07e01079d58,134d246485c5c479f06be73f029d311abb6d9978b4df267503ac076f8a51c712
1508,vlcsnap-2025-02-19-15h11m08s180.jpg,filename_date:2025-02-19,filename_date:2025-02-19,train,92bbdf265a29739316e686ef6cb34259824ae947eac655dbbec6835aa50f1090,95ed79467c79e74a742d4e768d9e6ab32af95d95a4b85e81ffbfd7d7ced1af5a
1509,vlcsnap-2025-02-19-15h11m11s690.jpg,filename_date:2025-02-19,filename_date:2025-02-19,train,ea7572f603dd9c8589f6bd229d2faac12ad63331783fed8203d7e6d1ec97c8bc,1f14b0bcbbafe61f9c1950c9ff77ca49983e2ea8a07f069d57cbce2a7fa39fe2
1510,vlcsnap-2025-02-19-15h11m15s208.jpg,filename_date:2025-02-19,filename_date:2025-02-19,train,687cea66de9495c0f9c8eb21f6b7ac0f8d7477ff0cc69d73d91f20e6d09363d0,d170adf8116c05ffa51f6fd9cc4e3a5ed0517cc7cab1e604b7bdbfe93b55faca
1511,vlcsnap-2025-02-19-15h11m16s693.jpg,filename_date:2025-02-19,filename_date:2025-02-19,train,c8b67d8c2c8a135f75de50774dae0d8e48c203ac7437f75cf4729dd62e0143f1,d0f733a8c78756480e3ae36d53dbdc38ad25881818ee7d609bce378317df1bf3
1512,vlcsnap-2025-02-19-15h11m17s872.jpg,filename_date:2025-02-19,filename_date:2025-02-19,train,3be82652e4344b262cd7ecf496089531e39cf6828a6fb3d4685e56354d72b88d,38b658bafe993d54b231c79fc0ffb6100cbb503be206ea262538191354528698
1513,vlcsnap-2025-02-19-15h11m21s909.jpg,filename_date:2025-02-19,filename_date:2025-02-19,train,6a86abb1364acf7527da730b1a1ca392f1fed63a595acf164bf91b9e0e51233a,b081af2fc4fd88ae76be37da27e07800012b68dbf3aed4334aa7ec9d9147d1f5
1514,vlcsnap-2025-02-19-15h11m23s972.jpg,filename_date:2025-02-19,filename_date:2025-02-19,train,eb90cf448f30cbee7a11419ffc1b97ba9d61d13bcb28b66965b74381d6f02377,34e54ef7dce2b608433645d7a448a17013d4818d580f204c85c7eab6a1c36209
1515,vlcsnap-2025-02-19-15h11m25s800.jpg,filename_date:2025-02-19,filename_date:2025-02-19,train,fa4729df6247882a73d352ff010242b1eea3ff430ffde38074e9006c36ea00eb,4d44e853ad4688b0d2525170d7572c96c9a99da274095ee03e520c2f822c53e8
1516,vlcsnap-2025-02-19-15h11m28s430.jpg,filename_date:2025-02-19,filename_date:2025-02-19,train,ebedcda80e9e30d53b9ef932761560e527fcef4cf0121515398c9aaa4dd33858,647f4fd4590fc592d7fe06342caa66d827006b748c79501a837643abf9d4b6e4
1517,vlcsnap-2025-02-19-15h11m29s734.jpg,filename_date:2025-02-19,filename_date:2025-02-19,train,b036cf52b242ecbed1605ba6e678a79bb137de6c7a55aee958c30b6033c01cb8,254fda982c5c989855f39443f3eef91dec90f3d624d1c9f1d696e04f1835ed24
1518,vlcsnap-2025-02-19-15h11m32s749.jpg,filename_date:2025-02-19,filename_date:2025-02-19,train,ece081ba2d26fd6acd22255b16cadf30a8afc99dbe9105f289c03144041575af,b936bd61da2fcdb15feee88f68b9e0c9c16534e6ddaf36133b10c6d616736632
1519,vlcsnap-2025-02-19-15h11m34s817.jpg,filename_date:2025-02-19,filename_date:2025-02-19,train,e26cc2fbd702c5f6fb29fdc92b443c9968dc95c90f659de48f26797e084766f2,0aa3bce76e98fd1784c4476c67dce6f760210b5b6a34d52fb52d4953c1c82383
1520,vlcsnap-2025-02-19-15h11m40s216.jpg,filename_date:2025-02-19,filename_date:2025-02-19,train,bef76cef8a13562fc34b2004b767728e79c800d5202f2200a65b3de66a1057fa,5ef7da6154caaa3a691f1a76b46dcfb589b5ff413577e2b7d9233357fa25e8ac
1521,vlcsnap-2025-02-19-15h11m41s746.jpg,filename_date:2025-02-19,filename_date:2025-02-19,train,24e4626cf6a3a9c527a023f3f712ffe87b2c8403ddf40565bc701229efc47e4f,f28d6a09c1754f4bfef344f7f3c64c2a10e58cf876b7401be334479b0f4dddbe
1522,vlcsnap-2025-02-19-15h11m43s419.jpg,filename_date:2025-02-19,filename_date:2025-02-19,train,32965813799bcce652c135a2cee401e07b28ec9a236508550e92c30b019ffad7,0c75dbd07feb762887bcb822ee94d811e9105b252181d071024c6f4f5ab27551
1523,vlcsnap-2025-02-19-15h11m45s542.jpg,filename_date:2025-02-19,filename_date:2025-02-19,train,261b775d73bd882aa72fb5ad781871a9c62bb3342258f96103e978871f8efe9e,2eefffb4761831eac1fe6d7977d887fe11c353d479edcdcd70f7c648efe014d7
1524,vlcsnap-2025-02-19-15h11m53s813.jpg,filename_date:2025-02-19,filename_date:2025-02-19,train,f8f7e5e4bb559f56659cb05e514ff8363efd35f9f24fa2e624a20323c2259d5b,8fde7ec31a8c92b05e00efa2aeafac675b89ea7b420e5ae68834bff6bdda0d3b
1525,vlcsnap-2025-02-19-15h12m17s037.jpg,filename_date:2025-02-19,filename_date:2025-02-19,train,6815c96ca62e2d6652f41a016d7478c6f4b1469fa49c4206f29c946059ded13b,90c484583611254e0de36106cc0f26ffbb6eac466654637587d67abea09cf393
1526,vlcsnap-2025-02-19-15h12m18s750.jpg,filename_date:2025-02-19,filename_date:2025-02-19,train,f848832fa847e4019183c4abe31b110a6a042d5e2bb5a365b361998ff04a64b4,dc0f40c0c4bf185bd96c0584368f02eea6daa315fa7e22fcf0e90b6f5c1b22e7
1527,vlcsnap-2025-02-19-15h13m32s646.jpg,filename_date:2025-02-19,filename_date:2025-02-19,train,93f63aa1a2c3242eb75aa2e03100db25ca15e64038b2ec77d43e2ff57954952a,3d8630d05fa1e496c23ba4b2619069a65445972756b392fdccc0a8e81e23a39c
1528,vlcsnap-2025-02-19-15h13m33s982.jpg,filename_date:2025-02-19,filename_date:2025-02-19,train,3136820e7d7839b1a2a51200f8965175be3550a40df57063621d74bd0d47934e,62cbbcfb20cf518d6b4ebdf9ca8b19bfce66fd1cd0fa1aaa319084039889497d
1529,vlcsnap-2025-02-19-15h13m35s433.jpg,filename_date:2025-02-19,filename_date:2025-02-19,train,c9c20e692e6e5143006cd3d052f04f1447c0fdb6d6b2fe07399197330b8b2556,2c3d71462e8e8502fb7180ffa5294713933189f763326925426b56bbe59f97c4
1530,vlcsnap-2025-02-19-15h13m36s510.jpg,filename_date:2025-02-19,filename_date:2025-02-19,train,04f271581bd120bf8f2461f4045025b7451f8badff4c91d5d93928258cb45a18,e575fbef33f37a3b3126e9027e098ab4b91b7bbb08b3ab70d706cc084e59263b
1531,vlcsnap-2025-02-19-15h13m40s100.jpg,filename_date:2025-02-19,filename_date:2025-02-19,train,641786b9986d258a15f091959195175d8cb4c5eadfd3b3e99416e865a8c80054,0cbb45d72133a8a78d7b6092db8125fefa0d34ab56137b0ac275074a0b967b89
1532,vlcsnap-2025-02-19-15h13m43s967.jpg,filename_date:2025-02-19,filename_date:2025-02-19,train,18271ca55698c7047fc5868543ac2331de538ffed9e67f5d39459c4bfecd99c1,9817f7f3b51a439136d670547c508965c81e572fb1bbb1fed6f4098d5139b176
1533,vlcsnap-2025-02-19-15h13m45s118.jpg,filename_date:2025-02-19,filename_date:2025-02-19,train,63728e8be9ff6e97f8d6bd817d120bf2f7215afc57d3e7e5c07517aae8e0bce3,050103ae140f16c37f56c997bab5cb59e2f7fea78b22b20a9a47ee3c2a8bc4e8
1534,vlcsnap-2025-02-19-16h17m29s412.jpg,filename_date:2025-02-19,filename_date:2025-02-19,train,b72eeb5d5c39f52184258cacfeac87afea2e9d80cfe46835024e0c0c993e0f29,e96a88fd5fe47c9ecfc7a45cb47f3ddb4a51a62b5f6b1d26760e5cc1b0cef643
1535,vlcsnap-2025-02-19-16h21m31s373.jpg,filename_date:2025-02-19,filename_date:2025-02-19,train,40afdcd5cce8231416b5462fe398a010cdfb319836a81002413c131302212fb2,6b1eb34db9133cc8cdc048c9b1b6c725bddc509a158719f958323da2dfa9e6f3
1536,vlcsnap-2025-02-19-16h21m33s637.jpg,filename_date:2025-02-19,filename_date:2025-02-19,train,c319f7047bd8692b975f6218e398ecf8765a31e8a708f7c119d8b8277c25c3ae,fc7556ed1a2c047eda5898bb8844b219f2caec8b2a6c1aba7649c7e6d527212d
1537,vlcsnap-2025-02-19-16h21m36s467.jpg,filename_date:2025-02-19,filename_date:2025-02-19,train,7eff8d254be8ef722d39d6dc347547561563f52b2c5c5e729f27720c251f1f95,d511ccc41702aab793b47e97c42bc9533f50eec72b09132746065dc01e01b0b8
1538,vlcsnap-2025-02-19-16h21m41s446.jpg,filename_date:2025-02-19,filename_date:2025-02-19,train,b8789fe46b57ae962e7cef4e781e343d4d444d3402086e73c4f37f5a4d93857d,558708114805d215b8fb96cd86b7606061aa624c1393ae8f791092e43bd4d75a
1539,vlcsnap-2025-02-19-16h21m43s745.jpg,filename_date:2025-02-19,filename_date:2025-02-19,train,b1a76931fe666ca8f1a206e567449caf04ca6466283bf4d9f7ecc8b253a9631d,d2354f5a9694b70444565489f7cebb3dccd2fb5e06d4311659aec1ffd0cfaec1
1540,vlcsnap-2025-02-19-16h21m46s026.jpg,filename_date:2025-02-19,filename_date:2025-02-19,train,1bc685b25f1cd72a70f3e7f9ef1c65f85388897e583774b83c10f46605c87afe,6fca08ed90d1b1c784e422d721a88543f10228d8f48f54f341104aae5e5aab16
1541,vlcsnap-2025-02-19-16h21m48s307.jpg,filename_date:2025-02-19,filename_date:2025-02-19,train,f90cf49d7248285941145b62100627d4599d5c8e97dd504de7b0e742d808743e,6eb7c54f3d0f8102b6495ee62ba2db647f1bf01cc2358db4bd4ca3a774939ee0
1542,vlcsnap-2025-02-19-16h21m52s936.jpg,filename_date:2025-02-19,filename_date:2025-02-19,train,2a7a2ddf964dd8442ba1a865721df1900b86e4ba20b18de5fe3ea4f0707184f4,7feec8316976947e7ad78ffede7a23d23835d5edbe7b5b88b1ec2a9371d1aab5
1543,vlcsnap-2025-02-19-16h21m55s303.jpg,filename_date:2025-02-19,filename_date:2025-02-19,train,38f6ab32e48dc4309f43e13386ebde91a05fbbd3b4860550812e083cce5f9544,cd66952e41621e0366dcffc01111c822ad55ad4637ea5cd961b7799bb927aae3
1544,vlcsnap-2025-02-19-16h21m57s822.jpg,filename_date:2025-02-19,filename_date:2025-02-19,train,4603969b9649ee92bfff9ec33fc08f3ab4498acd59cc1b7515b7997503d194ee,1f35f0da81c32bf939c99be2801889bd8f09c1d34ab40fd0d3e0519ae098dc42
1545,vlcsnap-2025-02-19-16h22m27s494.jpg,filename_date:2025-02-19,filename_date:2025-02-19,train,4e9550a85b03322b1e24dc9cd00513ddc59a19c643a857ba3d46fc807b6fcf62,a7421d06db5c668202a00d1fea29a317cb0363742b71ad5f25ef46c2a2a97aa2
1546,vlcsnap-2025-02-19-16h22m29s339.jpg,filename_date:2025-02-19,filename_date:2025-02-19,train,aae143838d9c6f19d98ad2b02b34bfb8b90a6b7cfc164dfe6c14dbbde20ba45b,9c90512c4315c4c9622a1a38a36bcd1955e4f2c773c4c2824d0a683ee394709e
1547,vlcsnap-2025-02-19-16h22m34s909.jpg,filename_date:2025-02-19,filename_date:2025-02-19,train,86d79c0cdf8bc80cb7a952a196c2a265546338aae0d40fe99e39623c10effd42,1abecc83c61462528e4d64eb27ef0f75a3de71d65b43a33f27ffe21efa64b8e6
1548,vlcsnap-2025-02-19-16h23m27s315.jpg,filename_date:2025-02-19,filename_date:2025-02-19,train,7af40f273b2c75ddd169b9dfa637061b2512e1c3553e3cc8daf7c9898286eed3,ce8f404f278872ffa32746aeb7616f7dfd5ef514bffab93f588047e389663267
1549,vlcsnap-2025-02-19-16h23m54s244.jpg,filename_date:2025-02-19,filename_date:2025-02-19,train,c6e92ecce4bdc38a96210c11dd430ea62c1d471510ee191f442948ce47976774,a48a90e9025b2aee94f65205d14f7434123f17f23edfcf64a5a4f9a3e7a28b57
1550,vlcsnap-2025-02-19-16h24m09s476.jpg,filename_date:2025-02-19,filename_date:2025-02-19,train,f6d9aba7a4ff97a6ceaf0a8851b1aa1f07b7fbda007b960f6176b306e52615df,870a63f80b19f07b1aecbd1fcdbbf078945433a5b96a16208eba9041e852f603
1551,vlcsnap-2025-02-19-16h24m11s229.jpg,filename_date:2025-02-19,filename_date:2025-02-19,train,a50b76983890dcaaa3d4da8456db9c521c5076988df4c51fa0b6e1d339baf20c,0f0ead93c00fd40b76303147c1ae3ac07b6987637c8937a9d4dc5f0183152ee1
1552,vlcsnap-2025-02-19-16h24m14s656.jpg,filename_date:2025-02-19,filename_date:2025-02-19,train,4748e6c87592d77b44d0729b34590838dc8255033f9b328ab9ab3756c3b609b4,659924d293cff50029c495c501c5b4b4dea0d5389bcda55009c46043b7a360ee
1553,vlcsnap-2025-02-19-16h24m16s074.jpg,filename_date:2025-02-19,filename_date:2025-02-19,train,ca0b5186cc006357fe7a5a926b128c5949509ef845420ba76e9961899299a8af,60e3b2afa87845ea2a2f5da6a147258d7dd0c7d2d20af65492809feb79e30dfc
1554,vlcsnap-2025-02-19-16h24m18s023.jpg,filename_date:2025-02-19,filename_date:2025-02-19,train,8f98f7f540f7253543db0dd36b28b2dd7ff885fd9201f10e0c0a45c398f39db4,d7b364ec8118e0df8817f72b6d3b3c0ca7b1269b6555c03d5a60145ace37d445
1555,vlcsnap-2025-02-19-16h24m19s410.jpg,filename_date:2025-02-19,filename_date:2025-02-19,train,6419d16a27059206847fe871feed06f0f50c7810d73467fbf3adc66523f07cbb,6c485bc709c0568e6fea194782ce1e250e0b230cc0942d963a5a7b0fd320318b
1556,vlcsnap-2025-02-19-16h24m21s332.jpg,filename_date:2025-02-19,filename_date:2025-02-19,train,b03f32ab8825f8603804d6bdbbe28d983ecb3dd8f66569f4f521f3a1fe70f5c8,29e9872b10235964ef9e474fea10f8fafe0e50d3c4ebb27eec019c532bd6f4ec
1557,vlcsnap-2025-02-19-16h24m23s176.jpg,filename_date:2025-02-19,filename_date:2025-02-19,train,60b0734dafb69d70f4d991cc4088519d8eea668761682799df15164b7954c57f,419b4b58a5ca39e18592f80de26d86d2fc6d753778cf01325333f80723a2af38
1558,vlcsnap-2025-02-19-16h24m27s454.jpg,filename_date:2025-02-19,filename_date:2025-02-19,train,416857013ac6014ceb5884456983e72ac6afd888fa699b8f0fab8fa8f87b7579,64f41c47997939ff3ced671716451dc8b610e8b4bc81f4d6bec7401a095c8294
1559,vlcsnap-2025-02-19-16h24m28s831.jpg,filename_date:2025-02-19,filename_date:2025-02-19,train,7f2a32f7b3acc7c8aa476a87432ee8e5d6c47b2d3f55af57745b1b1a01c1bf78,c5f77eec78b14bba98b883a07f320be2e2a18592328daba908249fae3bb64be9
1560,vlcsnap-2025-02-19-16h24m45s810.jpg,filename_date:2025-02-19,filename_date:2025-02-19,train,9d0270ef4b67b4c5711b024c60fb99543613f87b0e952d8d468b2219ea24c026,a114932ba46565327a4e9ee19fc1cda3453a04a8e78ffe59aca299d890242923
1561,vlcsnap-2025-02-19-16h24m54s590.jpg,filename_date:2025-02-19,filename_date:2025-02-19,train,63d654329911816038dc09a462952d591bb8e1181e3c76a86f0b63b4593b1ec4,d39afed4b09a9e8703429e20e8074268e530b809595a4594c7e29da4e6a5c374
1562,vlcsnap-2025-02-19-16h25m09s616.jpg,filename_date:2025-02-19,filename_date:2025-02-19,train,2eede14a6ba8b6146a34398f30984de4dab088025c3780a846544b5aa6a6f63a,25594aee83184c51e931fecb2b1e97bbd18fa0d893264742966fdec7da9d2fba
1563,vlcsnap-2025-02-19-16h57m23s034.jpg,filename_date:2025-02-19,filename_date:2025-02-19,train,aad09a16fc5f05c6c2171a82ef7e07c1e0aeeabf036a2c14254c0490caf4754f,ea1f27f7dcff69015e8c92f3b39da6525fa9fb78274dd7137f0329d123479506
1564,vlcsnap-2025-02-19-16h57m25s676.jpg,filename_date:2025-02-19,filename_date:2025-02-19,train,3e1650420194a2b99aff8c56e133472cf3de136285a02e1a9feff09351c3f778,dc00cc4a530c58b4b911521931d1cede29c07b0233ff38abf853cc97f654bd07
1565,vlcsnap-2025-02-19-16h58m52s899.jpg,filename_date:2025-02-19,filename_date:2025-02-19,train,2fbdd2408d743ca7b6a042788186894dac4066299db3ce4af918ed39226ed12a,e835f32a5fc227ee9d7aa720d16a265ef95c4f517bf2383d53f402a07f3f6a4b
1566,vlcsnap-2025-02-19-17h00m19s245.jpg,filename_date:2025-02-19,filename_date:2025-02-19,train,36d55cfbcb93bea68d2ad59b77395a24070f1e116c40d8e3b7ca94026f6f2886,ba9f34350d511255c981b47df0d2befe5d1b96d37793e6de6e5bb91980f8d3fe
1567,vlcsnap-2025-02-19-17h00m20s882.jpg,filename_date:2025-02-19,filename_date:2025-02-19,train,53256b1509c02af881de8914cb2f73fd3401dcc1d5a2c5e2518e28bba9104b71,ad9d4549d9f7fd8bb754590e434480f9019c40a63d429cbbc40d8b4f2b428e33
1568,vlcsnap-2025-02-19-17h01m20s988.jpg,filename_date:2025-02-19,filename_date:2025-02-19,train,f5f55aff82f299a63395ca027b6b53af359dc47e4a2861baadeef762733fec17,b84913eadba626a25dc582d96ed16905e3f553925ec2b883945e2490e170bbb2
1569,vlcsnap-2025-02-19-17h01m22s346.jpg,filename_date:2025-02-19,filename_date:2025-02-19,train,25f523ddf4e29804c20a8d8dd14970a7e4688a9bd886d67ac1fcb311cb04a59e,2df234954db39c41ec4e1063384a600cc68d65518ea7fd47f6969908d9637ecf
1570,vlcsnap-2025-02-19-17h01m36s808.jpg,filename_date:2025-02-19,filename_date:2025-02-19,train,415d20e410a9a415c7ea5fdb1b852125a780d93568cf3858fe923052f80056d4,12f41c91019892749f632cba8cda70501cef4d2dc9e2ad6a855ad318480979d1
1571,vlcsnap-2025-02-19-17h01m38s740.jpg,filename_date:2025-02-19,filename_date:2025-02-19,train,626c459cb2e9ea1376eb5387e8028cbaf816f349c261d9c7b1157b799f4e809d,da15985b0fb2e0ea077a6bef9c0563651a313fdd4d583fee914d906ed585682a
1572,vlcsnap-2025-02-19-17h02m53s135.jpg,filename_date:2025-02-19,filename_date:2025-02-19,train,a90b3865f5fb358c12e25f108129e818d2c0e7a659c776dee87383a4ac0ccb89,df02be870da192793d87d75d8ebd03bc3c9ed22bd5e6ae04cd310b595cc96a45
1573,vlcsnap-2025-02-19-17h02m54s622.jpg,filename_date:2025-02-19,filename_date:2025-02-19,train,bcf88f192279b1798a9a20bcf6e72d0d860bdcee7bac60bf2d20235ec9a965c1,216101ae4cc08a627d157b9e04a32b222a35c743c39a0efb27edac974cee8464
1574,vlcsnap-2025-02-19-17h02m57s019.jpg,filename_date:2025-02-19,filename_date:2025-02-19,train,374a5813409beeb29c66c1c94acd6caa029dd151fac48928fd777276cd5e38d2,26ae3be2990ff2ce0b607e19b9cdb30889f90647429b25725cab3efab8bddd96
1575,vlcsnap-2025-02-19-17h03m02s980.jpg,filename_date:2025-02-19,filename_date:2025-02-19,train,0ade1389ab4b6d94018ce80d4df3756e6b63262ec6490b6c044419adea30f20d,ebdacd53add3703ef856a1350485b85ac3ac003337549380d53f1296417f1a47
1576,vlcsnap-2025-02-19-17h03m06s413.jpg,filename_date:2025-02-19,filename_date:2025-02-19,train,bafbecfacb635b1658d59b5570b4d8d91f16a6803601cea64a7ee13f379e222b,2cbbc0eaaff5e85b79098e2620c2152f4f470fbfbc75e54bfacec16162cd216c
1577,vlcsnap-2025-02-19-17h03m22s057.jpg,filename_date:2025-02-19,filename_date:2025-02-19,train,d8e488ecaeea4b3f27ce6300a4bcaeab8299bcfc1bee7fccf4f29cc5b087d365,d3fbba907653af4f565456ba7f923e69792a4d884112ccb8d19ccef770e5fd52
1578,vlcsnap-2025-02-19-17h03m26s014.jpg,filename_date:2025-02-19,filename_date:2025-02-19,train,cf735832ee4b66538b1a1d6fef6447c810a34c1f2e9bf7bcb888b6f646aaf5c0,cd534d13929cc889aa26f587374a5a1890aa34be88e0bb9a83afc8baaa505073
1579,vlcsnap-2025-02-19-17h03m28s017.jpg,filename_date:2025-02-19,filename_date:2025-02-19,train,ca61d7b930b35a248756424fcc0f35a1ec676182cbd0b3409d7c6e72355545d7,8a833fc73924eda3105949a22d42a1804de5edc6d624b6c7b9f079c47a7b0350
1580,vlcsnap-2025-02-19-17h03m29s526.jpg,filename_date:2025-02-19,filename_date:2025-02-19,train,132b4380d84810e0ab535b63205096547497c6ab512641de92b92863a65039af,5842f3a5195a0731d2bf622d08c76a8d6a6d624f61b8537ff36dae0ab24746a6
1581,vlcsnap-2025-02-19-17h03m31s261.jpg,filename_date:2025-02-19,filename_date:2025-02-19,train,24f45289d830a84aeac2b021cd36b418c33749b070a3c6e4ee7fc455e6f9f16a,05da1c3e536e6a6c87222bdbbaba3200417b862de058674f694485346a7dc407
1582,vlcsnap-2025-02-19-17h03m34s523.jpg,filename_date:2025-02-19,filename_date:2025-02-19,train,34fc226be6881fc66bae87513337267c41a92d8b64604ab7fa7dc9d2f69dfed8,f6630e7b3c3a54ad65575a9044f0b6093e4265b8620302510ae8a61fa306c0cf
1583,vlcsnap-2025-02-19-17h03m42s580.jpg,filename_date:2025-02-19,filename_date:2025-02-19,train,11406dfd0d9085c8391d6d043e71ea37140b59c8183dc2608299d0660a5ec4b0,74e765ccb745dd0c457c8a2e2ecd7e4e275ceb51e0ebc9570a4be6188860d9d6
1584,vlcsnap-2025-02-19-17h03m45s777.jpg,filename_date:2025-02-19,filename_date:2025-02-19,train,0c796207ef3139a1e7cacb3f87a38d2b73d31de97417fb1b985bfe67f5f0badc,fcf3da5bfabe844e654bb5855c805e3722906baa69be5fc43fbc3f18c5614374
1585,vlcsnap-2025-02-19-17h03m47s237.jpg,filename_date:2025-02-19,filename_date:2025-02-19,train,433c9e9bee42a78eb76a3f867f51b8478c2f7c6bc95f5ea7c20cef1d804cdcb8,e94af74bb09f6cfa55c5539de9ce865ca8a99a2054b4aef1238700990d022c4a
1586,vlcsnap-2025-02-19-17h03m49s630.jpg,filename_date:2025-02-19,filename_date:2025-02-19,train,828ed52b1c4f8962534a33f912d584bae235804fa1ba531dd88fd07defb8ec3d,848aed7dee097401b4d0d21a86d8f65ae030de4953b365a25fd877b8ceca5aaa
1587,vlcsnap-2025-02-19-17h03m50s926.jpg,filename_date:2025-02-19,filename_date:2025-02-19,train,aba8c82cdf9e89fb7e3a4835c621b5cfa28d048a0e094a3c030478ffc23987c4,02b0d3ca03a4ce64ac5cb207d1b132e9d3d85acf741324738770b9581e4e0cc5
1588,vlcsnap-2025-02-19-17h04m10s260.jpg,filename_date:2025-02-19,filename_date:2025-02-19,train,b99bd3d1f5d4877a3944eb7ee5edac31b8fe8bfb18a38d297d0131d143db4726,eba9affef9f536e70920c35ab9561fe0024fe89f72f66d299eff854c06aa1a15
1589,vlcsnap-2025-02-19-17h04m13s313.jpg,filename_date:2025-02-19,filename_date:2025-02-19,train,10edfa2e1c6d5c14907cc61063106410b5cd9325e683093782e57f71b6560ac8,13450faa6f69f6d1aa2af022f02aa7f6eade4853c7a8a02bdd65f0a5a54beda5
1590,vlcsnap-2025-02-19-17h04m41s282.jpg,filename_date:2025-02-19,filename_date:2025-02-19,train,17fec6ac5bab35957866e7d75b5ae0a1a3454d05785cc663e79dbd3b8169fc70,f64f9bd3d32f10eb172db85d037f038fea6528f21ec596d9f87e6c4a50f51cbc
1591,vlcsnap-2025-02-19-17h04m44s457.jpg,filename_date:2025-02-19,filename_date:2025-02-19,train,d09e90420f9c7a0220804d9d27f9110b67af797703d88b9415a2ffd32f444bb1,208eff9cd5fdd0ad152d1ad1a1b0fc3840db0e6768cce289ca608e46ec00a5b2
1592,vlcsnap-2025-02-19-17h04m47s362.jpg,filename_date:2025-02-19,filename_date:2025-02-19,train,2205be70ca91285836aa5795d52b247faca426853f6e2540b48792f244964a0a,254e7e41ff72898cdd93328a7eedc359070a411c43a01e329dc06df5661efa83
1593,vlcsnap-2025-02-19-17h04m49s140.jpg,filename_date:2025-02-19,filename_date:2025-02-19,train,62593d2c84bce894c809664d489167582d88124096c082d586b42a079e44c039,3428fe22998f0673aae5926eab050934cf499788b0a787e0d4c4542e500de8d3
1594,vlcsnap-2025-02-19-17h04m53s778.jpg,filename_date:2025-02-19,filename_date:2025-02-19,train,0f1227b04242d22a0b1cc12fa10756cfbcab4845b91e79bbf05bafb4678e0135,180ae1fdd04e96792cf810fe3d01047c4467cb5fb9c422603b4ee9380c859151
1595,vlcsnap-2025-02-19-17h04m55s842.jpg,filename_date:2025-02-19,filename_date:2025-02-19,train,073306775019da82a35a2c576d18069efa8a52695a7ce3e04d9d68052eafcc76,b26470a7de396010d8a93e1a84206a10595ad754ea1904c8c045edad03e22584
1596,vlcsnap-2025-02-19-17h04m58s334.jpg,filename_date:2025-02-19,filename_date:2025-02-19,train,230993276c353d19fc5bc19ecc39d1caf05d7251109f8e2e5ee3e77bdcc58822,6f68a0df57f293fced9424ec9fd02c2008a7e22654df74f218d6edc7095d2b64
1597,vlcsnap-2025-02-19-17h04m59s792.jpg,filename_date:2025-02-19,filename_date:2025-02-19,train,14b8160d2ec937870681063527402bc5c60a12aafd177333be82152f34122d95,fa454f4698f5de0baee40e3464f2eb46d95c6374feee90759987a6f4d2d2eff7
1598,vlcsnap-2025-02-19-17h05m06s690.jpg,filename_date:2025-02-19,filename_date:2025-02-19,train,a7840d202d8b8832c9e1212bbb8c301d77972207583437e1de9de394c3a1dc17,2becb06d34c4ea7eaee3e67f1e2aba78c8fb9f0cad5e0b6e97118d894cb21468
1599,vlcsnap-2025-02-19-17h05m08s806.jpg,filename_date:2025-02-19,filename_date:2025-02-19,train,efee5f00436309ea8b4c898ca43bb4a8c3270e9cea33c65923d7d83cd92607d2,afcc1c1919250579291225775e7c705016ef0f025de8c4334a02cc4854ee1544
1600,vlcsnap-2025-02-19-17h05m14s947.jpg,filename_date:2025-02-19,filename_date:2025-02-19,train,a55eae4e9edb4fc676f896b8bbc8e78b9102b6069b54ba40f8e1aaae0b39d9b4,a4805af3270336bc3880b28eac701750ccf63f408403397c66cec0daffc9f1a5
1601,vlcsnap-2025-02-19-17h05m16s653.jpg,filename_date:2025-02-19,filename_date:2025-02-19,train,8c366f4fe973fd34e95f7fbc8e4fd27c4f8947e759412fdb5bc1ee22ef5ae1ed,f9d8aa8bd407a9558f89d114bfddc2bba4b3c1f297e7f85a09ac3b310421e158
1602,vlcsnap-2025-02-19-17h05m21s882.jpg,filename_date:2025-02-19,filename_date:2025-02-19,train,4a30481059921089ca844c0e2544a98c11a0908e26c829cf44441fa44134d7f3,e2b891c4f8af70e37d4d02b75b3d351e1b8402d2f3be57327f6b9f44d073a5d4
1603,vlcsnap-2025-02-19-17h05m28s575.jpg,filename_date:2025-02-19,filename_date:2025-02-19,train,0a3783babf1d0583d27a792aeaafc07106fa17a82485285e06e2c60a48766320,ab886a5cb1321cd9a1949f9f97b83371c310a2bd321c8059db56d4a1236fedfd
1604,vlcsnap-2025-02-19-17h05m37s430.jpg,filename_date:2025-02-19,filename_date:2025-02-19,train,e361d9fec3406e2683e61ee68c72fe794dfb771a809f56efb549bfa11ee61d69,7a6987e7ea308c467847d8ec31f9884b4517d6d1ca160b2ee6085aee52cc5fa0
1605,vlcsnap-2025-02-19-17h05m39s299.jpg,filename_date:2025-02-19,filename_date:2025-02-19,train,b5177dc1f0d89b377f2b64134d1bbf3d3946082e96762546df977e9610144942,fd9beedcfe5a651f0f7b5f3faf3fbc0a44ccd6ab6b5fd453134f7a0fb0961d7c
1606,vlcsnap-2025-02-19-17h05m46s478.jpg,filename_date:2025-02-19,filename_date:2025-02-19,train,b50b94bc82449a11635a5a5453665681642ac9feeff247d4ec7d284153c9d21d,3e8192cedfca10559bc20a54e6f7516de1a3e560a509d66947da42fafe12e186
1607,vlcsnap-2025-02-19-17h05m48s629.jpg,filename_date:2025-02-19,filename_date:2025-02-19,train,c75d801a7cd34460ed5bd8b874615a4142aaf1e6533da3935fd5b957cb738bbe,3a69979a0312a860d5a8ddf2d94d7169fe89570b7de2734000bc4b0954c076f4
1608,vlcsnap-2025-02-19-17h05m50s087.jpg,filename_date:2025-02-19,filename_date:2025-02-19,train,b1d8542c04ac6b3c8095155dd0413750408101e48009555f40e5b178ade91a5f,1e7b303d7aa6b5c2c649bc130139facf2fadc36d276899fdf8cadfc1e56f666f
1609,vlcsnap-2025-02-19-17h05m51s656.jpg,filename_date:2025-02-19,filename_date:2025-02-19,train,53ba2c0e068e1cdf53285d01c2970a86fde7c4608cf7684e19795dce3312b83a,de5e73f26e9b738491abc56710c46475d99a5d20ae79c97733540225509e8452
1610,vlcsnap-2025-02-19-17h06m04s020.jpg,filename_date:2025-02-19,filename_date:2025-02-19,train,284e2a3ebd34a6a3d757086f1e1968adaf56e3080d82d5d262ff345f3c5fdaf1,1ceb49f51efabb944a3bce91f39eff2b7517cfc7e7661cd54093ac7347cce19a
1611,vlcsnap-2025-02-19-17h06m11s315.jpg,filename_date:2025-02-19,filename_date:2025-02-19,train,658f25f6b9f1defed5e9e0af046b6fa5039b7c594f9fc48fb5762fa4c96b8674,1f07ed6f8ef431ca0d0690f27c0118e1687a5b0f68c2a182854a6a04950d7be2
1612,vlcsnap-2025-02-19-17h08m23s745.jpg,filename_date:2025-02-19,filename_date:2025-02-19,train,c6e2d10334fe4a14b84e7073c68736ec5811ca4654e66691a33cfb454e790c04,6252d70518309e7a18d8c28f61d071ebddd011805f3021e7a8ff36a53f246432
1613,vlcsnap-2025-02-19-17h08m28s062.jpg,filename_date:2025-02-19,filename_date:2025-02-19,train,9ec04a1392eae30336885b510801abbf1055b2886fd4b0ce9420375b45916d2a,d2e09b920df5189d48eeda7d8e2994b02726e00a5e549544e27271a04b5a049d
1614,vlcsnap-2025-02-19-17h08m39s461.jpg,filename_date:2025-02-19,filename_date:2025-02-19,train,a45951cc6cb59f4dac9406225f1f480d649ffd0e6949471f25cc2c30d351e474,c9de2ecdc839318746023dac15f16a09c19685df23532c9b922601cae0c11d64
1615,vlcsnap-2025-02-19-17h08m40s964.jpg,filename_date:2025-02-19,filename_date:2025-02-19,train,765860290f7089d8325c7e7c58c6d0084f4485d4ffd25d1052ce395560f61803,6c86f12059271aa734280e0f6b304c0c0be389c88b15031aadeab2a4343024b2
1616,vlcsnap-2025-02-19-17h08m42s915.jpg,filename_date:2025-02-19,filename_date:2025-02-19,train,32480ba0f378549c39c759451bbb7c66c96c4358e8d637fe45a5d9005ef9717f,94e9d6bd0999e0a00c7cd983c26db73e5d20a96c28399e3d34f37b75af607504
1617,vlcsnap-2025-02-19-17h08m53s830.jpg,filename_date:2025-02-19,filename_date:2025-02-19,train,8a3359f70cf57695f093f6bb220c78d6ecf81f360cc53e11e4204a5f58dc0992,be1a6de113b030713c9f49072ca230d51a441a4c591085dbea55d770953c9f34
1618,vlcsnap-2025-02-19-17h08m58s373.jpg,filename_date:2025-02-19,filename_date:2025-02-19,train,e7b2d3986018977a1eac9300d782ebfb3d687bc49a524f61b245cd562d9a8d54,794c7a0b3d5915e4612dc1d4a2e4570fd4cc0b44f91ab577a5f33d3565b7f1ca
1619,vlcsnap-2025-02-19-17h08m59s876.jpg,filename_date:2025-02-19,filename_date:2025-02-19,train,01e129527f182d2020e2c6b61d4dbb04653f8520a935e0cd6b87508a7e8b23ed,fb4d0dd6954806bd33613dd235f5a0892977c61f0d78337dee32660ea8391221
1620,vlcsnap-2025-02-19-17h09m09s086.jpg,filename_date:2025-02-19,filename_date:2025-02-19,train,4130e6214f8bf2eb43b35968fd0979fc345f1c30fc2228581d476fd2a71ba55c,986857e540597b15c6f211f63e805fa347868b21d0d9aa25d7e664e3c9122976
1621,vlcsnap-2025-02-19-17h09m12s076.jpg,filename_date:2025-02-19,filename_date:2025-02-19,train,5855b2739ff3d3add886cc2da7f69d3bb8700b6b2b37d862190a05aa664978e6,833f4a552e48c50c1343a97c80cfcde3519ea13a3b24bd6ce14c8759dad88ba5
1622,vlcsnap-2025-02-19-17h09m21s575.jpg,filename_date:2025-02-19,filename_date:2025-02-19,train,e41b0d6a8391ac4d692dec696c011dd74b8b7b2700022db1e52c5a2fbf3138f3,6c5e489393b3923203fc86de9fb0012bfefeb0cde3b6baf759f3e3838df0054d
1623,vlcsnap-2025-02-19-17h09m23s556.jpg,filename_date:2025-02-19,filename_date:2025-02-19,train,bd5bf8d446297737674effe4c842662108fd01a3212cdc912d76ab1b123960f8,f6827513bc7b13cf0dd855cb8e08f71270ad66a3d5ec91705362d8a24599b109
1624,vlcsnap-2025-02-19-17h09m25s147.jpg,filename_date:2025-02-19,filename_date:2025-02-19,train,68c1bc9db6923f4183b58da7a4cacdd1b4f7b9e82966b01832d247dbf3612d52,2d01726d10ca55963dc3b06deb51f2aa12a94ae92570728acf228669038916e6
1625,vlcsnap-2025-02-19-17h09m28s277.jpg,filename_date:2025-02-19,filename_date:2025-02-19,train,eb4ca112c7544f6cd4e9fb224812d0c2f09d9f1721d0e6e4304aeebdde1444a0,802a03ea1a863941b15d185aaaebd67eaf91fb1fae9a882269191e14bfc1c258
1626,vlcsnap-2025-02-19-17h09m29s678.jpg,filename_date:2025-02-19,filename_date:2025-02-19,train,1f39102c346a0666da07922d4a777d1e04873090e4285c91d746869e656f3e9c,d613473d8284279c85922ce0ba4038f062d620356700d27e8364cff19077a1d9
1627,vlcsnap-2025-02-19-17h09m31s964.jpg,filename_date:2025-02-19,filename_date:2025-02-19,train,b8deac87742ec467af235c009ff1b8fb26e0786c94fdcefd94ba0508d2be42f6,fbad80ea9813a86099739bf49f05039fa5b7a95ab3108961060a8dc402493fd1
1628,vlcsnap-2025-02-19-17h09m33s751.jpg,filename_date:2025-02-19,filename_date:2025-02-19,train,e0750d75bc35d218bbb6042ebdf52c5efd58fc0bcb624f2418b39998195f384d,f1b206718b2c0104364506b14c3888ac48c51b35f0536c40bbe1efcd6b60a4ce
1629,vlcsnap-2025-02-19-17h09m37s477.jpg,filename_date:2025-02-19,filename_date:2025-02-19,train,6946131aac6663f4f8fba6d6040076b472a4044f929e5a1e2776c14b69ab7bbf,88a630ec63f150e7f47d7e297fc6d0b13587b06a84043429f8e0439e261ee72a
1630,vlcsnap-2025-02-19-17h09m39s506.jpg,filename_date:2025-02-19,filename_date:2025-02-19,train,c2f5bae0465052e5fdf20364b2aaa3fa4ce42b02b11b06f2e0f743f6a08419e9,b8ff69ae26b47506ce7c231b6e2f8cfa4584ee95bb3ea7af5c7be68d00f0c46e
1631,vlcsnap-2025-02-19-17h09m41s152.jpg,filename_date:2025-02-19,filename_date:2025-02-19,train,9ca410a343b5689cce77c320d1cf518bc08219f3eb854658afa954e373283adf,796ecf67200b3623f66c6ed12f405c41fcf7bc38ecdee347e6c157fca458e5f0
1632,vlcsnap-2025-02-19-17h09m46s359.jpg,filename_date:2025-02-19,filename_date:2025-02-19,train,a132f18940a4689b098cc12fe5a09e702365cf5631e2225396ae7b73ec316126,4b9e6498f398fc9c8639996e4f7f6d99bd21725da0ce28563b5197db641b0a3c
1633,vlcsnap-2025-02-19-17h09m47s565.jpg,filename_date:2025-02-19,filename_date:2025-02-19,train,853f29a5e70236bfaf5cabb6d52ddd9597d7958b4283088c6f2157688f7c2122,c7a1b2e03ab4a679841c1f148f8b69f9a2a1ceed981b61db64c675e1fae8f6d0
1634,vlcsnap-2025-02-19-17h09m51s548.jpg,filename_date:2025-02-19,filename_date:2025-02-19,train,1fd0d6fb372ab5375ff2f2de4698648d900f2deec9ee9804c6cf0557d8f5d494,6df5021d5c4e80410e1846bb32e7e466f4ba627cbd12104dfa27e1a44ab2b37f
1635,vlcsnap-2025-02-19-17h09m54s893.jpg,filename_date:2025-02-19,filename_date:2025-02-19,train,af32632e2e2ad54c4e08dd62b11d5d16c859707953630781e857fe51d8981e52,0c5ba6ee9089531a08bd2bd3bb249a402bc3d1a5cd7e5a7e217c1bba6130a774
1636,vlcsnap-2025-02-19-17h10m02s041.jpg,filename_date:2025-02-19,filename_date:2025-02-19,train,b4ff5f571ac19a87ff465100cbfb996070212e21791ee4d0f4ab66fe1532247c,49af1e835682e955df24eba5752de3434a7bafeaa0c8161278e0c66f12c2e30e
1637,vlcsnap-2025-02-19-17h10m39s739.jpg,filename_date:2025-02-19,filename_date:2025-02-19,train,a8beff68a27d3505b3d79643a376594352508eead43f28c55de225a40b84f2a5,e5b9b4e3a348a05b396b8c18218c99dc25a05bd030d27924961a61ed0a596a45
1638,vlcsnap-2025-02-19-17h11m25s058.jpg,filename_date:2025-02-19,filename_date:2025-02-19,train,c24a9d8d8ee8c857283cd2fcf8dce01b0ccaa8ddd221618a3a5b31eb98e774ff,3b9348fd4032229a23c80e197d3cef8fc1e7f771d734c239ba67c6f7001f947a
1639,vlcsnap-2025-02-19-17h13m27s267.jpg,filename_date:2025-02-19,filename_date:2025-02-19,train,71bd32f0d66df26aefc988619254218f1ec8953d294c3952707de586035425f9,de99a933d84a2749854cfe4eea004c3774e55c75b18f299bd3c0de4c923ea0b9
1640,vlcsnap-2025-02-19-17h13m51s627.jpg,filename_date:2025-02-19,filename_date:2025-02-19,train,bbb9a4b399542e6dfc164c888acc2cd0e1d3afd67205b1ed6faa8e5d6a8a8731,899b9cdc1aa1f3d293b633364d21c369439567c6c632a48a14e1668ba480921a
1641,vlcsnap-2025-02-19-17h14m06s154.jpg,filename_date:2025-02-19,filename_date:2025-02-19,train,dda9d3a90158629f347f3ef51d42481656182e5ae230487145595fc94b61df2f,353f5022c6f9681268b370028a4378f20d7aa65b1642d3e72853cd130109617d
1642,vlcsnap-2025-02-19-17h14m07s722.jpg,filename_date:2025-02-19,filename_date:2025-02-19,train,71d35a4f5a093ad5064b819c536fe703ad2beca91fea0a08272f5e80244832be,f2814cf7d688304733832f8f032585ee4e1ecd9d9939be2efcf386d9329c57c6
1643,vlcsnap-2025-02-19-17h14m10s304.jpg,filename_date:2025-02-19,filename_date:2025-02-19,train,63253ecc43e943f810ff871393304e2c2c135fdfd298b1d5846c46814377d3fe,d1efcf43fa003857a3573878d3004e2f1dbee92b2299b8f6cb7de86cd34d2c17
1644,vlcsnap-2025-02-19-17h14m23s060.jpg,filename_date:2025-02-19,filename_date:2025-02-19,train,71c49d669da069e202339f5f7275667b5b228ec3467c2e31cda9488bd9f5a9ea,653b4380474aa2199565e0e1b4f9409486d145b991fcc8000fa7b7cc46196406
1645,vlcsnap-2025-02-19-17h14m33s249.jpg,filename_date:2025-02-19,filename_date:2025-02-19,train,15f9143550028cdb588f718c9dbae621922e522d1374bfd1e9c54e5d3415f3d4,b739c2fcf59b39164476e16e60d59724662f0e46df1d3ef7ad8c68be2b2fcb9d
1646,vlcsnap-2025-02-19-17h14m36s486.jpg,filename_date:2025-02-19,filename_date:2025-02-19,train,a5988004ed524cda3c91baca09fb13a8a674c98b14bed0b3fc52197bd543cafa,ff73899bd7603c3d2caa121d90ea7dc9534a8ec96457b157d185911520d7f572
1647,vlcsnap-2025-02-19-17h14m56s176.jpg,filename_date:2025-02-19,filename_date:2025-02-19,train,125366d29e5c66eb5847b5b6674fc1adeeed2bf262aef3768183daaa60fc6159,43639299c0aae72aa4155b4808138ecc97406619a604f1b0a190f2f387fa2af5
1648,vlcsnap-2025-02-19-17h16m03s525.jpg,filename_date:2025-02-19,filename_date:2025-02-19,train,1d9b9e314418e77b3f51d9fabf102aff0d586b12f44084396eefa8ed8c471b54,653bb7e6d26c3b2dfd211d255509cc87c6580b2bc24b5b600cb4c0fad082ace7
1649,vlcsnap-2025-02-26-20h31m00s428.jpg,filename_date:2025-02-26,filename_date:2025-02-26,test,9ab62220c96a0a05189956c071ec1e72e4f6d3cbcbd99d678fd1ea618feafd13,42f40f5a8b9884b3e078bc879644909c832ff7cc3b4b7ddc8f6d1eb75067b2ae
1650,vlcsnap-2025-02-26-20h31m07s658.jpg,filename_date:2025-02-26,filename_date:2025-02-26,test,1d1618c517bb0be2f305c8fc6572455858d18f3aeeaa951b76afdc1d91684296,6408efa97d0396d41d9a5f98c67d773393a706055aaff1f92e7f5d127f6c2cf4
1651,vlcsnap-2025-02-26-20h31m11s632.jpg,filename_date:2025-02-26,filename_date:2025-02-26,test,145bf2bdb41fdc11d74d84ec9285895ccebdd967a66d0ad18d335d9d46e80b28,d4cc663970f1b601779b8ef4f317ec5794bc90d537628c00dd1c2664698ed0af
1652,vlcsnap-2025-02-26-20h31m13s271.jpg,filename_date:2025-02-26,filename_date:2025-02-26,test,e28eda0e9194046cc080f4eb592da6daa5f01b4e531919fb0c87af2e251a4992,07120153c8e613fce115ee012065ef0eb5f08896591956538309b6bc88cce26a
1653,vlcsnap-2025-02-26-20h31m16s868.jpg,filename_date:2025-02-26,filename_date:2025-02-26,test,21b5d71057c5de884d1b7b96b48f57ac7521476a652542118f5dd4849df19145,956d6e4ee940637758e93679044a4f84932f6d300e878b481f75f30c6ac5ed9a
1654,vlcsnap-2025-02-26-20h31m18s667.jpg,filename_date:2025-02-26,filename_date:2025-02-26,test,f6691325dc727b9b96a94d6961df948eca03f1c7d923e5bdadb75964eaf86167,a323354565574c643a7d7f87b7e92fab733273dbc926b8b513da9b2d551d0029
1655,vlcsnap-2025-02-26-20h31m32s020.jpg,filename_date:2025-02-26,filename_date:2025-02-26,test,e80a2c20a9e7eb32fb22b64365237e773b6f30fe25011887eb0e6f6b47a3df1b,e631b6d00cab4725a0cfac9df4a043c30ba49ec2daa8447fb95a66446becb7b6
1656,vlcsnap-2025-02-26-20h31m33s869.jpg,filename_date:2025-02-26,filename_date:2025-02-26,test,411ec6831f65d0d32cbda3b8480ef0a401c59dcfc3df2bea47ec7253ace9c9c0,25eeccc630c8012821c3cafa0c7871a96e89c7821794752a6414dd381c72c5ef
1657,vlcsnap-2025-02-26-20h31m37s772.jpg,filename_date:2025-02-26,filename_date:2025-02-26,test,5ba0dfc9f68af03f71b4332ec2574e1e3b2ec29d0fbd10d8128e17d0ed75fd4f,d83277c71c850c18a5c99e50dfd3bcd531938d50d531c1a63fe8c83c12116568
1658,vlcsnap-2025-02-26-20h31m43s133.jpg,filename_date:2025-02-26,filename_date:2025-02-26,test,3b53917fbdb68af249cb9cf1a3776fc7ac44a3c685ddec07d66494da516264c7,aaa3d2950475d052b1496757d6fcc2cce0ac201f4fe5f03f67352e8ebeefe8db
1659,vlcsnap-2025-02-26-20h31m47s694.jpg,filename_date:2025-02-26,filename_date:2025-02-26,test,e338680c132c6edcbb8fcce0caf6ac255f8c94af726852913a0ffebc0b6740a7,efb05f7dbc9af35e79ffff016fd281c69b4326d06cc7b0dcf003b13d19a8ca1f
1660,vlcsnap-2025-02-26-20h31m51s717.jpg,filename_date:2025-02-26,filename_date:2025-02-26,test,dbc544020ba59f0f0d3755f0213a6449512e28de088963aabe93308c15beafd1,1f33d94e9939a1da223f237b95532662cdf689501642bd9ed5a9020a89bfde3c
1661,vlcsnap-2025-02-26-20h31m54s793.jpg,filename_date:2025-02-26,filename_date:2025-02-26,test,26c81f7eebd624f703f737fce56a79c97f24b7b9113e89198a946ece33da0f02,56406c87e9d423a1df12f00d6be060f08394f1d5c1baa1d534d6ec36579c63f9
1662,vlcsnap-2025-02-26-20h32m11s661.jpg,filename_date:2025-02-26,filename_date:2025-02-26,test,ab0739d093d7a6b48ed4c744a19ed0a03c23e6c5f1fc9761c2f1778894bd8d55,05f6dbad10eea40fd18fb9dfe7a1425487d3bea1e1ca7094843ff45433c7f87a
1663,vlcsnap-2025-02-26-20h32m14s903.jpg,filename_date:2025-02-26,filename_date:2025-02-26,test,47c0648b8ef056c584e7bb568313609ec755c0ecd7b5c0a331251a61852db58f,7bd98094b7272222a9e0c13730799f661479eb0b48b9aa78a771d927470114de
1664,vlcsnap-2025-02-26-20h32m17s640.jpg,filename_date:2025-02-26,filename_date:2025-02-26,test,33cc7566d3f63b9d19dd6680b0c11c0a8c354ab60f87f20816dc522690a35331,789c085714b000eba3a78a0ec143f023f60166c570189840ae495390acb77a97
1665,vlcsnap-2025-02-26-20h32m19s876.jpg,filename_date:2025-02-26,filename_date:2025-02-26,test,1e5bb1251b9a4abd92db19987bc6551f2c58e38518a18e65e2bbffbdd0a95e47,d0ff65f127e14c615a218a1903db4ef1ac569eb30b3c93407f969faddb45a8e0
1666,vlcsnap-2025-02-26-20h32m21s935.jpg,filename_date:2025-02-26,filename_date:2025-02-26,test,6840c6bd1e6ba404052415ef4a3a888416855d3d8271df08ff537f02098b0f42,728b48088fa89310eeffe2e0139e81cfc698aab9bfd354221beae88227b9e815
1667,vlcsnap-2025-02-26-20h32m24s691.jpg,filename_date:2025-02-26,filename_date:2025-02-26,test,e263658a266679ba630c725c65e00ef9d350d4708baec62e7ab3755ac062a182,b7c11a7676b3085925dd9602a7dfab235a8b14a0013dc5586cf85fd4435dbe78
1668,vlcsnap-2025-02-26-20h32m26s663.jpg,filename_date:2025-02-26,filename_date:2025-02-26,test,0fbc7b4d9d42f632e33a65efbb78c689fabfb18743937c0f0989fc32fcfaa186,ab6b3ef33b1859ec5ace51c21c7f7f61484201766ed436e4320b1c6dbb29e8ee
1669,vlcsnap-2025-02-26-20h32m29s598.jpg,filename_date:2025-02-26,filename_date:2025-02-26,test,7930e69708ec5c4018531f385102ab961e3098c625de0ed40a07f4fdd9924bf4,be9c14f640bf871c7af84c669bc71936c73ff87e3415ac699c34280a2d5c2c53
1670,vlcsnap-2025-02-26-20h32m38s884.jpg,filename_date:2025-02-26,filename_date:2025-02-26,test,c9d054001b126930dfb8acd02316da43eea441652bcccc213dc93ff01d92e48f,9932a36f84a108c979fb8d5a51c604f64ccd8bc3c32d842fac164ec1c70032e6
1671,vlcsnap-2025-02-26-20h32m41s286.jpg,filename_date:2025-02-26,filename_date:2025-02-26,test,aa8280f699c3c7f101001fb3ca8d58f613e0cb2356e81811e444c7caa2a7c27c,ea2bc46703c282b7d2ee492a593a40c06e2c793ebc6d51e94eea5b57f7ee60fd
1672,vlcsnap-2025-02-26-20h32m44s363.jpg,filename_date:2025-02-26,filename_date:2025-02-26,test,2470b1fdbacd3894328e6d175e3bd1c65ce43d6b3d58d51ac0b80d2c3b4c194b,68384d05214b32a64b63baea256a61ec25974dbe7ae86095df2998d56a682b4a
1673,vlcsnap-2025-02-26-20h32m47s212.jpg,filename_date:2025-02-26,filename_date:2025-02-26,test,6d555eaaf0771f7fced02fd79271cd2877f19859263be852e71dd053aaf8eee8,bb8c6491b71c3f17b1c99488e26beb249928208aceb6140a9fe2f05b6483d21b
1674,vlcsnap-2025-02-26-20h32m50s120.jpg,filename_date:2025-02-26,filename_date:2025-02-26,test,12955ad54b675c87cedb499cd56bb7d0dd240619268cc298b339736fd224faf9,37c97e3ec898252d61dda95477f29dd1edb2a4bb0917650d7ab73ab81de94efc
1675,vlcsnap-2025-02-26-20h32m51s983.jpg,filename_date:2025-02-26,filename_date:2025-02-26,test,4aa1511086d2352051e668e1094284773d032f1a11d0dd16307f374f6d293d71,eb1662022d353b7c256771112a53db51a4988053c7b403b04332272429b1dff3
1676,vlcsnap-2025-02-26-20h32m55s236.jpg,filename_date:2025-02-26,filename_date:2025-02-26,test,2bfd380497f0fe6c941aa5dcd55fa59fb547afb7c99b21190b2155c3e5b76175,21ecad61f85a862de29ca192845d6a4e9faae45eacdcd4531304645a0c8d89d1
1677,vlcsnap-2025-02-26-20h32m58s106.jpg,filename_date:2025-02-26,filename_date:2025-02-26,test,ce200140533e1c65348f736accf1590c3da7e80d19e6639984d86951eff6dfa6,d8b8a00e348b304f5273be5e7efcf198add5c6ce3c7bb3c8e12240373f39bb13
1678,vlcsnap-2025-02-26-20h33m00s442.jpg,filename_date:2025-02-26,filename_date:2025-02-26,test,1a45b8cc56a32ada1ccb06d4d95c8bcad98b3b2b96093c093a04911220a7722b,02aef6ce1fb09c0f8c8251df31faab982d558c417378a1d462590d05b21cf60d
1679,vlcsnap-2025-02-26-20h33m02s336.jpg,filename_date:2025-02-26,filename_date:2025-02-26,test,239947ee24a2ba71fcdf2db8f82773df2c12b13f1ca89daee36e433fce322703,d70ec0605339ba087e5994373f6460452e88b9dd76983ad3007dcc5b90104cf9
1680,vlcsnap-2025-02-26-20h33m04s400.jpg,filename_date:2025-02-26,filename_date:2025-02-26,test,908289c1756fc402bc671e80d8605543bd779a4e86c8254501cb7f3e6fd4414b,fc082ff0b8aedc9a8a238de98e755cb268d889b8c2ad121ec9d8fb0edec7a336
1681,vlcsnap-2025-02-26-20h33m06s406.jpg,filename_date:2025-02-26,filename_date:2025-02-26,test,b7e391a8ffd1c8c3263796d18c8c8127ee8d086970d746c8f70a0440e5e5a8ee,14469a878378cd8a60fc3f7b47e0b16a6af1a4469d6dff70280ba59d3e782828
1682,vlcsnap-2025-02-26-20h33m08s413.jpg,filename_date:2025-02-26,filename_date:2025-02-26,test,b8f116a82b6d18ecab98a52e18e7c621238d25ebe0e7207d1b199d2b178201ac,77d6f21dfef8fd872e3616c1a66aef90aff70c5df747c65ef216373bdcf6f18e
1683,vlcsnap-2025-02-26-20h33m10s512.jpg,filename_date:2025-02-26,filename_date:2025-02-26,test,141cf34cbd1a0f1a947a2ed6b318f98687a085c5c92c10a9f9ba115a0309a6e8,8aed4835acb5971469da3a18520e29ee63108a66a818a31c9ba907ac2b561370
1684,vlcsnap-2025-02-26-20h33m12s561.jpg,filename_date:2025-02-26,filename_date:2025-02-26,test,14e33e36c9d724f70d9a3ffa64a9691385184d87e8daf2337f38fce2038db9ad,cac8749fd86057076e5443c3dc819a5812db0e35ac3964e7000daa128b145b49
1685,vlcsnap-2025-02-26-20h33m16s337.jpg,filename_date:2025-02-26,filename_date:2025-02-26,test,e696f8ac1428f1daf05a994633cde1b8932a316c36dacd9fae07688cd5bc44b5,4b969f90768a32bc60abf4c8aae0d7c94040f2e4344834481e71f0f910819797
1686,vlcsnap-2025-02-26-20h33m18s491.jpg,filename_date:2025-02-26,filename_date:2025-02-26,test,77891e3f1140328045d4b073d6c7af4fb756fce134e4d05546a614194c52cfab,312055e11fcaed3c98516b40a49d0a068fb70fa207ad39bf978c6f520324940a
1687,vlcsnap-2025-02-26-20h33m21s359.jpg,filename_date:2025-02-26,filename_date:2025-02-26,test,b8da38a5646cee6b2fcee9368265bf4c991f5abccd798e5c96b3ec2f7692ef8e,b4d886bbfc08b9d06f6bb02723fe42f6c1da3675654c52c093be08fd3d6121bd
1688,vlcsnap-2025-02-26-20h33m23s476.jpg,filename_date:2025-02-26,filename_date:2025-02-26,test,d28c56be1afe6f1bb2a5573736f8d5f55b57e7f84effe355d2fe1f4ecaa709da,9a51cff7af8384625d37f10336563d642b5987aa96f774fa9554097bc3a26694
1689,vlcsnap-2025-02-26-20h33m27s497.jpg,filename_date:2025-02-26,filename_date:2025-02-26,test,6c9c005692bd8c2eb1356f04a684b996c213516786661bdedbdfd3ababe8649d,e599a2f5a606fa5a96efb370773333e373a8386320d8e95f6f0d4d095424247f
1690,vlcsnap-2025-02-26-20h33m29s638.jpg,filename_date:2025-02-26,filename_date:2025-02-26,test,c1702515fcba4a653c431578d0bf7c6aacdcdc01b9ce10efb84be033bcf94feb,2f1d1df13b922e10e9bea650595b9f7f841e7373ade2257acc4ee8d1b8e485d0
1691,vlcsnap-2025-02-26-20h33m31s511.jpg,filename_date:2025-02-26,filename_date:2025-02-26,test,6296f6dc30e347102196c202334414becc8e8dd9aba534ef596b9bcc716109cd,959c46b5c70f0b3c8ed41737c1e6cfecd8ff6e0e4f76f6e63a64ca2cbe9e986f
1692,vlcsnap-2025-02-26-20h33m33s874.jpg,filename_date:2025-02-26,filename_date:2025-02-26,test,3b73316f460771cb85dd8024e7a467626766d20411e378343a986840ea389b45,6f11e80231fa0b025def413fc48330d809d44e246005237a7dfb4f0a35154752
1693,vlcsnap-2025-02-26-20h33m36s027.jpg,filename_date:2025-02-26,filename_date:2025-02-26,test,6c6163ceed4afd5b2bff7c36814859a1ec58979fafe1310af5d3b26b28fc69a9,7b078c85826a2709a6cd9874971682471b5342ff7c1f11bbf6f08c4986e26ada
1694,vlcsnap-2025-02-26-20h33m40s615.jpg,filename_date:2025-02-26,filename_date:2025-02-26,test,5b0de7403af634c6d22a90411d578636d237d1af52243db7fe46f1aca98ebd7a,24db82123aed680ee8bda505a57de67cfb1b63257f747d88c9719445e99a238a
1695,vlcsnap-2025-02-26-20h33m43s194.jpg,filename_date:2025-02-26,filename_date:2025-02-26,test,b2c05592ed43dcd49900f42bffb6298bd7693e6da3cf0da15f5b4df543261b45,863fc560ad6c3e14e4c768b3ed05ed40609b808a2975bea6964e683d132305b9
1696,vlcsnap-2025-02-26-20h33m45s025.jpg,filename_date:2025-02-26,filename_date:2025-02-26,test,a94739d2e6222c462a289120bf62b6fb367f2d0c97f102f57f70a478b6c1cc22,5a983324e6e48cca22dfe07ff89e0f44a869812abeaa27dae3954ce6cdd779c1
1697,vlcsnap-2025-02-26-20h33m46s963.jpg,filename_date:2025-02-26,filename_date:2025-02-26,test,bcc6423f6ff2043f1e9e54b90fc740710058db96d13ae79ca3f896f6ea79421f,4542871ac4d086daa9d982857a42c9810238eaa52330e45e04a0ec872173a41c
1698,vlcsnap-2025-02-26-20h33m48s935.jpg,filename_date:2025-02-26,filename_date:2025-02-26,test,ca454fb2cc9724f8beb227d81ba848ccba42204f3a0a7db6e8832f5e92793fae,4ff03d7fb154f2acf70735ea6dcc721cea4aa897e94f6ad203c78714ed3165ae
1699,vlcsnap-2025-02-26-20h33m53s519.jpg,filename_date:2025-02-26,filename_date:2025-02-26,test,1432fd5c973c3a738f6fb7be9be9754ce51da284fd3d71c5e111790abd4e4ad4,b6267ff20a4c27d23a6d560ebb16d7b683e8ce91a8aa64a2a7db0338734498ea
1700,vlcsnap-2025-02-26-20h33m55s986.jpg,filename_date:2025-02-26,filename_date:2025-02-26,test,02ab2e0f3772e4ffec21d0025bbb850b64175af447edc6ed84e1a0885a17c6b1,1f175c81e3617db2f7b059fb4b193aec23533e5a97e3080024bc3daa133752e2
1701,vlcsnap-2025-02-26-20h33m59s062.jpg,filename_date:2025-02-26,filename_date:2025-02-26,test,609f6168ed7cd49675b0232f9f5f68d62425ae3a66a22b2fe7895e9b67f4ccea,7fb7353ac2dd5ce338e58a32b2b12e6ba99358feed7346259f40a26dd14b5234
1702,vlcsnap-2025-02-26-20h34m00s633.jpg,filename_date:2025-02-26,filename_date:2025-02-26,test,00e896d02d7afc1c1d12a7566c1647913acdd5dd6df5e0bdd1ad0e2d8894a3c4,4e10c38ed7e27d04b0b86db25954e355926646602fab653fb3d48891124811b8
1703,vlcsnap-2025-02-26-20h34m02s702.jpg,filename_date:2025-02-26,filename_date:2025-02-26,test,85e0a2177c39f7c493c4dd31ae003a9f20d0d78f038226c0f11bdb15a47d35b5,d1f6e1efd652fc0dda0442902a664470270eeb9dfca2aedc99450a64245d2533
1704,vlcsnap-2025-02-26-20h34m04s882.jpg,filename_date:2025-02-26,filename_date:2025-02-26,test,0ae3f219df32b1ca2ead71685246d8619465884c28111bcb7166b1404e7c80ab,c65fa920cc45aba6613c84bb2d1083f6ad862fff82d5cbe01a3c87b712c3637e
1705,vlcsnap-2025-02-26-20h34m08s778.jpg,filename_date:2025-02-26,filename_date:2025-02-26,test,5736c382e45e4977a8c79fe59f96250639e17cbf820c9aa736b3bc2baa00dab9,a77abfa2c77fd1d4af7ad556206eab441b11b127b91bfcd25a2e5222624325c6
1706,vlcsnap-2025-02-26-20h34m12s466.jpg,filename_date:2025-02-26,filename_date:2025-02-26,test,7b941328d9c6d0f487a75e2f67c086584c9cd5fa6f6b8bb0f38de58f48390501,7f9e5d6e0337810856416b705d65f92955219de61bcec7afff62a048dc0a95ca
1707,vlcsnap-2025-02-26-20h34m14s320.jpg,filename_date:2025-02-26,filename_date:2025-02-26,test,6744d27806b364c44ac88e49f5e60bfc767e2920281f60ea24e3b07b0689cf5d,cebaaf317bb6f6f5161a07f9e061288cc790626728859294996ee3097197266b
1708,vlcsnap-2025-02-26-20h34m16s084.jpg,filename_date:2025-02-26,filename_date:2025-02-26,test,f9e487eada1d5ee1d539ed3070c8e0b17e47817a61a7570a6783bb71a69d8536,c076a725dc29699620c7c1b063bf8100102476a7f29d2cdf80b41fe1117058aa
1709,vlcsnap-2025-02-26-20h34m17s883.jpg,filename_date:2025-02-26,filename_date:2025-02-26,test,ed3b024aa503953937caedc48baa0303a48883decb1945a435be8481756e1b2c,f4945143fe8530a2b6735a8272605dbf1667ca0eca716dec220bc2c9f0809e60
1710,vlcsnap-2025-02-26-20h34m19s554.jpg,filename_date:2025-02-26,filename_date:2025-02-26,test,5179a91438fa31d2049fc0ef723af5ee6c4a4e8e6a15ba91aa3bb52beb121a82,06d607426ee017a9d156c373eebdae402af7aca3a54d660a6f80de3d8fae68dd
1711,vlcsnap-2025-02-26-20h34m21s541.jpg,filename_date:2025-02-26,filename_date:2025-02-26,test,137b037f533a11d535fece236452407ff9e0cd5f192d9276e160fcd4b9ea355d,7925c608dc3d9586e84271395f05fb348b57d0b67e287f473f9a46cb1b57cb32
1712,vlcsnap-2025-02-26-20h34m22s994.jpg,filename_date:2025-02-26,filename_date:2025-02-26,test,0c37d4c13e2d517de5d34d67b92d6a2afad71ab2cddd270fb8cb2f4364417598,ef13b2be4d03336e44d629219829409b5ef96a783ff448f151c91d53bf1d61ff
1713,vlcsnap-2025-02-26-20h34m24s522.jpg,filename_date:2025-02-26,filename_date:2025-02-26,test,534fa20346cd0d4c767ebfee4b6f6f1a6da825f0efe27ea083322221e1dbd7eb,f8651cc8107e3ff49ae5dad3343a5038c71ced0ad05bb4210bf1af229f8b3302
1714,vlcsnap-2025-02-26-20h34m26s807.jpg,filename_date:2025-02-26,filename_date:2025-02-26,test,ec5b3bb20f09a5477ac4676417597df3b2ec45ff04d9cff27bc11726c5238e7d,0493209593005696afbd04bd340fe9a172678a944c90f83eca2ee9587eea8db0
1715,vlcsnap-2025-02-26-20h34m28s085.jpg,filename_date:2025-02-26,filename_date:2025-02-26,test,b4fa7d66504405c30ea28d54db71cf12bb17081dc3cf6955af0e5f34dc0be6cf,c9022853a8adadbada26e0a075b279c996129cb7207c3e6f5dfbcc0e27151ba2
1716,vlcsnap-2025-02-26-20h34m33s099.jpg,filename_date:2025-02-26,filename_date:2025-02-26,test,dc48236c4907852a175727d1067f48bb6b7bd2a4863a7663ed58db2abb618b0e,b1e3eb27443ec78f662ea3b63601efb6c1851bc7511a830cd241ed6c18488d05
1717,vlcsnap-2025-02-26-20h34m36s821.jpg,filename_date:2025-02-26,filename_date:2025-02-26,test,c0a4883f34c0cd103d91864c5e9ff792042f2b43af214c4fee0d2efcd448d865,1970a6fdd79882c4d1b0b99d93c82df0c410b536d5590856ad1e6130cf1c9f49
1718,vlcsnap-2025-02-26-20h34m38s606.jpg,filename_date:2025-02-26,filename_date:2025-02-26,test,c722502da578051e96dfe3de4b26c2771b8b20f34c75a2fdf04f1e4a7279a837,108d8d0e839da17a52f8c181dfe2d1d50b818529e9c78efb78a8a3136f634264
1719,vlcsnap-2025-02-26-20h34m42s321.jpg,filename_date:2025-02-26,filename_date:2025-02-26,test,3b7a9a41f3e0bcca43d0cadf97564886969bc62f838d3bb477cac30aefc9743a,bb19612e5ed8eb598905ec578b42e38a5df803bfe94dc30d31b14065b21049a3
1720,vlcsnap-2025-02-26-20h34m49s154.jpg,filename_date:2025-02-26,filename_date:2025-02-26,test,63312a27d846fe72bcc6f3a48cc58370d9e5560a442e48f2cf6bd14cc451aa70,fc29dfa71259e5a2199e65a93128ea91d19e36413031c2f87273c56043d392fc
1721,vlcsnap-2025-02-26-20h34m50s947.jpg,filename_date:2025-02-26,filename_date:2025-02-26,test,d1bed720e8974be1ff20df6d68107b654719f7eb95b483b0f98f7b0b815dfb14,c02fa97d321c752abefd38363cb1d4ab4f1275e541b5a94441a436fad5735a39
1722,vlcsnap-2025-02-26-20h34m52s238.jpg,filename_date:2025-02-26,filename_date:2025-02-26,test,a75d644ea340a1a48583279edf95aa3829e144a015ad8c7b4dabb34aaed5baab,08d26c5efa16620c5f83c6101091a8de174f62722cd074b0b0956fd96d3902f1
1723,vlcsnap-2025-02-26-20h34m58s350.jpg,filename_date:2025-02-26,filename_date:2025-02-26,test,7b195665af15fae9c3cc04ff0fd56cde2d52c1c392b927b611c046ea6c842796,40166ace65b829211afa7474b7161ca947e2ab52bced5ff5078786d879514416
1724,vlcsnap-2025-02-26-20h35m00s383.jpg,filename_date:2025-02-26,filename_date:2025-02-26,test,e6e2e80b51ebd85eef9bd40493ac784d303c7354134d633d981cf97293953cf6,b5dee3a685bef7ef82acf9ec6072d154ce724793a903c92002a8b022927b4711
1725,vlcsnap-2025-02-26-20h35m02s348.jpg,filename_date:2025-02-26,filename_date:2025-02-26,test,a844210b1712952c872083b4b57f08c3c8d3be7380adcd6ad1a7446d8945a7ac,4f656400316bc4a0ff2b5b5317de3a3dcc06b3d9c8a45f73169068b10495b1c2
1726,vlcsnap-2025-02-26-20h35m04s036.jpg,filename_date:2025-02-26,filename_date:2025-02-26,test,91034edc5ce2de78ee2fb72b13bf2522fa37412d8bba43ea8b307f07973d3d5f,5ad28ce170669bc52fa4bdd0edcba11312599192f39db48150a82e4f58f19356
1727,vlcsnap-2025-02-26-20h35m06s001.jpg,filename_date:2025-02-26,filename_date:2025-02-26,test,9b9d89a8c160014ebfc1a7330498c4d7d8d0483c36151991ff238e8ae77468d7,e065e465f5f54c3f2026300049b0aef1e9b3581ab57e38d454939b08c38eebe5
1728,vlcsnap-2025-02-26-20h35m08s732.jpg,filename_date:2025-02-26,filename_date:2025-02-26,test,11c4f1e7a009645f365e4375e4f8f1e2aad05c220fb84df3cf5c1d2851ec01ca,65f00aadf6bb46505c4ebaa1d48122f30c73a1cc8a6760aa5d65a70614362038
1729,vlcsnap-2025-02-26-20h35m10s274.jpg,filename_date:2025-02-26,filename_date:2025-02-26,test,2b0ebf230fddecf89c27c674a0bd7ac2c98f9c959a2cdd35a15370ce879a8583,6046fbb4db61774072a8d22dfe92a4d5ec977adb9a49f9dbbf414860006920de
1730,vlcsnap-2025-02-26-20h35m11s448.jpg,filename_date:2025-02-26,filename_date:2025-02-26,test,8026d782d89565f92aba32aaeaed3355090848adea700a492d3b92f58c338e4b,adc976bb34ee767045c31e2a144a3dd9991cf3b0d479581110d5a96dc4e241b4
1731,vlcsnap-2025-02-26-20h35m13s989.jpg,filename_date:2025-02-26,filename_date:2025-02-26,test,a2db75ef4d733abc6637cefde99c8b15b81668180dfe6ea2534f1c008bd3e8b3,ff27cefe8e2c7d4c84d600228b90b4ddcf78d129b9a7956cd009c61c617865a4
1732,vlcsnap-2025-02-26-20h35m16s086.jpg,filename_date:2025-02-26,filename_date:2025-02-26,test,ec831881dae74c136319af87797c1497f326afd628e3628b731bf5b63d6fe552,c858187a760f796828c47172a3eb5483b3fefb43115e58767cd565dd962c5256
1733,vlcsnap-2025-02-26-20h35m17s573.jpg,filename_date:2025-02-26,filename_date:2025-02-26,test,14bb20b6ac5ed40f9fa19a397377f9e918178d8cdbec769b5cc5fdae33ea531d,3a9fa877490ca8a867708e92239cd3e1e5d8142b1e56b3f4ee7ceb118ce52ecb
1734,vlcsnap-2025-02-26-20h35m19s621.jpg,filename_date:2025-02-26,filename_date:2025-02-26,test,17744abafff238a5068247553ef436430e95ef0751b76758ffb31f5f2866e7b3,3fbcaba0667352f64a5f5ca15c3addc42c22dd455b3db9d22ec047ba0dc7d987
1735,vlcsnap-2025-02-26-20h35m20s918.jpg,filename_date:2025-02-26,filename_date:2025-02-26,test,4eb1c5de9e9c66c46580b67df82077105971bd481671bff316cbc340fd2d65f2,9a8ecfbefb403c6e596bb9309f62ab7282055b073f88151b2daa4e72c5ebd41c
1736,vlcsnap-2025-02-26-20h35m22s372.jpg,filename_date:2025-02-26,filename_date:2025-02-26,test,32eca15e55f340d7d8169a90148c9652f1b49071f0ce9f079339464fc5b122f6,1044e75f80a5938a0aaf4fa466021712c1eb843cfb763065040a69d471cdb430
1737,vlcsnap-2025-02-26-20h35m23s844.jpg,filename_date:2025-02-26,filename_date:2025-02-26,test,36d422a584bf6f550d200afe7129e8710202e2f24e7152fd8e0ecf9089f6206b,6e1532ccc21fd7b98ac8d91b37102b649e2023dee9037062417ba3dc88c60050
1738,vlcsnap-2025-02-26-20h35m25s328.jpg,filename_date:2025-02-26,filename_date:2025-02-26,test,7bcad4e54dea1582b78a3f3c9dbccec5b7fbb73b5fbc2b95f76365af9785b8cd,5c31cac2469547dc9c4cedf2a699d3f6337f3c63ec3cf146a49d594828de0367
1739,vlcsnap-2025-02-26-20h35m26s907.jpg,filename_date:2025-02-26,filename_date:2025-02-26,test,15132d8a757962b90a52591344b8f542e164fc219a9b1802255208700beb214a,8ed67bf08bcb5f4f11a37dbf62e132ba121851f1c8bce5129baeaf114a92ff8b
1740,vlcsnap-2025-02-26-20h35m28s712.jpg,filename_date:2025-02-26,filename_date:2025-02-26,test,01221e66cf2a5a832d82d9660480a3278120d306482edab78b2729192f99045c,6ade4219c7e4fb4b3aa527c57b97350f76b3795b6368d14d654b95d7ccc6b74c
1741,vlcsnap-2025-02-26-20h35m31s123.jpg,filename_date:2025-02-26,filename_date:2025-02-26,test,0afb7e011452fc3a68a50e0b995e017df1ec822d80615b9bd8850b0deafc3b12,133fec044f503f2b2d9769a7ca028eedf6fb3b43419ee6f197258da304390f96
1742,vlcsnap-2025-02-26-20h35m33s377.jpg,filename_date:2025-02-26,filename_date:2025-02-26,test,5a6b87abc19e1e06b1af54ce22a343b3c58ac6cbf114a1561021b861920cec53,eca82b1f0e702679205f6b5098a878553fa2cf0147829f056bfec07a6c1081f3
1743,vlcsnap-2025-02-26-20h35m35s060.jpg,filename_date:2025-02-26,filename_date:2025-02-26,test,71683f9518205de3a5e52b6b6788ed2de05fc558279e6fe18033d7df64c3b845,1b453dc83f0baac54b2edd977aa2f5aee5bcc8d4692cbe0e7e556cfa1ee650a9
1744,vlcsnap-2025-02-26-20h35m37s990.jpg,filename_date:2025-02-26,filename_date:2025-02-26,test,6b2816cf3cef39cbbba049723723165563bec314c8a0e31982cd1154c427df5e,1dd434a86e92c881ffbb4384144e7d87a2cfb2f72e45133e9f0284db97416567
1745,vlcsnap-2025-02-26-20h35m40s539.jpg,filename_date:2025-02-26,filename_date:2025-02-26,test,15d388efbc6cb3c0e9fe8d0611b5fc6ce474260a4b851153d49e7db42685abfb,2b3ed77f4431bd6869dca815a7fb23381a2a3744eed639368807c3c2ef418d55
1746,vlcsnap-2025-02-26-20h35m42s760.jpg,filename_date:2025-02-26,filename_date:2025-02-26,test,d4fe6e6380264d660300dbb8b1d69eabb9ce20e4c96e18b073282e9571363a86,131c14271195a72aae3c4d786e52e15b27eef1c05b26b1c1b1eefa60515d82a0
1747,vlcsnap-2025-02-26-20h36m00s346.jpg,filename_date:2025-02-26,filename_date:2025-02-26,test,1539086b09721b30642c5215d154fbd0de1322349fed313965905c45272e6590,d9e4d14e86b08e31e1e99dc06109772db0b8187489b562534be0e32db1c8b76a
1748,vlcsnap-2025-02-26-20h36m06s513.jpg,filename_date:2025-02-26,filename_date:2025-02-26,test,3502f25a4bc5f087484a1abe1ed1f5109cacd11b53dd29a5142d03f1de114e60,fa3d16555d3b2699a940f85d6af19b3f22002d35031c7addc535a589b84a8074
1749,vlcsnap-2025-02-26-20h36m07s853.jpg,filename_date:2025-02-26,filename_date:2025-02-26,test,83242dc0da30ab6a1165b028248162fa0f9990a4db648aaafc328fc8014c4319,54a2dc49c8693379d173da4491fbe99abc77d01ae46d403bdb24674da0a9e14b
1750,vlcsnap-2025-02-26-20h36m09s289.jpg,filename_date:2025-02-26,filename_date:2025-02-26,test,4d50e4731645a2e0bc888113921fe7edec691afd42d1a5700fcf858172476ba6,3e7b53d610d3b8086bff212c273b723905b3e4caca5475ef4de05006a11d412d
1751,vlcsnap-2025-02-26-20h36m10s957.jpg,filename_date:2025-02-26,filename_date:2025-02-26,test,da00f02fc4ec786e94dfac4c5c2ec990c88f84ebf27322ba67b8e2749451bce5,9e97820d6912b9794bdb6db6b1ef0f36c0e7c8b8b5591040b1bb5b3a00b9c76a
1752,vlcsnap-2025-02-26-20h36m12s955.jpg,filename_date:2025-02-26,filename_date:2025-02-26,test,8292a55721d9f4b369e2ae87fa7e7564b78ae274b1969765ebaa3b350b8327f8,ba6a211b79d721902e5df7d9aa253735b715b2073bba068d75217f0d5871d3ac
1753,vlcsnap-2025-02-26-20h36m14s240.jpg,filename_date:2025-02-26,filename_date:2025-02-26,test,709b6c1685e63d7b22abd944062703b99e6a182974774585667cc8809b24e8eb,6b12748a4abb49b0ca3e2193ee3be780ea6347d64d0eccf19a11c439d3d7366c
1754,vlcsnap-2025-02-26-20h36m16s207.jpg,filename_date:2025-02-26,filename_date:2025-02-26,test,51e089ba4a69b8b6503f99645c6ae952fd7a94fabe62ee8f383f20d271766967,902338a621c4093ee6801c0d1d8d9d38e03aab8ab6eca6f69f26d755794e5bdf
1755,vlcsnap-2025-02-26-20h36m18s101.jpg,filename_date:2025-02-26,filename_date:2025-02-26,test,fc8e5495c888d3b7cdfeb26a06e5c7cb04647e6d93e7ff77a7d2ca446c9ecd21,dbac52f734303402031a6190a96e915d8c7818f4f6871b09f2bacebada49b699
1756,vlcsnap-2025-02-26-20h36m19s818.jpg,filename_date:2025-02-26,filename_date:2025-02-26,test,e529e5616c045091596a4f2feeea0d35114f7218972d06a4ffb29ff4502d1ee9,7d37d6d69a0c9ec30e95e439e2464643700bd95832f027f39f9258f737a232ad
1757,vlcsnap-2025-02-26-20h36m21s506.jpg,filename_date:2025-02-26,filename_date:2025-02-26,test,0cb3ab85c16e824e6cdf21763c339c44d8952cf9fc41b9d5ab3190cb26c9fd24,b0edc35454b948c52ffbc74a54949ff8b980c2ba34bfa63dcf8b0506c2f5c842
1758,vlcsnap-2025-02-26-20h36m23s152.jpg,filename_date:2025-02-26,filename_date:2025-02-26,test,453b20d83d9202f2234f3fec37efbef0431ebc85317b50681815d3b081b36a02,48c6d432cdcdfd19889d4143720c96848cf5aa6ca4b2ec3e40bbb9552be26c95
1759,vlcsnap-2025-02-26-20h36m25s381.jpg,filename_date:2025-02-26,filename_date:2025-02-26,test,9db557aadcf5b6043550a6fdfb731dff740f30bf059e939004959d4e61d72763,f3e6c196a01735b5ff5426e434d88d4bcef0a975da615d39ece4614bf39efb22
1760,vlcsnap-2025-02-26-20h36m26s812.jpg,filename_date:2025-02-26,filename_date:2025-02-26,test,8ff249bdc73f53bf6a34713e2ef4d36f09272be640b75ca26f2869c6dd3becf1,162dfdabf4da50b35400d4be90d832ee12562ba29929f56b8d3e9891c621cd71
1761,vlcsnap-2025-02-26-20h36m28s416.jpg,filename_date:2025-02-26,filename_date:2025-02-26,test,88ab3910b7d30c2b7ed855ec8cb79ec29cd7c638b1b3300463f70c00e7998c37,a9e95239e7ee5b16c4b6c054d55251a353cc09ec3242137c93f18b762493784d
1762,vlcsnap-2025-02-26-20h36m30s062.jpg,filename_date:2025-02-26,filename_date:2025-02-26,test,04cfa1b899c5217cfc2b4c50a243d902800a684e1e710ccb62f30206c2d1fe74,4ff5c116ed3f44678f4011127a9ddd63fb19391ce841a08062cbe36348bcaa2f
1763,vlcsnap-2025-02-26-20h36m32s632.jpg,filename_date:2025-02-26,filename_date:2025-02-26,test,8fd4f4df4e75c8d0a1ed6f67a6f3f453489084a006b1261b4b69a1961ff4476a,147a256a9bd5107d01fb22f0a9689a9a613914cc2724518580e146043cc261b6
1764,vlcsnap-2025-02-26-20h36m36s088.jpg,filename_date:2025-02-26,filename_date:2025-02-26,test,35699d1ddbb21a2507047d93dfebe0393b7c9106df47eeb2e03664866e21b93a,1e19f4aa72cad15a74084b2062a4f0add8f01115e969cfd16ead9f58a2274e40
1765,vlcsnap-2025-02-26-20h36m39s333.jpg,filename_date:2025-02-26,filename_date:2025-02-26,test,75099e88d296b01ca9218c2b65de492366da25094de5d17c91a272a5d79f4974,6add82a931b78b4e6a8ed9ffc68a33276d602dda129fba0440f0485b2703861d
1766,vlcsnap-2025-02-26-20h36m41s285.jpg,filename_date:2025-02-26,filename_date:2025-02-26,test,53596e3632c254d70fcbeba7a3e06f8784a60b87986a23f5423075e0364f7ef1,2762bbd1d8406473524db0d6249697fcf8c99916f44c1c771a8e1ae14357bac4
1767,vlcsnap-2025-02-26-20h36m51s945.jpg,filename_date:2025-02-26,filename_date:2025-02-26,test,c6a0187ece48c42127f45334f4c5bea79a87783cba61cb03e28e6cdec574f69a,920b4004059e93a5f8b2439986162cc8fb2ddaf08b74df864beb2ccad219217b
1768,vlcsnap-2025-02-26-20h36m55s008.jpg,filename_date:2025-02-26,filename_date:2025-02-26,test,58b024565ced9b2f78e5c3facc46a4c1c99131071b8e6a0d53f47a93990c518c,8e0220db2a55927aae3af0efb6172e894616fc4cd05a8c01311a9008f2226f76
1769,vlcsnap-2025-02-26-20h36m58s355.jpg,filename_date:2025-02-26,filename_date:2025-02-26,test,44be5f6d23a127a5b1f8d823fe08a27d27adbb5e2057d2ce022019f377538b10,b64c8aa6b1d6fb4c79cfe960227ca544541721e3d98f20af79b012b46a194938
1770,vlcsnap-2025-02-26-20h37m01s800.jpg,filename_date:2025-02-26,filename_date:2025-02-26,test,4db07ac862af5afcff2bf44a770d9cd31a4f78c10f3afb8bf37c7833f58604d6,2eb6f90318c366940f3d1927ec98437fafa4cb17c164629cfc46ef3c55ea38ff
1771,vlcsnap-2025-02-26-20h37m03s369.jpg,filename_date:2025-02-26,filename_date:2025-02-26,test,2c2138da54875af7e899a9326cdab3d90ea38bee01a7b3ecf2312b1a4643d3cb,d8728fe63c55115e48b5e1d9c276dbf777601652aa585c768a9b4ce62b77b930
1772,vlcsnap-2025-02-26-20h37m05s314.jpg,filename_date:2025-02-26,filename_date:2025-02-26,test,b396b28986085fd91593832595ad732edcae8ba961f93849184e89906b88779f,97687c6b90df28ef5a3eb06c4133145eafa01cb40053958b36a17ef15fb2f0cf
1773,vlcsnap-2025-02-26-20h37m07s298.jpg,filename_date:2025-02-26,filename_date:2025-02-26,test,779b4984a67c7f6739d394602be24396c2d8c79c0f48185f35d325671828a5b8,bf6ee3cb71be5565c9edc96d45249fc742b3a201a2fee4a003b9e748eb3005da
1774,vlcsnap-2025-02-26-20h37m09s113.jpg,filename_date:2025-02-26,filename_date:2025-02-26,test,b6f775ffce84d37ff69dc94f8deee24b496c7806a8adffb274d5a6cfb3bf5ca1,31b605614c83079a2cb5e38393e30a062511839eaa5839a61ef0dc559722e68d
1775,vlcsnap-2025-02-26-20h37m11s057.jpg,filename_date:2025-02-26,filename_date:2025-02-26,test,0b30d49247ab53224a5d161e5c9e5f508ebaa037ffbb25ce039b197294021aa4,c0cc68402ad52a9c6b49620be428d5e88b0af35730acc9a0e6526abd931b3c25
1776,vlcsnap-2025-02-26-20h37m12s641.jpg,filename_date:2025-02-26,filename_date:2025-02-26,test,6a410ea486f7c347e921563ecda669b1cc27446b487a5858681f48968ed83558,d58d303dd02d0a2a1f1425c59183755d2a2e97c3f9362f6c1eb9926a354fb179
1777,vlcsnap-2025-02-26-20h37m14s092.jpg,filename_date:2025-02-26,filename_date:2025-02-26,test,02bc6411870ab74103286db83b91d55311f17d3dc396f0b83857596a288219d7,553057f243111b9278e7e1c558f10e5917746486c5076cc7f055f61bd11276f5
1778,vlcsnap-2025-02-26-20h37m18s648.jpg,filename_date:2025-02-26,filename_date:2025-02-26,test,1451af3c4ba019a3ce13add02b9ba935a03f55524ac98b8ded73b820cbfb4ec0,54832c5b092dee10baa8864c371bfe338d06f839e80ee01dbf4caa43d8b4febc
1779,vlcsnap-2025-02-26-20h37m20s064.jpg,filename_date:2025-02-26,filename_date:2025-02-26,test,66aa3c653f7ac2c87441394f3ed1c1a0ff4a60ae4f3318457061f467794fae95,a2f92590909de046b95d986a35ea703adaaa94bd872ead25201f92af3c9ef071
1780,vlcsnap-2025-02-26-20h37m22s370.jpg,filename_date:2025-02-26,filename_date:2025-02-26,test,9c05e5be00f7654c77a4dc7fc09072ac9f76805127d93297231fcacc12ed7a5a,782c97413aaa89f4714c2de5b80e6eb64c4f8cb6114b17ff1da4719310c9e0ae
1781,vlcsnap-2025-02-26-20h37m24s099.jpg,filename_date:2025-02-26,filename_date:2025-02-26,test,729610bbcec9a8e0cd8b17ec5890634267e90aa81c6dd4f1c9f009803026e298,c2b081b662b9ce7a029b23985c49d1de3ed3acbc0197d5fe369560a31db04401
1782,vlcsnap-2025-02-26-20h37m27s384.jpg,filename_date:2025-02-26,filename_date:2025-02-26,test,73b09bdbdf184889f2824cc799284b411b8021ad4250656e4be03e88481f5bc2,1b72826cde534e375227238ce7553f848e63685e21cdac4dc94d49476cb3f116
1783,vlcsnap-2025-02-26-20h37m30s649.jpg,filename_date:2025-02-26,filename_date:2025-02-26,test,dc93250e826ca13d7ae241c056995e1aefc6a87e80e5fc4e64541e41b83e368d,b6a50e5ff50e84fd958e6e12a28881c83b01ffeae66d79f8a53754909cfded9f
1784,vlcsnap-2025-02-26-20h37m32s919.jpg,filename_date:2025-02-26,filename_date:2025-02-26,test,ef8d755f948031d268837ea8b6a116aadf7ec7bfc60f6b5d561d20ef63f48d82,ddf2c09902716d0076300cc6ea9f7bbbc96251f2119ef185de3f595e8b79bf0d
1785,vlcsnap-2025-02-26-20h37m40s378.jpg,filename_date:2025-02-26,filename_date:2025-02-26,test,8f5f9f0cd6dcbf5e1f09ba714f29ab052df32cfb0e0402adc9bf3c25997ab81c,6de28e7e8b8bf280df4b3da0b92dd20d9be5ea4a77de06b3f20760ed2181a245
1786,vlcsnap-2025-02-26-20h37m43s267.jpg,filename_date:2025-02-26,filename_date:2025-02-26,test,b2da84027b17ecc08b264d37bad2d7923888c5babef7a9fdc6570bd96dfd10de,17816ee94b082ac37d607c2e6e245b23b28ca1a7f93d2e4151ded1d136e33617
1787,vlcsnap-2025-02-26-20h37m45s607.jpg,filename_date:2025-02-26,filename_date:2025-02-26,test,ac28ef36ed33102d35de03d5fded81e4c9eaadbba360ff17ab44e3f0a95e4f33,76191cb6891993441f7e057ae1f31d027ffec7bd25d2a9e8e1a9d90cb6a62155
1788,vlcsnap-2025-02-26-20h37m48s454.jpg,filename_date:2025-02-26,filename_date:2025-02-26,test,a3b7b0cac3e629028fbe822816c452d15c7824c409850c13f65e33e7e4cb95c2,d41a135f967ed3b8144a8852a79f2d0f10d782ba03492b805e4eb387ec5ee48e
1789,vlcsnap-2025-02-26-20h37m51s079.jpg,filename_date:2025-02-26,filename_date:2025-02-26,test,975b8da74b36963da595f41600eec5c9091b8fe50a7b0c3cf4a534a54aee3998,fe1ca216e281e53a0e903f653c2c40fc64382adcabb0d8d2b25bba6a7147777c
1790,vlcsnap-2025-02-26-20h37m53s725.jpg,filename_date:2025-02-26,filename_date:2025-02-26,test,082f537d5f25bfc52d1486e468b3bbff982faa0fe5ef5af25748d1cb898506d3,6bb87ad6a142f3e6e4d89efa2c4ae05a712d036137176aa7a1485336ca99ec50
1791,vlcsnap-2025-02-26-20h37m56s705.jpg,filename_date:2025-02-26,filename_date:2025-02-26,test,1a6aba8bdf670e54b3e24fa1720b6085c3b4f11374533334b5a8031886a61dd0,fdf4952476355658f42dd7b6a89005768e319572e2fbe52704edd22c617e5e29
1792,vlcsnap-2025-02-26-20h37m58s129.jpg,filename_date:2025-02-26,filename_date:2025-02-26,test,0d0a88390259d7f11a4a4125feed6adf4d4f3e7c4047f7a36b9c2ec04ba0323b,2471787a8c6d45ae0274c322b84bec22fea093f47a3efad333ad77b27e7899d1
1793,vlcsnap-2025-02-26-20h37m59s545.jpg,filename_date:2025-02-26,filename_date:2025-02-26,test,6804d6805849e6e3fe5476d32a225ef4544773070e5f3399e4ad89756e8536ec,5526a5ed74d1dcc82b3a95f3b144dd50f0a774494e5929b4dffd0e61767d8e48
1794,vlcsnap-2025-02-26-20h38m01s129.jpg,filename_date:2025-02-26,filename_date:2025-02-26,test,0dc8d049d2bcb0bf557e0c555b1045541a1376cdecf8170a6c0b362d68ceb239,24aace9138f6aaafe5e0a4c22d7c38cbe1128e83de299da404f3c7db9b4b4eac
1795,vlcsnap-2025-02-26-20h38m02s518.jpg,filename_date:2025-02-26,filename_date:2025-02-26,test,3183260a6d93059c19a74b61110944326f5858c97ba287566c9993687b69bfaa,e377fefa265f24c8b2248722652384a0d65f437792748883be4d68656563ba5f
1796,vlcsnap-2025-02-26-20h38m04s406.jpg,filename_date:2025-02-26,filename_date:2025-02-26,test,cc5f0b6f8e8b0f8ea1e4732c0aa7fe8e69459deb6753f7e8e1a7a2136009d90b,385c2539fd7627721e28659babf8e294bf11b9ca824eb7f9d190f4f272b61586
1797,vlcsnap-2025-02-26-20h38m06s372.jpg,filename_date:2025-02-26,filename_date:2025-02-26,test,013b75846a6e2aa34f961f2b48244e47e3ab9141e09f14af5fc1ca29c537f76e,4e126dfd8fc8026df67590b7421fdcf350b3cd8abcd9ea1e04862aa081b7e210
1798,vlcsnap-2025-02-26-20h38m08s108.jpg,filename_date:2025-02-26,filename_date:2025-02-26,test,0c1c2a2e21f6e0e337819e77db0c103ef52e24d7e417988fab673dffb9a5c5a4,9ffdd7d0f27a65bc7826241c0b5ec943f3c8b642a91663bd0e913f9492ed9cd2
1799,vlcsnap-2025-02-26-20h38m09s893.jpg,filename_date:2025-02-26,filename_date:2025-02-26,test,99f86755ad9a6eb7506d7955a55d9a187a6484b21ca6a7f93e5cbe0ca3414c7c,6cd632d7179781f2c5063a1f692287865b8836325d4347a59930b21b9336cfee
1800,vlcsnap-2025-02-26-20h38m11s330.jpg,filename_date:2025-02-26,filename_date:2025-02-26,test,5d29096c6edbd69400113b9ce7cc63fe93047b05c978bdc96b9c6e65b5445d8d,7e5a19fc4f16948682cec0349291d9015b871b8376f2d6b73b513195879c9af8
1801,vlcsnap-2025-02-26-20h38m17s338.jpg,filename_date:2025-02-26,filename_date:2025-02-26,test,a9585040563d8b6b4a34cd0898e79e67c92098500124d9cac66f6e9ba0696e6c,2655711ee74e4ff18bfd1aa2a629319096694a5ed80a52636dd1e3db340385af
1802,vlcsnap-2025-02-26-20h38m18s850.jpg,filename_date:2025-02-26,filename_date:2025-02-26,test,0ddae62647dea8c5561f08e1febeddc58798b375d197f1a4d50ddcc004a0f388,f0b66190c79146ea9c791ed2774316cd7b00cb5590fb660129b51e618256d813
1803,vlcsnap-2025-02-26-20h38m20s232.jpg,filename_date:2025-02-26,filename_date:2025-02-26,test,08004c7c0f868fc13960a761a65f739747ce5322af312006a0631584945a1792,02dfa82ccfb191b2af95d5852380835e79b338a372ca4936d4ea81b8daeb68d8
1804,vlcsnap-2025-02-26-20h38m25s405.jpg,filename_date:2025-02-26,filename_date:2025-02-26,test,d4a4f5eb622ea4ac19838b6927ba24d9d9315718686f31df5604de53922a41aa,fd9ce29e61f65271dcabdc2452f43fe81b54bafe0779d6e5d30ffad60701ef1d
1805,vlcsnap-2025-02-26-20h38m34s783.jpg,filename_date:2025-02-26,filename_date:2025-02-26,test,20fb384a48e2ffe7dbeaad571ad47c05312e379a07afdea0da897ae3e7a92293,a72faec8a2671ca27268cecc324e322e9801df252b6a2d8a5e1f10b7666e9ee5
1806,vlcsnap-2025-02-26-20h38m38s031.jpg,filename_date:2025-02-26,filename_date:2025-02-26,test,0d6a89dda4ebbc75b8c9e98992375907855e3ea6c03a9bd2ade087c1bb49a017,b276952df80105eb649ef5c5ca2f7da68f26fffb748ec9eec5ba9960202c7c36
1807,vlcsnap-2025-02-26-20h38m39s955.jpg,filename_date:2025-02-26,filename_date:2025-02-26,test,8b082214386fd59d34de4f39447bd4b7b043741af865c2930c3d47040d0cb91c,22ee326fee35814ffa7211f27918880d2c4d4db201ea74adc6bf494b9bba483d
1808,vlcsnap-2025-02-26-20h38m46s623.jpg,filename_date:2025-02-26,filename_date:2025-02-26,test,3bc579061c27a9a0c48c6228199b4bf37c373eac9f367b91c41618b67dd46239,f103c87f3aebba84387fa0fd94c33a29d2eddafc5a930a887d5696c86fba59d7
1809,vlcsnap-2025-02-26-20h38m48s936.jpg,filename_date:2025-02-26,filename_date:2025-02-26,test,ad5b474c75556a570049415a873a8f9f460f929ee5bc552bf78ee768ae0150da,d3d1feeacecc1b6837cd0b70387b007ac1ae85a821a3df0b3b87a2636f33dc1c
1810,vlcsnap-2025-02-26-20h38m53s435.jpg,filename_date:2025-02-26,filename_date:2025-02-26,test,aa88e0713b9329e5fb08d363830000c28feb3b1927deb19f0fe90dc6ab10a799,e8aaf713be3e76d9a0f59146d8742fbeee988875cf894aa0261d6c30f14dae27
1811,vlcsnap-2025-02-26-20h38m55s351.jpg,filename_date:2025-02-26,filename_date:2025-02-26,test,e257c41fb2547a6015141b52de39c6ea2530cbfc65eb0adffc1e7a799f7dfb38,076ef10e137b26f607480063ab2816833084df63455f6c5ef09e4be4716908a6
1812,vlcsnap-2025-02-26-20h39m02s048.jpg,filename_date:2025-02-26,filename_date:2025-02-26,test,e2484842899965c2df032f21e86ac79288878c55db1eabe0364992e61edafd27,c9b212ca3cdb9602d13856c138adbf11c3d602a932d640aedb7468ed48ce6775
1813,vlcsnap-2025-02-26-20h39m09s118.jpg,filename_date:2025-02-26,filename_date:2025-02-26,test,f11adebc0b58417e60c2b718c674c92f0cbe53b6f72637c27199773e542eeb2c,ca7b593145f1ef9daa19019bc91fd533759cb4e72c6f0c503b0a188bdfc59126
1814,vlcsnap-2025-02-26-20h39m14s304.jpg,filename_date:2025-02-26,filename_date:2025-02-26,test,2777b220e0398caac52396120177cc3ff34893e2ffb2a8e1ecf43ab047bb6510,4dddee1bf4c60d53c3c2d50b1bc87ec913dcab523f280464e25908dd946bf0c7
1815,vlcsnap-2025-02-26-20h39m18s278.jpg,filename_date:2025-02-26,filename_date:2025-02-26,test,3d6489294efac00c107a4cc710743f69ba0a8375e2858410dd5d203ab5bad374,d0d24efb6bad258529da7cfa97a9b762862fed3781510de993f60f62fcaf42fc
1816,vlcsnap-2025-02-26-20h39m19s729.jpg,filename_date:2025-02-26,filename_date:2025-02-26,test,a6d64bce0ce67f452304d35276a8c7952e2546b4377d446d6ddf63b08a21abe8,f7d9dc49ac865b1a3fde4e4dfedf8d2ca386f28c45bd1129993139c8f6b8f4ea
1817,vlcsnap-2025-02-26-20h39m22s097.jpg,filename_date:2025-02-26,filename_date:2025-02-26,test,84c93c13017b6fd34df06fd1f292fbc85e3bf095b682d0cd38773a083c24cd2f,01b8665f0cfae919c63dc9c0c8687119693da0f825d517fd4c4745fe6edf7cf3
1818,vlcsnap-2025-02-26-20h39m26s993.jpg,filename_date:2025-02-26,filename_date:2025-02-26,test,473812a914152831bc267b5dfac511477ba0898d552ee6f35c1e8eada6f2d1a0,90853927c0b8660ba51b0f7399d6ebf5abeab6c8fdef89996d2fab12ffc34017
1819,vlcsnap-2025-02-26-20h39m28s485.jpg,filename_date:2025-02-26,filename_date:2025-02-26,test,cd9372659d6d95a94b7f38e58bf7fb30b2d90feb932b4b21719bd51b9117e355,522639e859a2d51433043570ab469a9949e6cff05f118bb5ab91dc3972354c24
1820,vlcsnap-2025-02-26-20h39m30s063.jpg,filename_date:2025-02-26,filename_date:2025-02-26,test,80c9efb370fced47cfe305d26abd80629978dc4a10f96ae505905ab510dd8340,d449c5b6a051b1778128dec95fa32eb44748184771b5abb5b039fb22908f8553
1821,vlcsnap-2025-02-26-20h39m38s890.jpg,filename_date:2025-02-26,filename_date:2025-02-26,test,e75e8ff92b5056edd351769e215b833106ad69afa3bf6cf77ae293d226aae67d,29674aaaaf7c396bd611ea9ab28986e03f325914f58412a0b9c29f36494563b4
1822,vlcsnap-2025-02-26-20h39m54s349.jpg,filename_date:2025-02-26,filename_date:2025-02-26,test,fdd6a4345919b0028dd469c35b97e15daf46a1c4fc06e14372f41c977cd262c9,deda2c352bf90e352a4aa1250fd1cf04613ca831fc88fe1d0203d33f840da3e1
1823,vlcsnap-2025-02-26-20h39m57s724.jpg,filename_date:2025-02-26,filename_date:2025-02-26,test,f0a64a0237271b9d89ea3f2623cbce0f64f178ba0f3834e315ac44e4c18cf430,dc1d3437ce10166c2c7a2b89792249312e85d5c4b718c8b05e05baf58c7b90c0
1824,vlcsnap-2025-02-26-20h40m04s974.jpg,filename_date:2025-02-26,filename_date:2025-02-26,test,76e30e1f78f9684cbcf870eb93f20b6a51a49043b0a72609df703ceefffb6e08,fed2ccdf7e8075a72703fc4141f5b5c60001c308b53fc01641bcb02c2b2e764d
1825,vlcsnap-2025-02-26-20h40m08s649.jpg,filename_date:2025-02-26,filename_date:2025-02-26,test,96b3260fac88696b7eb84c783afd3046afdcb4646883c258f4c48ab166b848dc,55e213a07787566630a71381982a68bb98165b1c1d3b6c78b0e55718b9b8c646
1826,vlcsnap-2025-02-26-20h40m11s502.jpg,filename_date:2025-02-26,filename_date:2025-02-26,test,1c92f75af354f35a00ee6f1e126ac9e89003bcc902ae65271e3199ea3dea71fb,5b9f9696b53169f9caa47a536e734163b6e9d7d49c847470ed7a653215216a83
1827,vlcsnap-2025-02-26-20h40m16s655.jpg,filename_date:2025-02-26,filename_date:2025-02-26,test,e48837bc872a701814828b7fa12ce8ef6f2a92fe709e55e571b7a79f70f0000f,6203d0d737bf98b7bd2d11498c9e2628739b3c2d56860e4fd05803b2bdddbd65
1828,vlcsnap-2025-02-26-20h40m24s413.jpg,filename_date:2025-02-26,filename_date:2025-02-26,test,bdb1c842223d65774b1451ce72aa028f2db0997b73bf66a57b018b75bf244e23,8ff796f1814d110d738c2651bf2f2378f8ab63ca570c2c351fcc6c85999056ae
1829,vlcsnap-2025-02-26-20h40m30s059.jpg,filename_date:2025-02-26,filename_date:2025-02-26,test,5647bf94deffc83f656f90a04a437304d722b017fe07710f0257a1f54e761868,1bbea4cbbff871d4f7cd91d38e14ad002e6b7c398880ea9a69201def25362641
1830,vlcsnap-2025-02-26-20h40m31s746.jpg,filename_date:2025-02-26,filename_date:2025-02-26,test,ab1039a8d8c4af0d2595649c66471d154e2b912109b295f42a6ec3bb420e28a3,4b027d231c6ab20c9cca7dff4069648deb145dccae85a2281dfa1b7edc6184e2
1831,vlcsnap-2025-02-26-20h40m33s122.jpg,filename_date:2025-02-26,filename_date:2025-02-26,test,c1d66625af35ce58a1d9369138273ebe669cb8b3f07225510ce97d692631765a,c11cc393e2682e7e304ce0fe84dc36ae3b0fcb3e6975a9e758984c902eb58e88
1832,vlcsnap-2025-02-26-20h40m48s337.jpg,filename_date:2025-02-26,filename_date:2025-02-26,test,1fe7a2dac208fbb33f346779348bfaa606f0f929e24774d36c9e9754a3f0f8dd,0aea15ab39ab1ec5a41fcbbd7375960d17df1363c94adbcd202c8d7d2eeaef42
1833,vlcsnap-2025-02-26-20h40m53s831.jpg,filename_date:2025-02-26,filename_date:2025-02-26,test,67e84065690c3dee5b6c240508a20c42d2329f78fb163ac55fd105f8d0a1e175,a9304a5cafd518c1ce038754e98b9a3ba1bdb6cb319638c6718a9a94f1db32b9
1834,vlcsnap-2025-02-26-20h40m55s588.jpg,filename_date:2025-02-26,filename_date:2025-02-26,test,e3e5d2c443617ce05831fb9dd80657c687da3a1aabea250037fc10dc1e691445,6849720a96b26673238c92084dc7c73ffb2e56ab58c7f10f85b1c2fc9b0abf82
1835,vlcsnap-2025-02-26-20h40m57s113.jpg,filename_date:2025-02-26,filename_date:2025-02-26,test,7ff6655328efaca4cae6a1d8141c31aa84a6c3bb3af4307394d32316f8a8a8ed,86ad74d50f64d4bea6dbf35694dbbfc308efa9dfd8ccb405b0df4f7ff238f90c
1836,vlcsnap-2025-02-26-20h40m58s977.jpg,filename_date:2025-02-26,filename_date:2025-02-26,test,af542d4aa0773dd8a4d69807d0afee5319ce12113c9eacb7ce3a6e4873fe84ed,aff75425f54bc98c1d0819aa178d6daac0405d38249e64ca6509f67eedf6b9a3
1837,vlcsnap-2025-02-26-20h41m00s579.jpg,filename_date:2025-02-26,filename_date:2025-02-26,test,bfb508fc454e53425ec2403115f9503a1964e67f53538b0ba6041d4211d5f525,3fef501c77b62522e169518409cc4840a7645e0f30c7eab24da57284740c854b
1838,vlcsnap-2025-02-26-20h41m02s345.jpg,filename_date:2025-02-26,filename_date:2025-02-26,test,dd20516aa363c72feb9949647bda721a712715dbba97c9bfa4a7c2d0ea0b2dae,1ee1804b2340a6d036d4deaea3582993c234c5d3490b2df2bf812ed7eb57bf1a
1839,vlcsnap-2025-02-26-20h41m04s067.jpg,filename_date:2025-02-26,filename_date:2025-02-26,test,94498b073144ef3740bc3e933ae324d002695a23ca9c977fe4a6636fa08172ed,d46a62a89ef712a853e2a61333bc415f27af4be4c9b8bd183a66a760310f4596
1840,vlcsnap-2025-02-26-20h41m05s748.jpg,filename_date:2025-02-26,filename_date:2025-02-26,test,e4b70d9048f872622c47a40bb3e90d7d4a309c4ee5b7a33c5079fbcb057eb3d6,8b45f5d571bf06c2771fdab14e812a7d2b4906b117a4aef7fe86e4a02a7377c2
1841,vlcsnap-2025-02-26-20h41m07s553.jpg,filename_date:2025-02-26,filename_date:2025-02-26,test,7482a77fd96cb0fc0867fba4fc2c0755730156b1a814207de3b07072115ea139,efea23dcb28d36d86fb33114e9c6cee7693df1840039da0bb65ffde9664c3670
1842,vlcsnap-2025-02-26-20h41m09s906.jpg,filename_date:2025-02-26,filename_date:2025-02-26,test,a1a398ba5caee8a5a711f97154286f821fbabfa582301bdbed5c94566b562091,ece05be34bdcffe681beb50169a06b9641d8752e727a96948dca25f02dc6e5d8
1843,vlcsnap-2025-02-26-20h41m12s003.jpg,filename_date:2025-02-26,filename_date:2025-02-26,test,f4b3a4124e12e723245f11a7091180927e26f3e75051fb72b91cb0d0a0eafab3,994bca3394190da16062aa79ba09cb5afe8cd269ffdc7c448bd99b33fd155afe
1844,vlcsnap-2025-02-26-20h41m13s574.jpg,filename_date:2025-02-26,filename_date:2025-02-26,test,814e59a7f750be7b420f938f2ab92e3acc8518a108a8ec4bcc9e08c0d27dcc0a,0193ca584aa07e65928abe88c69bbb75770dbd5fdf764e920fd0dd1803972673
1845,vlcsnap-2025-02-26-20h41m15s130.jpg,filename_date:2025-02-26,filename_date:2025-02-26,test,a80da062df5b930d46b91c3f50371913fdcdf9f569bf9e3ac997a3e9fcfe74ad,6f89292e668ad74cef0eae3922a20fe7c99fd9faf852d6af4ca52d2cb2e9561e
1846,vlcsnap-2025-02-26-20h41m16s845.jpg,filename_date:2025-02-26,filename_date:2025-02-26,test,592c8a89241f45926de06697ee8c5126a64d60b683ceb69b420dd41072d8819e,6e6258d069e3f9397b3af17f1c17bce5096ec9134a2516ad68d1e1864b5797e8
1847,vlcsnap-2025-02-26-20h41m19s505.jpg,filename_date:2025-02-26,filename_date:2025-02-26,test,c34a8f9ca94e56441ec26b36f2c3b8116482c2ec86eb664edb74bbdfb4d50aac,96503936bbbbe40b39d717d8298c8fb390a4fd9362ef4b6274d4d743cb47086c
1848,vlcsnap-2025-02-26-20h41m21s505.jpg,filename_date:2025-02-26,filename_date:2025-02-26,test,8664aa24e0a923f7e1057192064b4a1ef5a188be410f9b53aa3484c8ae5da09f,0ddf1419abe036534c856fcca2b18cbe6ff970e4bae0cf4f420bbb34f9bf38e5
1849,vlcsnap-2025-02-26-20h41m23s874.jpg,filename_date:2025-02-26,filename_date:2025-02-26,test,5e494f6d6d8a3bc6e6f9ccb072e9abbb4976c0a815d4b651ad975837503c1f6a,1a46d731706c5acf63f97e7ffbc66c18a9c8323a2a79bbc4e160f043b70d34ed
1850,vlcsnap-2025-02-26-20h41m26s769.jpg,filename_date:2025-02-26,filename_date:2025-02-26,test,b55d816ad82368c1966f22297fdd22fca6edf66e9c95480b5489cbc2f1cab187,31e372cdbab6f1819f35239d70ec0d0d13ced1ab90c5a50b70cbb5cc85b1fc1b
1851,vlcsnap-2025-02-26-20h41m32s686.jpg,filename_date:2025-02-26,filename_date:2025-02-26,test,c279fceb212dfff58966ca14c63509e65011d0a2c08af60ec04a8d0b78924fb3,eee9f9412c583d484beb1e29df8231fb110a8bda96a5132b8048dfa55dfe38a9
1852,vlcsnap-2025-02-26-20h41m36s103.jpg,filename_date:2025-02-26,filename_date:2025-02-26,test,556b034c8da983a60ddcf2e9b4f507a705366254c01ce554866ad893e3537bdc,bbe424ee56724f16ae2932dea66bbb3d4b61e876a4038a24e473fcb015b68aed
1853,vlcsnap-2025-02-26-20h41m39s388.jpg,filename_date:2025-02-26,filename_date:2025-02-26,test,de96275cd735657b937551e79aa693b882a3fe1b17984521d5c2843920df4ec8,a57b90fd030c62bd6769e63d138aa24d230e422f7489d95f59dcc03faef35fe5
1854,vlcsnap-2025-02-26-20h41m42s229.jpg,filename_date:2025-02-26,filename_date:2025-02-26,test,e0950f35c978921b240142161ff0eb8380a20053b807c5b7393322d8f8d74ca1,a7e15f74e91ebd6b86392231f87af14eebac30613799f44cfb0e5a2ed1ee6e3f
1855,vlcsnap-2025-02-26-20h41m48s826.jpg,filename_date:2025-02-26,filename_date:2025-02-26,test,f99160ad10dd92c28841e98e13efde6b43f71155baa98dec878628c17b2a5e16,d26cbf24fd9bd393c7f74ded72b244f19ac0e1c06eb7143748c0e0a9f3fb2cfb
1856,vlcsnap-2025-02-26-20h41m52s021.jpg,filename_date:2025-02-26,filename_date:2025-02-26,test,3f10988dedc7c4355242a09563fa142b2d167dada75e11cc29813e408dae7863,1a47480e3dcc5cb5803cd0859aebe4bc0b3bb8bda5799dc9d483c0df20ff5694
1857,vlcsnap-2025-02-26-20h42m00s262.jpg,filename_date:2025-02-26,filename_date:2025-02-26,test,94ea78f9bf6d8adffad7a924ee25807dc7c11cbe59b6182af2d827d89956c159,592cf803874106c1a21e3793486188771378b6de431a7143d73256f5e4377aaf
1858,vlcsnap-2025-02-26-20h42m08s749.jpg,filename_date:2025-02-26,filename_date:2025-02-26,test,e700172b16ed50db4d44ee2640edc78101e2ec66633ee9923e347a55b2ef34e5,7f289b2d8fdd259d2a024b49a34c03e79a1220a8c736a4d2b6852de40d1204f4
1859,vlcsnap-2025-02-26-20h42m12s695.jpg,filename_date:2025-02-26,filename_date:2025-02-26,test,6df40c810bd5ee7eb2f43030d086aaac06e98c155e1175dc612cd02dce04379e,cfa1c0a6c13994912b3cbaff823386c272266a923c7931ec30fd3bd24588900a
1860,vlcsnap-2025-02-26-20h42m15s464.jpg,filename_date:2025-02-26,filename_date:2025-02-26,test,ac0f55de423b87172c9ad84ed2f675c690ba3960f9b1932bc94116aecf64dd94,5d1f1f9d37290e3072b3e5150eb47f9173f0e0d9e1abcd3a39fca7451aad16fa
1861,vlcsnap-2025-02-26-20h42m24s605.jpg,filename_date:2025-02-26,filename_date:2025-02-26,test,ce7bd9759a4359f11480d6bfd5a941def855659dc777e7212a26cbdd9169fd2b,cc3ef993f2421d7698b2d91159c08c1ed8ef2eff2e6a006925ffa918e3e86ae3
1862,vlcsnap-2025-02-26-20h42m27s062.jpg,filename_date:2025-02-26,filename_date:2025-02-26,test,5cce2c200ce5327b12a3a407781a0875f05d221285fc88977efc59051e426a98,bde8b433b56ff88a1f66ac92960dd2e6e5ca60794d096ba512302cee61fb6688
1863,vlcsnap-2025-02-26-20h42m29s611.jpg,filename_date:2025-02-26,filename_date:2025-02-26,test,68c9bd2336668c04610656dc10c729a1ee1bd8b78ffe6f6314e0d36154552097,dc6417b884a5587c3595a1461b1159583f684687e1df0b8219913015de32bd2c
1864,vlcsnap_2025-03-16-15h13m26s028.jpg,filename_date:2025-03-16,filename_date:2025-03-16,val,269388ee41156459efa8c23f5acea247bfefaf9bcee5ec2939824eb634584ecd,ba603fce0554931b37a50e1e4b6e5b61437721eaaa3ed4216f972213329f2697
1865,vlcsnap_2025-03-16-15h13m51s947.jpg,filename_date:2025-03-16,filename_date:2025-03-16,val,5aa3bdd5c07eaf1c5854101ed00c92f273c476ca412a6e496b399815f63271cf,5a8899d045ed77b8f778ed7b1cf1821c9dd59d02989a88f331011ec26a6e87d8
1866,vlcsnap_2025-03-16-15h13m58s251.jpg,filename_date:2025-03-16,filename_date:2025-03-16,val,f9095fbc35291062f29e0d326cac2cbe99c1e8cb9f8c77f936669ca7ffb4925c,0dc70a2ec6c290e617d9d11e7837b624b7b510abf2a82907339913e85c13a551
1867,vlcsnap_2025-03-16-15h14m02s970.jpg,filename_date:2025-03-16,filename_date:2025-03-16,val,7c73ec16e3a06d253f4df0395c21edbfa6a55e8e53d24416a98dca71adb5adc3,41e41c09aeb04209c38a815d44114dcac08ebbb638840f45a755b36e12a76d20
1868,vlcsnap_2025-03-16-15h14m11s414.jpg,filename_date:2025-03-16,filename_date:2025-03-16,val,f2a67e76922382310c0851f7c4b02f26c17d22b216f4cb67b4300c3deb9f0030,f55397cf26d2034ad5a946fcce1ca4ff6b6a46ce00bb4c9bdb8fd89873ed880f
1869,vlcsnap_2025-03-16-15h14m18s210.jpg,filename_date:2025-03-16,filename_date:2025-03-16,val,42c2bb4c169632dbca167d893a272fe40f357c784295e8e7d1393ea9659588f0,ea2bd5f73526ad5a6e2610f99e2784a416e4316b09aecd5ae6793fdcb3803d6a
1870,vlcsnap_2025-03-16-15h14m35s770.jpg,filename_date:2025-03-16,filename_date:2025-03-16,val,465f1137daf1ce20b26581b18744bff14c2dc0484fc3015768468663cff59c7c,723bf069a9ff46264feb619714a94a8eb49117528c3c2b2047c72cb1f7fda311
1871,vlcsnap_2025-03-16-15h14m38s784.jpg,filename_date:2025-03-16,filename_date:2025-03-16,val,2ff06a1ef346b01d7814ff446e4a79f76e9b11176423244a26872d616ca40331,548f4e8141a7aaa0c51bdeb1f3fce3e481e7938fd0f6b082c95f55a5343cdb18
1872,vlcsnap_2025-03-16-15h14m41s830.jpg,filename_date:2025-03-16,filename_date:2025-03-16,val,02420667cec32a47cafe18621f7375b592ca846101770a991b03fe8314b7298e,a90ef02319b00b17ef3f82b1da40e513ef7536ed9204265101512b398837ba0f
1873,vlcsnap_2025-03-16-15h14m47s822.jpg,filename_date:2025-03-16,filename_date:2025-03-16,val,58bd2f67871b8586ed7106597b28f52252c22dc3fa3594f32dfbfd98167cdd93,8642df93ef9aec6fbd200e79dfa15c4315e956c5da074c82ec97e9aba5f0d6a2
1874,vlcsnap_2025-03-16-15h14m50s746.jpg,filename_date:2025-03-16,filename_date:2025-03-16,val,d249066139266fa270aa383fd3b27368b4c39e6367d00eebb38fd5ea1a99504b,3eaf3bdd2d6dd039ecf87abf98064dbf9a0348862bb100cae5bf6d03005a1c8a
1875,vlcsnap_2025-03-16-15h14m53s345.jpg,filename_date:2025-03-16,filename_date:2025-03-16,val,be1b30527f3af9f09c4d2544053eb9ff41f5f995cce31ef1a3c33488a52280a6,589a1863209a155d58f77704dd85db7b2bc2c3c8a88d9899de463ae5ff60e3d8
1876,vlcsnap_2025-03-16-15h14m57s465.jpg,filename_date:2025-03-16,filename_date:2025-03-16,val,01b2808f1f0c55cb97024716e82ee57091963bc0229e887a86ed1c8e08b0ccf3,e22d75582b110ad0e9b20b64d8413a9d0d375e34eb3f17fb37cb5da644cc16f2
1877,vlcsnap_2025-03-16-15h15m01s204.jpg,filename_date:2025-03-16,filename_date:2025-03-16,val,36f2c3438440a682fc48018a9aa5afe678ded4295d7c1b7e98eecd95fb41ba9a,0d71ebac76b117d3dd83e099165160fcdd257cc3d4b612f4cfd178850ad7f525
1878,vlcsnap_2025-03-16-15h15m07s464.jpg,filename_date:2025-03-16,filename_date:2025-03-16,val,2a364b374d06b2e8c4c3f93785125875c8eca2a65857bf7b41dd5135f8755100,02299a957073257c30a102563e7f9a19b4f7dfb0eb17d582480d9c8d624e964b
1879,vlcsnap_2025-03-16-15h15m10s018.jpg,filename_date:2025-03-16,filename_date:2025-03-16,val,962ed78506206c875238bcb2e45bc9e1287fed6264b6a8d70afcf63c67ce2160,83ebbcb662f9ddc1206749cd5160b7b597a8b981b5fed5674ac9583ccba47af2
1880,vlcsnap_2025-03-16-15h15m12s496.jpg,filename_date:2025-03-16,filename_date:2025-03-16,val,ce54b0e1ec4ecb053f0db918b6d5e54b336ef2d5f4ab95fcc5be29f6f17bc954,6b94e494bceedbe025cf349720d14a48991679af509cd57e26c25f95034ff966
1881,vlcsnap_2025-03-16-15h15m20s219.jpg,filename_date:2025-03-16,filename_date:2025-03-16,val,1bcf008eaf04c3f912d3bcc532b295d1335d7c163251cd22ae862770745bf2f2,b4f7ce2d200003aa956ca67a4956093af5e6c6af647b529eed56cbab688793d1
1882,vlcsnap_2025-03-16-15h15m22s387.jpg,filename_date:2025-03-16,filename_date:2025-03-16,val,e32af2cb33f0915385d7b5affe67c77e4ff3cee790429595c63cff7336b3085c,f50bbc0d66cc9634ea10c169ea660415d01946f774120628b4b3323ffa4a324b
1883,vlcsnap_2025-03-16-15h15m28s804.jpg,filename_date:2025-03-16,filename_date:2025-03-16,val,4a1168b751ea6928fca4570128a97de6a693ee2e9bad40f709294cc06c75a556,f28289657f4b73f96be6a93c5b338d7ecefa13796ebd3ac6792bb9b8578bbc7c
1884,vlcsnap_2025-03-16-15h15m41s480.jpg,filename_date:2025-03-16,filename_date:2025-03-16,val,72bcc1dc48de2bfdfc887d753b6b919e046dbbeaefa6035248c7ae29d50bde11,2a2a00f3de60f3f7eba91b25e39ad7a30405bf127ccf19c19736e50a7096d0cd
1885,vlcsnap_2025-03-16-15h15m43s873.jpg,filename_date:2025-03-16,filename_date:2025-03-16,val,d2cd6abfb352dbb3e4e7ffa64217ae1169dde3dd4cd60477a375a25afca376b2,a7c94a468985a0e1d8d48274d76ce482397205f273731e1b71d121e9585db080
1886,vlcsnap_2025-03-16-15h15m46s340.jpg,filename_date:2025-03-16,filename_date:2025-03-16,val,fd3b7f4bf7ce1423f5bd0dd38093306cd936d1f0777671eb3f7babd0798562e6,8d2e42db25069bbd8ccc473cdf2ad68aeaf8db331779c736a147b6085c4916f0
1887,vlcsnap_2025-03-16-15h15m48s964.jpg,filename_date:2025-03-16,filename_date:2025-03-16,val,339e8182acb72b0759db3fe88c83b709efd303eb4e85a0280bb59e5ed25849c9,df9745e856fad069cba9c1cb69de37f30fad937cd0a055627f4a8cca1739ca26
1888,vlcsnap_2025-03-16-15h15m53s196.jpg,filename_date:2025-03-16,filename_date:2025-03-16,val,1b40fedbd64759e35038e2695c47b6845e516cc120e23c58f7291825de044fe6,cd98257cd0b8075fb796d88711cb5c785d84a0398b224fe284cc5208d5066ac9
1889,vlcsnap_2025-03-16-15h15m56s199.jpg,filename_date:2025-03-16,filename_date:2025-03-16,val,7ed42f918318e39867e05585a24b6aa2fb657ff26d6748d6eeb4cfdd8eeca7ba,915098310921841962f1f9f012ea05739c688a72abac3986d3e20e4e6dfb7f5d
1890,vlcsnap_2025-03-16-15h16m01s326.jpg,filename_date:2025-03-16,filename_date:2025-03-16,val,83b275ab2f4f6d74a649279aec28619e0f0b23662ed23455a5ac95e33a1ef5c3,6bce576a40a6913be945e55f8c61789be8e1829ca0eb333787ab5bb7d3039927
1891,vlcsnap_2025-03-16-15h16m29s650.jpg,filename_date:2025-03-16,filename_date:2025-03-16,val,0daf2a86daba6871d12a4e788a9fec59dab1d2878a34375b93930c5c5cb395bc,61058852ae132ecc3182aa967d5ef6bbe9aa237d19aaed6e565a5b26873ad6cc
1892,vlcsnap_2025-03-16-15h16m34s670.jpg,filename_date:2025-03-16,filename_date:2025-03-16,val,93ee17e3203b26f36344c7fad33ad5398fde74fa34564d29d40150141f6f80ef,92d3c1ab2670bd8016a8639ddc99773e8eb26fc3898638028f3f97240e8bd811
1893,vlcsnap_2025-03-16-15h16m38s387.jpg,filename_date:2025-03-16,filename_date:2025-03-16,val,cf5af937e423e2cf49323c1ffd54c6bd38035fc5584150fe21480a1e0af31dad,2852e65db7975603dcb5c5b7b53051293ff5a69916a6400da46772fa5430d01c
1894,vlcsnap_2025-03-16-15h16m42s905.jpg,filename_date:2025-03-16,filename_date:2025-03-16,val,ad7ffc034d57ad817e5a379b31ad6d1e0403348e2ebc40e9c850c963e6931549,f8cf51e64f6cd78dcab9bf90ed67e5e7cd6fa0530b2c94e3cb0c221af78036ea
1895,vlcsnap_2025-03-16-15h16m59s824.jpg,filename_date:2025-03-16,filename_date:2025-03-16,val,7dedb1b9e628ad1a6b9bbcfc341d3518af4fc23c55ae64ae0d4bf7a221023939,e5891552711e287f370f4ffb7eba2e2180dbd96d315788023f160ecda97c509a
1896,vlcsnap_2025-03-16-15h17m03s874.jpg,filename_date:2025-03-16,filename_date:2025-03-16,val,dad2086f1552e63830b10d4fe586caaa2b3a427a922b210c120a51b2d8d67fac,3f5baaf0f950f376d592748177ea5a6ff1a0c5f034d7a960d0590785352f9ef3
1897,vlcsnap_2025-03-16-15h17m09s290.jpg,filename_date:2025-03-16,filename_date:2025-03-16,val,322c518530c1718c8bf2d63c3a4205bcb5d665a8639426b2166613b06d484a5a,7da9974c9f949c4aace063dd7612fcad6f04073ab6b473d2de97fb8ba4f2eb75
1898,vlcsnap_2025-03-16-15h17m12s949.jpg,filename_date:2025-03-16,filename_date:2025-03-16,val,c796163ea35987b2722951937e8008b91bf82053fa61bbabba615666985c7dd8,676422f0f1a326b582d0fc5551852002a7da90c20536a4c2d2be9c9ea2b892d9
1899,vlcsnap_2025-03-16-15h17m18s760.jpg,filename_date:2025-03-16,filename_date:2025-03-16,val,57c9ae3b4fb1f6768108fe3441d815f16d1131175492ba514662bdea73b11a37,4ba4c8031794a50f77797bf25d65077bd35d0ffb7b5bcf99768c0ebd0b5d6581
1900,vlcsnap_2025-03-16-15h17m30s232.jpg,filename_date:2025-03-16,filename_date:2025-03-16,val,d107d795ef17a076be72abf321c18b716e0047e0c33212e5c55b2cfc2e4dcd88,76dcf4a928ba2b8aa6731d2332fa1dcc56a705fa16d1cdb77bd5d73878c12d7b
1901,vlcsnap_2025-03-16-15h17m51s254.jpg,filename_date:2025-03-16,filename_date:2025-03-16,val,00a150eebf351f0d83ffd7621a6b6e20d6b001c9aebb6592a97265f18894796f,6e36100464a88ee9849630194239d06347b3e48fcd9990fdc74fe784312fb5e9
1902,vlcsnap_2025-03-16-15h17m57s358.jpg,filename_date:2025-03-16,filename_date:2025-03-16,val,c4091087d2572299ab4b64fd4f7d2b849f203c67d5122a55d3842ccf08ff5e74,a3df3981b1fd5d812b9bc288bad902a78063fdbcdc68e1841151c37fc9f53a21
1903,vlcsnap_2025-03-16-15h18m22s918.jpg,filename_date:2025-03-16,filename_date:2025-03-16,val,08977d747faee72a3c7e601e1741fc8ffcc0744e95d9f89f5cc0e3cbd7092326,81ac2df5967a1df8241912685ba72dc30ef9acd426e6d26e03c48dbc43baf640
1904,vlcsnap_2025-03-16-15h18m28s053.jpg,filename_date:2025-03-16,filename_date:2025-03-16,val,adcb401759dd69d7efefacda5673c22727511e288a21dbbe46fa5f3f1a2fed20,6d1ba3109db38cd364db34b78967dc7d0b220d5ff4f38413ed453c98434fa404
1905,vlcsnap_2025-03-16-15h18m31s059.jpg,filename_date:2025-03-16,filename_date:2025-03-16,val,d20fcdb3da968449146c7e0a4b75969d23bdd179c08ee17c7909df31cbcade28,9b77b8869cb4ee00fdd006ca95b0ff0af24ff6f6edf6e262d5e52dc1ce3c9a6f
1906,vlcsnap_2025-03-16-15h18m34s046.jpg,filename_date:2025-03-16,filename_date:2025-03-16,val,f965e5558de41a7cbaa506b26ebef6a9ae92fe968250b600da2aed1fc67d02c7,20f055ad76927dfcd07fbf4174e0f81355ad71bd99176768e6418b95b6c30fba
1907,vlcsnap_2025-03-16-15h18m37s334.jpg,filename_date:2025-03-16,filename_date:2025-03-16,val,5cac22b764d21d66514c09a382267dd358b10b852087b490af3b48c3db236d36,13ca13b9173ebc4d6f3e1a4f8176ba1b0471cae8f5c69f04ecb79962e51f3954
1908,vlcsnap_2025-03-16-15h18m40s531.jpg,filename_date:2025-03-16,filename_date:2025-03-16,val,30c1e09eb5bd5869bf60469b184bbc84ef164b07947b1c54c598bf33c833f038,5328b3f2d2f14998eaa59ca55b4c25325651818f3058e1bed0176836c2fc1bb8
1909,vlcsnap_2025-03-16-15h18m44s104.jpg,filename_date:2025-03-16,filename_date:2025-03-16,val,2735982677d8978806802ceb46df14705353a29f2749993bf2fbd09ac00c3166,3a81941157fc1dd0748f9a387b12c3ef04108c89db59e0f8cb7ad6d682d3fc16
1910,vlcsnap_2025-03-16-15h18m48s028.jpg,filename_date:2025-03-16,filename_date:2025-03-16,val,993776ff56a4cc6d2065be892a4060a2f81fe1609d2db402c842b45350e77d11,01dd6083bcbf0aa226f395c0e984275b013705c8374c031d43d9fa29e6121e69
1911,vlcsnap_2025-03-16-15h18m58s066.jpg,filename_date:2025-03-16,filename_date:2025-03-16,val,ae7c0b49cee523ef3331f1c3fcf2b634e9515ebe4646100b4cf74325b458ca61,990ff7540cc9b9de832ac59093367a79d99f5d4992956e99ae06e88fae805b2b
1912,vlcsnap_2025-03-16-15h19m02s496.jpg,filename_date:2025-03-16,filename_date:2025-03-16,val,7c7836b023b8d36b4ea854963efdb5401670b7205fbf85cdd2bf91f8b8853ac2,0299d9de0c2c5cda7264f6188329f32f48af51216f4569aa5c53028457cce6e9
1913,vlcsnap_2025-03-16-15h19m04s832.jpg,filename_date:2025-03-16,filename_date:2025-03-16,val,5f9435052ed38d9d70e48b9f09b968b49fb2912d8870b0325b3350623d53c18e,d6ccbc6376c51fdebb0e2b3ade2ec5880a1efbb10e8db73d4ca5dd02268ad14e
1914,vlcsnap_2025-03-16-15h19m14s872.jpg,filename_date:2025-03-16,filename_date:2025-03-16,val,93e43e7d9f0b34540945900b9fc02b3756a497a5bb3e6d4a889f5e58e5d789ea,b80e8232bc4566158d7152df6da572415267b13fa520c7cebdf18d250ba25d14
1915,vlcsnap_2025-03-16-15h19m19s343.jpg,filename_date:2025-03-16,filename_date:2025-03-16,val,f2bdc5a7b4081939e8375745beb03041ac776827154ecca3fda7d4280c7d47f4,2d5418cb7ed802e76e0ef045e7dbf77145f2385791889b073f7ce376804caf6a
1916,vlcsnap_2025-03-16-15h19m36s147.jpg,filename_date:2025-03-16,filename_date:2025-03-16,val,400c3345ec42665dce3278a3b73cb1542a2cb82150cae27286821d115e842dda,0bb2e0d013cecb5192d5ebfc01f225a1f3babdc64425c84fb9758fc7e9b65be0
1917,vlcsnap_2025-03-16-15h19m38s185.jpg,filename_date:2025-03-16,filename_date:2025-03-16,val,816f9e43ccf3f2524d3db5ae4a763a61d1cb8ff6efbd8fb56236becba45ac95c,f818f40059ed5528b2b23c9dfc9d4a0eb840a5b38d45e4710bcc8917d4ba707b
1918,vlcsnap_2025-03-16-15h20m14s119.jpg,filename_date:2025-03-16,filename_date:2025-03-16,val,2c71b2a115552e82c8dae63e56630aaf5791cd15f459df4e45710e1ab4879d6b,82f6b199bd1acc93af676a4f95ebf367421e99929382ecb949524c433e3939c3
1919,vlcsnap_2025-03-16-15h20m16s505.jpg,filename_date:2025-03-16,filename_date:2025-03-16,val,76ec35dfb66ee696a13aa2e052db60ae8cc5b0151feb2f962eb4367359c00abb,df81d8382e9a3f5abd829d08349f4f200193eb2142f2d7588e0e43b7ac4ae18b
1920,vlcsnap_2025-03-16-15h20m18s580.jpg,filename_date:2025-03-16,filename_date:2025-03-16,val,cdfef22e7d219eedaeb60e5419b6562cafefc602ba1e74c1ff62dcb299ad3430,bdb8fbf54a7e5e56db5aa55876bbbbe16851c1bff03baf3f88ecf630d407bbfe
1921,vlcsnap_2025-03-16-15h20m26s297.jpg,filename_date:2025-03-16,filename_date:2025-03-16,val,3dc187717f84d4721943c18cf42c2d4a8947157fa7edb3a12204fac02c929a37,18d2d9c755b93c9554a1ac75150a3045431a90c81faa01221afa0af8abd032d3
1922,vlcsnap_2025-03-16-15h20m44s788.jpg,filename_date:2025-03-16,filename_date:2025-03-16,val,3b5d1408065b278eb69b0456a749137fab05ca289ffd5e57751eaba433ee6f4d,609c6982c498f1451423025d8cf00642dae65c0897cf38e26934a8a703d8ce6f
1923,vlcsnap_2025-03-16-15h20m55s801.jpg,filename_date:2025-03-16,filename_date:2025-03-16,val,2c4f01692206100e80e37c69947bfa9740129c40c70a9a6ffa0fe40322be8611,22617386f3e120984bf6ebbb08012a9c3b5317c1a5d6ce77e6e25ddd1a11f7a1
1924,vlcsnap_2025-03-16-15h21m03s270.jpg,filename_date:2025-03-16,filename_date:2025-03-16,val,734c8de17ef23dc0b8f52557e3f8bbc49d427676acf9b068dcd962ab2800f46a,b8d6f23547d4277b53bdcdcf7d7a97cbe54fef0340e5af6ebd668a36d84e6433
1925,vlcsnap_2025-03-16-15h21m07s952.jpg,filename_date:2025-03-16,filename_date:2025-03-16,val,99f3554a2eceedd005612e95a1752fd2cb11030ddb126f424fa4dd0b1a804e5f,6a44427b9684ed276f2b2c3bab0f66f2c38fefc281d2aa4527ab0004f185bd6c
1926,vlcsnap_2025-03-16-15h21m10s336.jpg,filename_date:2025-03-16,filename_date:2025-03-16,val,2e622c7c9d97b2d68c81bea51f69086decca6ed51fb06b2c1630b058404fc4c1,2256a7810ce2a2ae8aa3579489944f435910aba8467facd8512b48523de4d84d
1927,vlcsnap_2025-03-16-15h21m12s648.jpg,filename_date:2025-03-16,filename_date:2025-03-16,val,0c6a96f434d53436ce7f2a0845aa6f74bf173cf508a00c640a785eae7a829096,9510593a370f450787960575497cf28a628f271901b2817b3033ea1d98ffd8f0
1928,vlcsnap_2025-03-16-15h21m15s314.jpg,filename_date:2025-03-16,filename_date:2025-03-16,val,da283787c247d6d35d86cb0beef60ca66318e32fb13cdfa845b28661e0fbe4b7,85b467d52d6408ae6e55b241bcbfc763ef9a705a57f360911bcf9c86f9ec3c90
1929,vlcsnap_2025-03-16-15h21m17s354.jpg,filename_date:2025-03-16,filename_date:2025-03-16,val,4b6f68f99dd7d0b65eda5f38e6a8cb2d7c572e7065b0bca23bea64c4b5c402fe,b69d85fc2440bddc41e0acf4d88bdc9000bf0243eecca494735f70479d32ee0b
1930,vlcsnap_2025-03-16-15h21m36s825.jpg,filename_date:2025-03-16,filename_date:2025-03-16,val,bf0ecf2c7f89420ec0219a5f3167fa0cf04ebd696b09473f66c14cfbd9a08315,effb96f04a12200b0a5691d2c908ad62e8f1611edde7952d0bc355e3e547583a
1931,vlcsnap_2025-03-16-15h21m43s351.jpg,filename_date:2025-03-16,filename_date:2025-03-16,val,cf62a5645368a77fd33295b839cb817f5e55651cfcfe2f89a52eb0611c184e1a,c5538b613fa00f31db18a880623c925470beb738558d442ca345abf9b67ba6c0
1932,vlcsnap_2025-03-16-15h22m01s049.jpg,filename_date:2025-03-16,filename_date:2025-03-16,val,fdc485b9ae43bcef58d7b4d8f532c745ba3003ee4c2905484f93be3d84f87586,b17186a303ca06b3085d84d3bffcc2ddc2db703f32ad839c8a7bb29d69834fa9
1933,vlcsnap_2025-03-16-15h22m08s603.jpg,filename_date:2025-03-16,filename_date:2025-03-16,val,94a05a64f48e9b3a8bc16969c99b1ea42e11fde399ee405e0fc62a6d389caa7e,88bb09cf41251b874a193102f32923ec7b56d1d3e06d33ef132ef5c1d956fc0a
1934,vlcsnap_2025-03-16-15h22m11s370.jpg,filename_date:2025-03-16,filename_date:2025-03-16,val,0f41b5d102efd9688212d4cbda8bacab4726f07e746f5094323c948c9919825b,4e76942a8b03a8e9dbef0af59e80ea54b06cf3eefea1c0c8a9fd6b27f677be0e
1935,vlcsnap_2025-03-16-15h22m16s436.jpg,filename_date:2025-03-16,filename_date:2025-03-16,val,1b5aa16c8a7b813c1ccba0b75835fd32e50f89cc78a9bce6eb07d5df178b46ec,681d93616425f506470e5737594bdde1b776dcd33f70c3db1392a335b34ee78a
1936,vlcsnap_2025-03-16-15h22m31s634.jpg,filename_date:2025-03-16,filename_date:2025-03-16,val,946b322f801e145f476a5c5952bfce367f05efd1acb40805a1a66ad2d2e2dfae,c01debf2ec628194f149115c43424958bad9673d4814892f864d490e80c2dcfe
1937,vlcsnap_2025-03-16-15h22m34s484.jpg,filename_date:2025-03-16,filename_date:2025-03-16,val,2162e55e394c45d4b87eb2e803609956e5770533baea1345b95da428a609b707,8e819e4a57af2f46a603b38160516735a517f0c553229ea9b083f556d540a921
1938,vlcsnap_2025-03-16-15h22m36s804.jpg,filename_date:2025-03-16,filename_date:2025-03-16,val,49288a32244b98e6267915c9039053090ddd9e19d4866908a77ac4ff344a9d7f,244c55e2e16a870bcbb0f991b13eb8458f331da2686107c7d754ef839b0ab366
1939,vlcsnap_2025-03-16-15h22m39s725.jpg,filename_date:2025-03-16,filename_date:2025-03-16,val,b223404e3d0ad3ecab209085be9b1d92a01f914e9db6622334ce9383ca1b139e,2aac3a716aff5901d2eb3c24f6c37849e6e2b343e305096299841d24c3b328b0
1940,vlcsnap_2025-03-16-15h22m47s973.jpg,filename_date:2025-03-16,filename_date:2025-03-16,val,61361fa2ebb6bca3007fbb742b965b99c4e8da4d729e1abaaab6cea018cc06df,216fac655f6f21d7d592411e9497c0553f539fdd98860b7897b0e36518b341bb
1941,vlcsnap_2025-03-16-15h22m52s597.jpg,filename_date:2025-03-16,filename_date:2025-03-16,val,e30d30d65c9db861fd4149b7de3f715f459c8d57da1106bfd6694e5450260e6a,1d1b7a2563b18b56872b4750d39885acc0fefd4e1472972a4a620d7d78a25007
1942,vlcsnap_2025-03-16-15h22m56s835.jpg,filename_date:2025-03-16,filename_date:2025-03-16,val,49aed6142dd4a921dfd9224ea82127776036277be10480650814dbcf80f1ba39,1e96bfadf341c1b0b30848d232efccb8bd2201837b432c7161800426c259a15b
1943,vlcsnap_2025-03-16-15h23m02s200.jpg,filename_date:2025-03-16,filename_date:2025-03-16,val,72d6bc795a146a356700312e6b33eb21e7c10e9ce512f4fba5693a60e8c6bb34,a5ab395c226e369df9bf4edbb1d15e55bd3ea11c01743ebf289e7e279cc20f34
1944,vlcsnap_2025-03-16-15h23m07s115.jpg,filename_date:2025-03-16,filename_date:2025-03-16,val,855b7874fd0041c7106489ef3b314900a27fa188ec0630fe7610fb1b507aa24c,4ac1bb045bf7f96f0235fdc3880e1d79009467daebd808f1369b88ffc8040193
1945,vlcsnap_2025-03-16-15h23m11s550.jpg,filename_date:2025-03-16,filename_date:2025-03-16,val,d62baaaeb1c1d0878d3db782195ded2b81852cc72ec9a5416d63d9b55a366152,d3970bce5902274e347055ebd326ce5538e9d5c9b73c37a5d1bd8acc8f91e752
1946,vlcsnap_2025-03-16-15h23m19s209.jpg,filename_date:2025-03-16,filename_date:2025-03-16,val,b89f4cec039e85948dffe471a8fc80cd51d3e09bdd097f2da027ea46746afa9c,ec3acde9afa8b1d2851d67d6fe8afa1d5e46b5b94cd2d5aa81be14262834ee26
1947,vlcsnap_2025-03-16-15h23m37s639.jpg,filename_date:2025-03-16,filename_date:2025-03-16,val,8cbbd15a4af7d32ebb6e1daded8ab88186250a894e019300e916a3af1a9480a9,65e709161616a0dda7364041edf8ce14932b089e2314cc3d6802c9ce5959ba27
1948,vlcsnap_2025-03-16-15h23m39s997.jpg,filename_date:2025-03-16,filename_date:2025-03-16,val,20bbe7d6ff5dbd19a02ce4e1efa95ec4f9bd147ff0791032db487afd9fc78d5f,ae79855a2dc92bd4480b98e84d092f3d4c3573fa73cb2753337ba6c1840f130c
1949,vlcsnap_2025-03-16-15h24m05s533.jpg,filename_date:2025-03-16,filename_date:2025-03-16,val,f43bfee54deebccfd4af6a5a1250dd2250a6bda7ad8cba5d18687280912de377,c8b45289776d8df81d6b53b431f3440f11adeb84b3e10586860672de2532676e
1950,vlcsnap_2025-03-16-15h24m07s428.jpg,filename_date:2025-03-16,filename_date:2025-03-16,val,6cd6be9c68ec01aeeede0b0cfd60c4c9b6502d44299c80305989835abafe1ed9,b830ddc6598212aa961f6ebfd7bf14cf0cc925e30d19f7242ca1e56193bb49fd
1951,vlcsnap_2025-03-16-15h24m09s426.jpg,filename_date:2025-03-16,filename_date:2025-03-16,val,8d92c473306f7aec98299b0da4555db4f3512db06c01b9ff72094fe7b7814bcc,dd301afdbc7072cc178b1b4317571023deafc88818249e437f50bf4ec92fe493
1952,vlcsnap_2025-03-16-15h24m14s150.jpg,filename_date:2025-03-16,filename_date:2025-03-16,val,f292cc16a1880b90d5cd1a3d675e151c686fe215b3c3bd2b615faf69f097d5b0,383e302dfe0c0bb0cf0edf2126910d7bc92ed76d2b47c6d56088e01be88dbe61
1953,vlcsnap_2025-03-16-15h24m17s765.jpg,filename_date:2025-03-16,filename_date:2025-03-16,val,a1225285155776fb4f5d60036ad6241b2f1cbe249fded528589827cf1b1fcc03,96499228be0334c296085070cbc88fc502de8a27c4e98f63fe21051f3c5d2cde
1954,vlcsnap_2025-03-16-15h24m20s121.jpg,filename_date:2025-03-16,filename_date:2025-03-16,val,ac27bd294c03b02229000f2ebc75379e4a3f5b05901ba985ba87aa2342817471,f061f11b93d3161ef469b172fe4e782b18873073844c74473e0e48028ccba39f
1955,vlcsnap_2025-03-16-15h24m30s982.jpg,filename_date:2025-03-16,filename_date:2025-03-16,val,b6dd32dc8a6bf242437d14e8c311bc4e34da7867ca548b71b0e0fb1816b3e0a4,9c725ef45372363da7ba23ef19c560cb3a997a7e536d896cdedfc003a5286241
1956,vlcsnap_2025-03-16-15h24m49s137.jpg,filename_date:2025-03-16,filename_date:2025-03-16,val,75d35e5c2fabb546697275797e8b9be081b8b30cce21bc6ff26015cc3f030963,0d426501a7002dd4e8871e4b487b6074a16c4366d9ed99a1aed3d7819d08672b
1957,vlcsnap_2025-03-16-15h25m06s492.jpg,filename_date:2025-03-16,filename_date:2025-03-16,val,d3caa17356e460d51d7613e59e15b9bad7405de2af0042026d32cba0d7219b71,8eef3b09e50ea19c3673a391e1b9980fb4170b0abfd85bf56b979035c5eff282
1958,vlcsnap_2025-03-16-15h25m12s708.jpg,filename_date:2025-03-16,filename_date:2025-03-16,val,9803e5f92e3458f9ef2c4e3576a8d94de9a91b21d8107606097d136fb39c41b8,7e1ba3927da53662de3686b9abd8296613b5d851b3745949dd6b47c4247b43a8
1959,vlcsnap_2025-03-16-15h25m20s407.jpg,filename_date:2025-03-16,filename_date:2025-03-16,val,e97a1c8ae6a733581edd4b2346ccf1b0d358d5734da8410d74445c2ec662beca,22df15e22170b7963004af056d27b5fa8f1f4ad18f14cc777e6f87a3419c2adc
1960,vlcsnap_2025-03-16-15h25m29s245.jpg,filename_date:2025-03-16,filename_date:2025-03-16,val,b573d21de45995f28711adb8559593674895fe17ebbf32e35b0419c45ec5c980,058fb429ceb85cce5d934357df34fbef0418088a911f744ca849f2b9d721950a
1961,vlcsnap_2025-03-16-15h25m32s867.jpg,filename_date:2025-03-16,filename_date:2025-03-16,val,dc71f2177a7cc9019eb1f4a042ad638d029df9f09e34ef67229ad1398b1e835f,ceab767055819825eeefc32a7da08c483a2200d9279ba0420e53e00adc9f9440
1962,vlcsnap_2025-03-16-15h25m38s657.jpg,filename_date:2025-03-16,filename_date:2025-03-16,val,a31d6bfebbf355287d82671765800c962d85c7977030c439a9faa9508b643d38,f7d53bae96183434453249236b3120cf543696db77688e59c6bafb7cd5abb62e
1963,vlcsnap_2025-03-16-15h25m41s482.jpg,filename_date:2025-03-16,filename_date:2025-03-16,val,b429b3926c8d6c1731f578bff7c5b859693e086e63a001c30e200e631dedd441,c4d304ffd74d1e38cc4095067f1c57dda10efd4b1f6758fb008d4432dd28f001
1964,vlcsnap_2025-03-16-15h25m46s232.jpg,filename_date:2025-03-16,filename_date:2025-03-16,val,9d281ca24c24aa211e370ba9022317e8fd56725364bf9498a6eb3c2f6ba5033f,bd95296faac49b3e8eba9286f3714a0504c3a473abefd833c9eec3952529248b
1965,vlcsnap_2025-03-16-15h25m48s797.jpg,filename_date:2025-03-16,filename_date:2025-03-16,val,a49c68271332a17567499d2d2f3b8143acc20b0a81e56c59f2b4e337c8f7e64e,47d3dfc5f8b61137d7a76fd0bf672e6d456564f5b4951bb75eca9795cdb03261
1966,vlcsnap_2025-03-16-15h25m52s056.jpg,filename_date:2025-03-16,filename_date:2025-03-16,val,087313cf0bc4c42010c958d1b2740427e6d99631aa407c82bbe972a5a8f9671f,5f37e3a02006878138e09d5bf11472c495a0d4220666529e683939e39b503f5e
1967,vlcsnap_2025-03-16-15h26m01s816.jpg,filename_date:2025-03-16,filename_date:2025-03-16,val,1ce41c36e0a01d6b66547449f941fe9be2741e5dfc06ab6a70de628f82695ef3,32a065bf9c248ed88eaa9a3c723f910c6a2de0a60b47e66ce866bd003b55f1af
1968,vlcsnap_2025-03-16-15h26m08s358.jpg,filename_date:2025-03-16,filename_date:2025-03-16,val,60da0b245020da9a8f9f9ad9de46dcc6c3846653bda6ad09f41de7e764eb0e42,95dd86fc34f4a335fd1dca5dc82c0616dc1b04a54cf2ff21e71ef206868250f2
1969,vlcsnap_2025-03-16-15h26m11s215.jpg,filename_date:2025-03-16,filename_date:2025-03-16,val,41f86abab88ef21333dbaa35fd83565e57194c59949826ebabbd1a947ef25b98,7da236984483bb2939ac3189ec9a27bd1a99bcf8c047a54f8b5483a4bb149388
1970,vlcsnap_2025-03-16-15h26m23s112.jpg,filename_date:2025-03-16,filename_date:2025-03-16,val,3dab378618006595297f2d00b74bfc3e29fdecdca0813671d7c194467ff7355a,43c5a83c11e0079c0361b72b9c49631eab422e9df3c786e6064ddeabc7ff6075
1971,vlcsnap_2025-03-16-15h26m30s066.jpg,filename_date:2025-03-16,filename_date:2025-03-16,val,b96d0cf973fdba0187983c2a87f73b3198908266773f78751ae7e32ed00a7f10,a84882728b09adb483d6dbf89b02e70b9cb225c5ebbea254c74c9fc42c38103f
1972,vlcsnap_2025-03-16-15h26m43s387.jpg,filename_date:2025-03-16,filename_date:2025-03-16,val,5eaa0543ed948576c4b1bcae0e788ec79204aa93ef603b86122126583e0f5a2a,6ea55f2002d7260bdbadcddd3b7cfca32cd4c73f22d6488f1a4e527047d04fe0
1973,vlcsnap_2025-03-16-15h26m47s658.jpg,filename_date:2025-03-16,filename_date:2025-03-16,val,fbb8e5c6005eaab3875a77e8694c251fc8ab2199d1d86147568663e32b89f1b6,b8eac00d73e9e09a72ed6218d92ed6f5e2a7125ed459650c3fd8ca23fec72dff
1974,vlcsnap_2025-03-16-15h26m50s403.jpg,filename_date:2025-03-16,filename_date:2025-03-16,val,9e26d9d6b63e166a3387a02ce0d74e0bc64014997668779e1b8f4ed3be657ae4,80aa49ebfb5f3ba03c8425a724e4cbce3106aafcd546552cd6306ff6aa9a98d5
1975,vlcsnap_2025-03-16-15h26m53s008.jpg,filename_date:2025-03-16,filename_date:2025-03-16,val,7eb6b1a9046a34db1d56c144fa17a628d409d304b096f1b74d1a23b03455ce67,eb45893d4adb9febdad1edc17f7a207c7b0d52a2fc0e39af1970fb468b2e58c2
1976,vlcsnap_2025-03-16-15h26m56s149.jpg,filename_date:2025-03-16,filename_date:2025-03-16,val,9eb4d777cf7b61c01dfe8852e463a788bd8c7f28f9312bdd0843a6a08ab43f52,411c5839bb51c91e2786139b8980c2a573d492502088e6a6776a1438d2127c24
1977,vlcsnap_2025-03-16-15h27m05s043.jpg,filename_date:2025-03-16,filename_date:2025-03-16,val,5b1aa8a18de577742424034e3914a7980df7b5a07e68ff13efc6c8ec065276fd,94e622ed518e784208663eb6a9809483ad31012f66602736a98ac26e2887db9c
1978,vlcsnap_2025-03-16-15h27m39s157.jpg,filename_date:2025-03-16,filename_date:2025-03-16,val,59dfdfefc1315c310e42e135b845914d9954a74ae083061857ad398477bcea09,479666b79aef66a612f871c4a7665361abdd353471a25b6fd97147937b4ab429
1979,vlcsnap_2025-03-16-15h27m45s917.jpg,filename_date:2025-03-16,filename_date:2025-03-16,val,6bc6addc66deb7010f98e9c6883782dc9f32651edb041c276aeb82219a21fc40,d5398939b92ac45af5252b671999d0f7f219a6f6196d3da4899ad49286adf9f6
1980,vlcsnap_2025-03-16-15h27m52s423.jpg,filename_date:2025-03-16,filename_date:2025-03-16,val,5d9f6a6a999b09a4be62edf0117b231f31ba072fb69ebf04d80181317b0bcd24,929796965e485496370de2e85bcea63f2626bd0f68a5165ef29fac080f8c102f
1981,vlcsnap_2025-03-16-15h27m55s536.jpg,filename_date:2025-03-16,filename_date:2025-03-16,val,46b15e837d672077fbb6dd1568650060ce00693a0ae622162e9421e8a78f6ca2,02c055b502660a703dc17c1f4c0de683920cf9d75ffef1c6192192d79781f161
1982,vlcsnap_2025-03-16-15h27m59s027.jpg,filename_date:2025-03-16,filename_date:2025-03-16,val,3b790c1f5daf185829510e31ac889913c87050a7e8ea3b91d5a8394901b9099c,5ff9f9f7ae3536b93f29db4e393896841939bb6500e850acc71ad419a85bac36
1983,vlcsnap_2025-03-16-15h28m07s931.jpg,filename_date:2025-03-16,filename_date:2025-03-16,val,dc5d529ed9720dd19aeacb4323f94245b5f5d52c39b590a2292cd771a5537418,4c76a7565fc2fcf549ec2945282f5f1f589f0aeac1f23aba22040e1e274920b4
1984,vlcsnap_2025-03-16-15h28m11s518.jpg,filename_date:2025-03-16,filename_date:2025-03-16,val,68354fb1cda7079dcd01241615ca0ebe9dd7943fc636984cf56adb2d8d053095,d7133164b2c576935155ea579b8788323eff2d479535fb844e605e5b83499535
1985,vlcsnap_2025-03-16-15h28m13s605.jpg,filename_date:2025-03-16,filename_date:2025-03-16,val,ef662a1aca1a85f78989c47619b548e979e375cb1d25900b3dbc00dc84f1553d,655ad13d2eeb9dd7ef91e48c9c4db21d22484b7609f28014fb4e36006b74ddcc
1986,vlcsnap_2025-03-16-15h28m19s121.jpg,filename_date:2025-03-16,filename_date:2025-03-16,val,c222dd400b98eea098abb75793a98edda4b2aa11305047426153491cf376c1c8,1201c83836cffb607b276f330561c55ab3c3de34594fea40d5f1ef862a280f20
1987,vlcsnap_2025-03-16-15h28m26s987.jpg,filename_date:2025-03-16,filename_date:2025-03-16,val,4dac898692401fd574c7e12cc2bf9769b36d84d767b0a205f983fe0e50096a04,7cee34dffa16f16e67a6f31ea37bf18db04aebe6341993c51b99ec5a2722bcdd
1988,vlcsnap_2025-03-16-15h28m40s088.jpg,filename_date:2025-03-16,filename_date:2025-03-16,val,1e7fb3615cce1f228e8ed9c2c4219ab8f9ab152d170905510d67a734f6beccf5,59becb29a27b3ea1ac226eb8f060b2c16cf31d4ab7fd129c665ef71bd58dd38a
1989,vlcsnap_2025-03-16-15h29m04s511.jpg,filename_date:2025-03-16,filename_date:2025-03-16,val,fe6af9a441981ea773a502878edd8676e9b120e9da8b3bdaaba57c2e6c66add3,eb1f5bb5c0a64e80749a8eda9773152dbe791390058785a689230630286a0bd8
1990,vlcsnap_2025-03-16-15h29m08s982.jpg,filename_date:2025-03-16,filename_date:2025-03-16,val,13d673e219f3b107adef38b36f3ec45290eb469dc4008606c6ba04beff469c29,660cdfcebc140177cfd489e2f2e3c26b6db377b97776420eab7d5c920693ad6a
1991,vlcsnap_2025-03-16-15h29m54s028.jpg,filename_date:2025-03-16,filename_date:2025-03-16,val,de5adef20731682a92482e7a1bff3085e9ae667de8fe44528bcb6565aea2eb71,c0e2d53ec6244ad83165ae1a0fc7f35d61396672e34fd567d6f197ee75d20264
1992,vlcsnap_2025-03-16-15h30m10s410.jpg,filename_date:2025-03-16,filename_date:2025-03-16,val,4f59508c118bc5d95882b3a75513e5ea4a198c1c699c83b26f2d69130bdb673c,ceee14eef93ce45eed2d27599487d574feb20f3cc86c680de612d293a60a9ce4
1993,vlcsnap_2025-03-16-15h30m23s580.jpg,filename_date:2025-03-16,filename_date:2025-03-16,val,0eacb1f13d537891e28f60c1586ae85063cfe9216d927181c271afa143a7aa06,22cfea9da82a60739d50081793c03f92f47be3ffece2ee1303133fc49600a776
1994,vlcsnap_2025-03-16-15h30m26s004.jpg,filename_date:2025-03-16,filename_date:2025-03-16,val,0c03f9ac42c4caf100c94ed94edc70853d0c9701b6854a210134f35ca0ed263c,f4cc6787c19cb509a5be8cb994660e9377cc1d066fe0ad971fa36fd6211b5c19
1995,vlcsnap_2025-03-16-15h30m27s923.jpg,filename_date:2025-03-16,filename_date:2025-03-16,val,9ae87a948d2ac09fb5e4874e7ff72ab7a88f6dd2c5149d573c14df7f982c7a1f,4c1fab1f63e0051c4c215a370da73dcaadc0476128de1b1371b2819b1b620794
1996,vlcsnap_2025-03-16-15h31m01s683.jpg,filename_date:2025-03-16,filename_date:2025-03-16,val,ce115992a4a0f7cd6fc60c1fa5a1a524c0036812850a86d8d88f9c3fc1454f89,64a43e29f1a7843f42f21ddd3f333fabc68e0bf05a9a92c603c0c6d4e8dc4056
1997,vlcsnap_2025-03-16-15h31m12s715.jpg,filename_date:2025-03-16,filename_date:2025-03-16,val,cb9409e547df4bb1648f92a4051d7a32ba0ed1866708f4f0c7310fe9b1c6d904,0711610c1cf0733adf93f66bf4122a4652d082accd46f20265b498388dfa0381
1998,vlcsnap_2025-03-16-15h31m38s257.jpg,filename_date:2025-03-16,filename_date:2025-03-16,val,d36e10a8555c0b6b2c2aa5064e60b372094c066dccbe79d7e659dec53d8e4029,96be84a6a695587450d9a0a72433eb4e4c907644a41cbcd8dd044926a8f20b70
1999,vlcsnap_2025-03-16-15h31m42s236.jpg,filename_date:2025-03-16,filename_date:2025-03-16,val,c434f0f730ff93c39333c13cc452ebd657187e4168b3300ce0b88cae1d9f27c8,96b9a4bdbbeeccd0d5b10ecdd58ed1b0819514366c5fa3b1647ebcf7fedc92e8
